review_id,text,rating,date
7bc2cbca-e51a-4d55-95b5-7551c6dcb8b8,"AJio's fabric quality is very good, office dresses, festive dresses are available at very affordable prices. Personally...But the brand tag of some products causes a lot of problems for returns...",3,2026-09-10 11:33:04
2225cd15-0fcf-45b9-b6c9-f306ef9d6ac2,nice,5,2026-09-10 11:30:50
b1a7554e-52a8-490c-89c9-1d5ed3aa6438,good app,4,2026-09-10 11:26:37
3d95c1da-8d24-4fa8-9922-51e57e988972,superb,5,2026-09-10 11:03:42
6a32dc85-107f-454b-985f-7d2aab2afc6c,Good,3,2026-09-10 10:40:24
e128ff8e-f116-43bc-bba3-69b00aef8d30,really bekar app 0 star bhi deserve nhi krty . her product bekar hai return and refuse kro to penalty ka option aata hai third class app,1,2026-09-10 10:34:14
33bf39b0-4259-47fa-809d-91b251c3d9a5,nice quality,2,2026-09-10 10:31:02
a61ebe41-eed6-487e-a8d5-fab83c551e4c,-0000 stars just using money. I had ordered 9 watch. they had sent only 1. after one month they return money. after contacting several times.,1,2026-09-10 10:10:54
ade6e63d-76f6-4f8d-acce-cc94273f065d,ok,4,2026-09-10 09:59:01
2c4101dc-bbf9-40f3-a3c2-e82cc0e2b692,shrawan Kumar ashiyana Nagar bigbasket hub,5,2026-09-10 09:53:33
d1f35a44-9c35-42c6-9539-c6c1b7c0148c,"never ever buying from ajio. Neither do they deliver within the prescribed time, nor do they have a proper customer care.",1,2026-09-10 09:33:00
e12c357b-90a3-443e-a8da-faddba2c1052,excellent,5,2026-09-10 09:18:27
d5950d4f-fa42-448d-ac43-182042a8c6e0,"The share button never works, if you cant even design a properly functioning app why are you even selling products.",1,2026-09-10 09:01:59
da18bc21-5d1a-484b-9713-597ff4ae8c60,good,4,2026-09-10 08:56:08
a9645573-3bc5-47a4-aa6f-4d4460b7f335,no good,1,2026-09-10 08:50:53
458e903d-9826-4f5f-ac66-ac60465932c0,best platform for shopping,5,2026-09-10 08:46:27
6cadc49d-28ab-4110-83ab-1e2020bce642,very good 💯,5,2026-09-10 08:42:53
9d9732a8-ed6c-42b9-9359-1bea3fdb7893,good app,5,2026-09-10 08:27:14
f60123e0-f174-4499-a2d6-e75a77242991,thankyou,5,2026-09-10 08:23:33
10318196-a6b8-42a3-8cf1-f781a2521310,good,5,2026-09-10 08:21:41
9bdbba87-b5a7-440a-aad3-ed6ab9b7c41d,🙂,5,2026-09-10 07:53:42
6d4734c1-b8d1-4d9f-afc2-a83f8c43f626,good product,3,2026-09-10 07:39:48
76d13992-9d3f-4671-8d36-20c54556f329,I like it,5,2026-09-10 06:49:30
8c7d12b9-e352-4119-8536-dd8dc9ca21c4,excellent,5,2026-09-10 06:21:09
bf8144ac-9895-4705-b5cf-19e02f0bf8f5,super 😊😍,5,2026-09-10 05:49:39
a38b1bff-28dc-4d68-922b-acad0b33ec44,nice,5,2026-09-10 04:25:32
4e74c941-f54f-4b38-b60e-040b72c59a8d,superb,5,2026-09-10 04:22:47
307fc6a5-8d34-4af9-abd3-3f4ff0d2f888,very good 😊,5,2026-09-10 03:29:20
9bcc53ba-b45e-419a-beae-b8b716068783,Nice 👍,5,2026-09-10 02:53:31
be570dd8-177e-494b-bae9-5948702c392c,"ajio is best in delivering the worst products the worst experience with ajio in last 7 orders quality, size, material etc all comes secondary i received a top that is used so worst",1,2026-09-10 01:53:37
b50f8af7-aaec-4980-8a87-f15d24f74f3c,good,4,2026-09-10 01:00:23
395b3fd3-eda5-47b6-b464-bcff1d7789d4,gud,5,2026-09-10 00:49:04
ba721338-603f-4e66-9c3e-f8f15fd83e2f,good,5,2026-09-10 00:39:05
d4d1955a-f0a4-45cb-b642-b832f94f08ea,noce,5,2026-09-10 00:35:43
52122bfe-dcf3-457a-a9f4-1174aba9f4b3,good,2,2026-09-10 00:14:34
5e3e0951-6299-4f58-820f-94c89d6c7ac1,platform charge too high,4,2026-09-09 23:38:59
98d6e46e-e258-494b-8a8c-b6ec0e4dbada,good,3,2026-09-09 23:29:38
e500bdf2-5b89-4e39-bb82-abe9ff83f43d,good,5,2026-09-09 23:29:24
17296c7d-5204-4174-8c9c-57dcbfd1dd73,good 👍,5,2026-09-09 23:22:15
510af7c2-104d-45af-9573-da89bc36135c,"I like it, thank you",5,2026-09-09 23:21:30
e078037a-5eea-4c10-978f-d7446c7519b8,ok,3,2026-09-09 23:17:13
198b732b-5550-443d-a015-1ba17daa1587,good,5,2026-09-09 23:11:22
9597efc7-d71f-4007-8f04-2da5a9f65822,no thanks,5,2026-09-09 23:07:20
7ff07f09-54de-4091-86b3-46ce9806faf9,"The latest version has made the app feel much more effortless. Downloads are noticeably faster, but I’m equally happy with how stable everything feels now. Previously, syncing could appear during almost any action and leave the app completely unresponsive until it finished. Stopping an entry was frustrating too because the response could take several seconds, and that delay ended up being recorded. This update has removed those headaches and made everyday use much smoother.",5,2026-09-09 23:00:13
4e9540d3-53d0-47c5-bb74-c909088e2fe3,bad,1,2026-09-09 22:43:10
ab80923b-feee-412c-ae8e-97dc55f595c3,nice product,4,2026-09-09 22:33:59
02827fa8-04ae-4068-a6d3-ceba2bff5c27,Good,5,2026-09-09 22:21:28
01f2c3f5-766e-45f7-a02c-50945f41d042,good 😊,4,2026-09-09 22:18:45
7ab01d77-91fa-425d-8953-c80229953f5b,nice,4,2026-09-09 22:17:57
013ac827-4728-40a9-9f87-1329a5be5218,good product,5,2026-09-09 22:13:15
b03aa872-2f18-4db9-87b4-650e70939a3b,exlent quality produts,5,2026-09-09 22:10:40
fbe9a481-fc6a-4473-afad-debf638387b5,good,5,2026-09-09 21:58:15
379bfdb3-dc23-4476-9ed2-20cada6e39dd,I order first time so i don't know but ajio is very nice app,5,2026-09-09 21:47:05
8458915b-a049-407c-9663-0729ca5359cc,They deserve one star cuz there refund and return policy it's just a fake,1,2026-09-09 21:34:33
8f263fa8-0924-4557-8785-f70b8308cf58,good,5,2026-09-09 21:29:50
67f21681-2114-4620-9499-34029be62e3d,good product in this app worth for money,5,2026-09-09 21:29:21
924c87cd-45ff-4f75-9bb1-fa3d9fe79cc0,super,5,2026-09-09 21:20:59
19f10512-8e5a-4dc4-9ec5-0d191f266cfe,nice order,5,2026-09-09 21:18:04
6f5c8396-0eb2-4522-8aab-f8c930f66082,some products may be jesa dikhta he vesa bilkul ni hota he copy pis or alg colour k parcel received hote he,3,2026-09-09 21:01:51
f126e9bf-d3f6-4a24-bfdc-55e47e42d241,great app for fast delivery and quality clothes material,5,2026-09-09 20:49:25
b9423d3c-723a-472d-bed1-d21a68f9f317,ek dum lolu Application hai bhnkilodi customer support bhi or inke third party delivery partner bhi bhnco ek dum chutiyaa hai koi kuch order mtt kro,1,2026-09-09 20:35:56
bbb2ced4-a1ff-4046-814f-1ade5fd45b47,branded products,1,2026-09-09 20:31:50
743335b4-c1a5-47c8-a91f-acf948d114a4,good service ajio,5,2026-09-09 20:24:20
d39ecbe6-2945-4fe1-b8cd-5d44900718c6,good,5,2026-09-09 20:23:15
841643cc-14ba-4a35-b529-e570896db878,best,4,2026-09-09 20:21:44
1623b422-11bf-4dbf-b587-7bb1bbad2344,good shoping app,3,2026-09-09 19:45:05
482d5082-7553-4ddd-b178-d4cab1d467d9,The collection is so cool and unique I love its collection so much,5,2026-09-09 19:44:27
9a04e88e-e6a2-4173-a91c-8a6492d34b2d,"AJIO se shopping karna sabse bura faisla tha. Kapdo ki quality itni gir chuki hai ki paise barbad ho gaye. Inki customer care service bhi ekdum nakara aur vahiyat hai. Agar aapko quality aur service chahiye toh kahin aur jayein, yahan sirf pareshani milegi. Shein jaise apps isse kayi guna behtar quality ke kapde aur kam daam mein dete hain.",1,2026-09-09 19:40:38
f92237f6-eb80-4639-8185-c8050459e2f1,"Worst app I've used till date. After accepting the order, it always delays and extends the delivery date and cancels the order itself at the last moment. This is the worst and stupid app. Never shop with this app. It's a stupid app.",1,2026-09-09 19:33:34
52e02360-7a2f-49b9-8655-6e951e4c3459,please remove delivery fess platform fess,4,2026-09-09 19:28:11
f4285a4c-b88f-4d09-a7bc-caca9b8fb43e,worst shopping app I have ever use,1,2026-09-09 19:17:58
e7a6515c-c800-4da9-a880-71b328f4d2f9,"i dont like the product.I ordered 2 products from you, the fabric of both the products turned out to be useless., to tell you the truth, you are not even worthy of giving a rating and on top of that these people also charge for returns.",1,2026-09-09 19:15:59
df14cf6e-f41b-4e48-90cf-03ae67443862,Fraud,1,2026-09-09 19:04:58
4a85f61f-142a-46c1-b26c-043714dfb8c6,"service is good, products are amazing, and price as long brilliant😎",5,2026-09-09 18:49:23
442bccc5-5efc-4723-aa7c-e3bcaad36945,very good 👍,5,2026-09-09 18:34:38
666904aa-1cc0-48d0-b12f-76a403ff0375,very nice wonderful 👍,5,2026-09-09 18:30:05
b0568b62-5ff4-47dc-aefe-997c56523e8c,Greta experience,4,2026-09-09 18:26:48
2f65ef8e-fd1b-4671-b117-3b397045d6bc,wow,5,2026-09-09 18:01:00
b689efac-39a8-430f-8258-cc13d1d1285e,nice,5,2026-09-09 17:50:42
2a55f313-ef52-4bdd-8f72-bcbf427abb9a,good,4,2026-09-09 17:35:21
3b140251-1b63-4ace-9270-4a7993261883,Nice 👍,5,2026-09-09 17:34:13
0b7456e9-21e7-4661-9315-1b41100d9fd8,goid,3,2026-09-09 16:40:11
bf15863f-dc71-4de0-86b5-5a8d485c30e9,good night sweet dreams take care PV p,1,2026-09-09 15:43:21
19ecd082-3426-4220-b78a-7396b6897885,Good 👍,1,2026-09-09 15:14:40
1fcfb521-8bc3-4f6e-ac11-52e2229eb74f,superb,5,2026-09-09 15:08:51
352b72cf-6e13-4252-91e7-7b611b8b8da9,nice app,5,2026-09-09 15:07:06
b89f2289-a831-407a-8656-f213c5035b0c,great experience for shopping 😀,5,2026-09-09 15:06:20
8fd5f0cf-a89e-4d4e-b536-84b5c1802594,👍 good,5,2026-09-09 15:03:04
1ecfc0b8-0f04-4527-82bd-84a15fff0f0b,very good,5,2026-09-09 14:53:57
c17a2bd6-17ee-489a-be36-f2252c18db8d,nice,5,2026-09-09 14:53:56
9a4bdd9a-655a-4087-99d5-98a390ad9c7f,good,5,2026-09-09 14:49:27
2f629e42-eb7a-4bfe-873f-eb3e31056d00,good,2,2026-09-09 14:39:00
feb206a4-d26b-4301-8194-40932782e689,cash on delivery wanted,3,2026-09-09 14:18:56
98edaa44-1f57-441b-b0aa-7c01dc54ad59,super,4,2026-09-09 14:01:57
c1bc8750-7c1f-4f3e-8be2-225001a2bf76,great experience,5,2026-09-09 13:49:53
b880b092-fb94-4753-97d9-a5d5b916daed,good,5,2026-09-09 13:23:17
0239597c-9d6e-43ef-bab6-82a4cda8718a,good,2,2026-09-09 13:05:53
c99189bc-8887-47be-9bba-ed3d9baab43c,super,4,2026-09-09 12:59:19
39e6941d-07d7-4045-8d97-e5b6d9d519eb,i want to give 0 star but I can't because I was ordered us polo underwear a pack of 3 but I received only 2 and it's not returnable and refundable and when I complained they are saying after 3 days that your all products have delivered 👎 worst app,1,2026-09-09 12:53:53
a58c2255-097f-47f5-b4d0-ddaf2bc8b913,reward points credit cards not accepted,1,2026-09-09 12:51:16
2bfd9c94-09ad-4201-9910-41f1e14d73e9,very good app 😃👍🏻,4,2026-09-09 12:47:08
13842398-6de6-46ca-a3b6-b5499b9f1bdd,Nice shirt,5,2026-09-09 12:17:45
6b0cae19-c35a-47e9-be90-1f59cd070200,poor delivery,1,2026-09-09 12:03:42
201eb6b9-3430-499e-a96d-3c3edd75f6dd,I returned my order and they took the order and the return was automatically cancelled and i didn't get my product back or not even my money this is a very poor service for customers In future i didn't buy anything for ajio .,1,2026-09-09 11:53:29
ba9faa64-f8f5-42b7-b828-16f9063fa952,good,4,2026-09-09 11:33:19
7bb29c0e-d98b-4c78-b9b8-f0231b7e1ae7,Good,5,2026-09-09 11:31:08
93c5582c-49da-4e97-b79f-241fc183a524,good,4,2026-09-09 11:29:45
7ea493f2-7f7a-4e63-8098-f08fc67e864b,ghtiya. app . aage se kuch nhi lene wali is app se,1,2026-09-09 10:58:27
b47859d5-a0b0-4dc2-a7c2-d38ca2069c83,good,3,2026-09-09 10:46:43
6bdcf7b7-51a0-4fa9-aa26-293cc1f0101e,choose only quality 😊,5,2026-09-09 10:19:23
9cc751c0-75ae-4e00-a1c1-c6c15e82f882,hopefully,4,2026-09-09 10:18:40
daf4c26d-7162-401e-ab34-30839c80e69c,okkk,5,2026-09-09 09:52:01
9f023f5d-374e-4907-b95a-1cd84d0eb3f1,best app,5,2026-09-09 09:46:15
7ed9a3a8-1e8e-4a2d-afee-ad667c67a780,nice collections,4,2026-09-09 09:44:11
dd5a2f53-2f43-44a2-b324-9630492f4ccb,good quality,5,2026-09-09 09:29:20
1919c6cf-dd64-46de-b6f8-e5d226161acc,worst services ever...ordered uspa jeans and sneakers...both had to be returned ..jeans had to accept it on second delivery as the time was lapsing for the occasion however the product was the same which I returned ..for the sneakers first returned for damaged condition and second time the same sneakers had to be returned for different size issue..two shoes of two different sizes...wat a wasted app it is...myntra and amazon are far better with handling their customers,1,2026-09-09 09:29:07
ace7fd7c-693d-460a-8dd9-22a1ac96c758,App Not working properly,1,2026-09-09 09:26:20
99b0518a-3a89-4f96-af2f-8b21e0d8621e,zero customer care service,1,2026-09-09 09:24:52
eb94c44b-051f-4a09-a421-62ef51b96e3b,very good app,5,2026-09-09 09:23:28
cbf25233-5962-492a-bbf5-a992a4f617b3,too much costly products,1,2026-09-09 09:23:18
ecce8541-b826-4cc2-b04a-d9484122115d,very very good app best quality ever,5,2026-09-09 08:57:17
0f6543f9-df89-445e-b83d-2f60240b6880,brand value and more offers,4,2026-09-09 08:43:11
bf47c24b-4966-43e0-ba7e-744644c6af8c,This is the first time I have received a used and damaged product from AJIO. The condition of the product was so poor that it was evident even without opening the transparent packaging. This experience has seriously raised concerns about the authenticity and quality of products being delivered by AJIO. It makes me wonder whether first-copy or non-original products are also being sold under the claim of being genuine.,1,2026-09-09 08:42:21
a5efa0a5-b957-419a-abba-ee6356699368,good,3,2026-09-09 08:19:04
ea42805c-161c-4c93-8012-b11d18cda242,Awesome,5,2026-09-09 08:11:30
3482f315-f3eb-456b-b3d2-bb42c932a7a3,very good,5,2026-09-09 07:37:03
cd9d2a7d-2c23-4bf0-83bc-64c6deed214b,very good shoes 👍,5,2026-09-09 07:27:15
c4f96001-467d-4eb8-ba18-46a4564663e5,very good,5,2026-09-09 07:21:54
edcf572a-079a-4f50-9050-1f73e8b18a6d,nice app,4,2026-09-09 07:11:33
44d0d41f-c8a5-4155-b710-a4930693936a,Good app. This product quality is best.,5,2026-09-09 01:49:09
b07ff7cb-00c9-49a5-9096-e3c5ded31a69,nice,5,2026-09-09 01:34:29
3e3b62ba-6a39-4398-a91b-23c622cbe245,very nice,5,2026-09-09 01:28:53
1c038970-1096-49ad-8c8b-c1186874209e,"very good app to save your hard earned money, price is always the lowest compared to any other sites",5,2026-09-09 00:45:34
703d6459-8ffd-4b3c-a2b1-84099778b094,my order fast,1,2026-09-09 00:25:28
8c60ac95-20c2-4e84-9dce-7855bda34204,nice,5,2026-09-08 23:58:45
3acd8ebe-d6a4-4707-8b6b-f0c4cf52ea80,nice 👍,5,2026-09-08 23:41:23
902e4498-3b64-484c-8e9e-6bd46e2fb4aa,Gud,5,2026-09-08 23:38:16
3bcaa06d-3f51-4b7d-b3c9-c9d629e33775,good,4,2026-09-08 23:26:16
c5406406-8004-4354-aa5e-d378bce5be2e,Best price across all apps. Love it.,5,2026-09-08 23:22:16
57cf29f7-e394-48a0-a5ce-2ab874ffbd84,best app for easy purchase with best and quality items,5,2026-09-08 23:17:44
2a156d9e-435e-45fd-80e6-9b123d62e11f,good,5,2026-09-08 22:54:39
ea683a15-6d13-4ebb-9c19-6848671f98a1,thanx,4,2026-09-08 22:47:24
7906dc0f-4a28-4f18-8a8f-d68a86edd1e5,Good,5,2026-09-08 22:45:28
8671a728-f710-4d52-a8b5-568f72b4cb48,very good offers,5,2026-09-08 22:45:02
a7d1ef12-c2c4-42df-b3a4-f565d263a48f,👍👍,5,2026-09-08 22:38:31
c2df3dde-adc6-4fe3-ab52-fb7d38d934dd,ok khihoboboh no ibibboboh,5,2026-09-08 22:32:04
641a8e3c-4c0c-4c3d-ac9f-ed03d2610179,fantastic and I like this much,5,2026-09-08 22:27:23
0989fd83-7c64-4e23-bc73-7f69b8dca54d,"very bad service no customer care wasted my lot of time. never had been so bad experience.please improve, otherwise will be thrown out",1,2026-09-08 22:22:04
5fdd817a-b18d-4c44-99f8-7cd835dc3d87,good,5,2026-09-08 22:20:40
a04190a3-6848-45ab-8f84-5354d18fd5cc,nice,5,2026-09-08 22:14:29
0053097a-968f-4f1a-948a-8f382ccff414,👌,5,2026-09-08 21:50:39
74b0eec5-21dd-4955-a033-17a19b3c6532,good,5,2026-09-08 21:37:57
5069cc99-1281-4620-8796-b9cc5b8404af,very nice app,4,2026-09-08 21:23:36
3a976a0a-a4f3-48fc-a5a6-e4b66f37d942,nice app,4,2026-09-08 21:09:19
79dc733b-d140-4a85-9685-c9a06f3bf9af,bestt,5,2026-09-08 21:02:36
1cc25f2c-f2e9-42ef-9dd9-0ceb2dedfc1e,good,5,2026-09-08 20:49:52
2752ee9c-7a29-4eba-8606-30bee35b4d30,super,5,2026-09-08 20:48:06
91f290cf-9b99-4405-a674-094d055cd748,privew mostliy like,5,2026-09-08 20:35:05
4e2f5923-e90a-48e1-a02e-ce787f841673,nice 🙂,5,2026-09-08 20:34:23
75800ce3-35b9-4dab-bb8e-12204b562cc4,worst shopping app ever don't have good delivery partner... exchange delivery never be delivered....the use to return by themselves no need to interfere consumer,1,2026-09-08 20:26:44
e9ee18b6-5211-41a5-9ce0-026d0f32c8d3,good,5,2026-09-08 20:09:20
a1ebc8cb-a47a-41aa-b834-0fa7da28e6dc,nice,5,2026-09-08 20:05:56
6aad66b8-9371-4162-a4a8-74e3a6d32165,good,5,2026-09-08 20:02:45
3afd554e-4666-4f19-a2c6-73dee381fbb0,The material is really good and I like the features so much,5,2026-09-08 19:55:07
c735bd31-4f19-4135-a6ad-28f6bd4b794e,nice quality,3,2026-09-08 19:16:30
7bf99443-9b15-47a0-866f-69687a28526e,Ordered 10 items and the items were out for delivery for 10 days. 6 of them were prepaid and they cancelled the items from their end. No service was available from the customer centre even after sending multiple emails. Don't know how to request a refund since they don't have a customer care system. The worst shopping site ever. They just mock their customers. I just loathe this filthy app.,1,2026-09-08 18:45:16
22b6f2b2-427e-4b92-b7f6-cd369cf579ea,"Very bad quality of products. I bought a shirt from this app, but after first wash, it's colour faded.",1,2026-09-08 18:39:07
7b90728e-e6f1-402e-8b9d-b20123a019b2,excellent 👌,5,2026-09-08 18:35:50
5cf6ac54-22be-4550-998d-c0bfcb6e7bd1,good,5,2026-09-08 18:32:51
f890c01b-e35e-4145-a1d8-650fc6cd8e87,"Very disappointing experience. My order was dispatched on 23 August but was repeatedly delayed for around 14 days and eventually returned without being delivered. Customer care was mostly automated responses and my emails were not properly addressed. I also used ₹100 AJIO Cash, which I was told could not be restored. Refund of the paid amount was eventually initiated, but the overall experience was extremely frustrating. AJIO needs to seriously improve its delivery and customer support.",1,2026-09-08 18:15:28
c504c5e3-5055-4921-9a47-8315a9cd924f,good,5,2026-09-08 18:12:19
fedba846-3969-4582-aba3-a46442d4bed3,👍,1,2026-09-08 18:10:31
c7e601e4-6451-483c-bd7a-a6568a57cff3,Great picture with you,5,2026-09-08 18:00:53
51d40b06-3bfe-4917-af51-e96d85e209bc,Good,5,2026-09-08 18:00:12
4c7060d6-7a1e-40a1-b4a1-ba4485fcf972,genuine product & Every product is available at a low price thanks..,5,2026-09-08 17:41:46
b94b3354-f54f-4ee5-917f-36ea0ad83702,good,4,2026-09-08 17:24:07
b7764b34-39bc-400d-9e91-90fc79e26dc8,nice,5,2026-09-08 17:23:25
f41c85b4-f486-4f78-8632-ef98faae8e56,nice,4,2026-09-08 17:13:43
aab49eb3-bc17-4c69-929f-a6f929c3b7d5,very nice,5,2026-09-08 17:12:44
4f15a019-50dc-4879-ac5d-36cde8e03648,make the delivery for cash on delivery,5,2026-09-08 17:05:58
ca482833-a8fb-43a3-b042-ddc69b95fbbb,products ok...but am doing payment process the product was sold fast.... that was so soo bad for me,4,2026-09-08 16:51:51
93bae1c9-f0ac-449b-8a39-0cb5d74ded9e,Good app...but sometimes it gets slow.,5,2026-09-08 16:44:52
845af4ac-aa63-419e-b6a6-5ab429d1afeb,I like this app,4,2026-09-08 16:31:26
6880bd65-f8d6-46e6-81de-5bb405efadf1,fast and secure,5,2026-09-08 16:30:23
7ad50d5d-8037-4ba0-b72b-4ac5d2eb9dc5,"This appears to be a highly unprofessional and unreliable company. I ordered a jogger from the seller, and the initial delivery date was 3 September 2026. It was later changed to 7 September 2026. Now, without my consent, the seller has cancelled the order from their end and sent the product back to the warehouse. The most frustrating part is that neither is the order being properly cancelled nor has my refund been initiated. I have neither received the product nor my money back.",1,2026-09-08 16:28:22
e776d0a5-5d42-4446-afa3-3b9d3d62c175,nice and easy usee,5,2026-09-08 16:20:22
139b6e30-a80e-4b6b-9dd7-415960c88c8e,nice,5,2026-09-08 16:14:57
47bfa29b-de84-4a50-b1ef-71e97eb3586f,terrible 3rd class app!! i am trying to browse doormats and I can't see the images. it happens a lot of time on your app with other products too!,1,2026-09-08 16:14:08
2e080a12-af29-4e7e-879d-b16b536d4505,sorry,4,2026-09-08 16:03:09
d3d9ae67-5cce-4880-9318-384b6e0bdc6d,good,3,2026-09-08 15:41:10
efc4e795-1864-47c6-8193-8594b1c39fde,Very bad delivery service...disgusting app also.... could not add any product to cart,1,2026-09-08 15:21:50
0d77df67-d7a5-45d2-a2bf-06ae1ba7a56e,i cant even add the products to add to cart my cart is not showing,1,2026-09-08 14:55:22
b9bcb79b-f714-4cd9-9179-d3cdd1cf53b0,"Added Items to Cart, Can't open Cart to checkout! 10/10 application",1,2026-09-08 14:55:06
f1517d24-dd41-4c28-83d6-70e6427bdede,worst experience in delivery,1,2026-09-08 14:31:06
9f0e231e-932f-46b1-9a40-28b5322b74f7,Ajio very bad don't use this App I ordered a prepaid order I had to chase and follow up with dilevery partner they selected for me it's called shadowfax after waiting for someone many days I had to go and collect the parcel myself from the hub. I am going to file my complaint with the consumer forum in next few days so you will hear from me soon I have kept all the proofs chats call log and my route to the hub use other app this is very bad experience.,1,2026-09-08 14:09:08
2a0270b0-a553-42ec-b5c6-a7f26afa0fc0,"WORST SERVICE EVER,WHEN YOU TRYNNA DO THE RETURN! THERE'S NO OPTION FOR PICK UP.I HAD TO DO RHE SHIPPING WITH MY MONEY.",1,2026-09-08 13:33:52
eee550c7-e6a3-49f8-aab6-503b1a1bcf65,unable to view cart,1,2026-09-08 13:11:20
b4a07a53-e0d9-4c82-bb8c-1b58ec9ee050,very poor and disgusting app don't use this app,1,2026-09-08 12:48:20
fd324e00-c90b-40f1-9adb-2bb3a5b88ad1,❤️,5,2026-09-08 12:36:17
9b84458e-140c-49b6-acaa-11ec30ea284d,very good work,5,2026-09-08 12:25:04
2e72d415-370b-44d1-9a80-280c3cd7509b,amazing,5,2026-09-08 12:23:12
ed5ea698-6efa-4e9e-afd6-8136c14689c1,products are more costly,2,2026-09-08 12:22:32
7c713113-d770-4b44-ae30-eaaf06e46bf6,Ghatiya app wahiyad products,1,2026-09-08 12:20:03
15eeae59-a6d6-4cc6-97ef-45a7cf08672b,very good,5,2026-09-08 12:17:29
e6e05039-acae-43e1-b095-6df81c4581e5,Nice,5,2026-09-08 12:14:55
6e042aa1-1daa-4471-ac3c-5b6028dde8cc,good 😊,5,2026-09-08 12:03:56
503fb246-0400-4287-92cd-dd09fbdd4809,good,5,2026-09-08 11:52:52
1f6caf80-db98-4cb7-9c29-b6859e40cc56,यहां पर अच्छे ऑफर उपलब्ध नहीं है और डिस्काउंट भी बहुत कम होता है,1,2026-09-08 11:51:52
aa354c5b-cf16-4128-b27c-cbc507114b52,"Ajio has the worst delivery and return experience. I called your customer support multiple times, they are like reading a stand script. 1st purchased item, colour is wrongly delivered and placed exchange request but delivery executive denied for exchange saying that I need to place return and exchange. again I placed request for refund and it got cancelled. your service is worst and not only ajio, yout jio air fiber is a big scam, you guys are looting money from customers, not returning it back.",1,2026-09-08 11:19:53
1cc7a220-f376-4afb-88e7-70bca4027370,"एकदम गठिया ऐप है, यंहा से कोई प्रोडक्ट purches मत करना, यंहा से purches करने का मतलब है गठिया प्रोडक्ट तो लोगे ही साथ में रिटर्न नहीं होगा। मैने 2 पैंट मंगवाई थी ओर पिछले 1 month से पिकअप के नाम से बस घुमाए जा रहे हैं। ओर अब मुझे कंज्यूमर कोर्ट का सहारा लेना पड़ रहा है।",1,2026-09-08 11:05:51
8ad53747-eb65-4b47-928b-faa28e787cec,superb products,4,2026-09-08 11:03:32
18fa811a-8054-419a-b0a0-4f7d307e4511,good,5,2026-09-08 10:22:12
4f5e4e97-fbf1-462a-b699-44366c6d73e3,ok,4,2026-09-08 10:02:10
a3c1cb10-f40f-4392-aa9d-cbda4c16b1fc,they won't deliver your order and they won't let you cancel the order these are all frauds I cannot cancel as my order is already out for delivery fun fact it's out for delivery for 5 days,1,2026-09-08 09:55:27
d2723e64-b94b-4186-86e0-a5a2849c7022,happy customer ❤️,4,2026-09-08 09:40:54
d5c885a7-d552-42f9-90bc-dc1e99a14139,very good app 🫡✨,4,2026-09-08 09:34:15
d568b631-fd84-449a-91d0-377140bf3c4e,good,5,2026-09-08 09:20:26
5316fda4-854a-43a2-b76c-92395e36ec21,👍🏽,5,2026-09-08 09:07:02
337bf65d-b73b-4925-afed-fed737ecef9a,good app,5,2026-09-08 08:37:50
5c0349e7-8878-4e13-9b7c-f6638b4a12e9,accha,5,2026-09-08 08:01:18
5716155b-077c-4a13-a3d2-d22a893da34a,Good,4,2026-09-08 07:48:04
8ef55f52-6ef9-4fe5-8931-d16596a19655,please delivery before 14 September,5,2026-09-08 07:36:23
96002c06-a879-4b16-9553-da4e5e8b98ee,don't order on ajio even by mistake.. India's worst place is AJIO .. Permanently delete from my side,1,2026-09-08 07:09:50
ed4a74c9-5dd1-4f7c-92a7-ab8382bc3e77,good quality product,5,2026-09-08 06:41:10
c10d308f-1d78-4c25-b6ec-02cd4215249a,💗,5,2026-09-08 05:57:14
6c2c20a9-4c56-4446-a58f-3b24f769caa8,good,5,2026-09-08 05:40:11
a9f0cd33-897a-4e5a-addc-f7daed8954d1,good,5,2026-09-08 04:27:28
0be52b1e-ceb1-4307-b481-daf7b9f6a253,good,4,2026-09-08 03:04:11
5065ac4c-4dae-48c5-8e16-5c2df3b2da20,it was good product was very good 😊👍,5,2026-09-08 02:18:04
4679954e-c9f2-4044-b281-dc8b0f9bdb57,worst experience browsing this app. why does it take a minute to go back or to just browse one product. it feels so frustrating to browse this App.,1,2026-09-08 01:46:17
c89e8bda-6f55-4764-a167-e64f17e75936,best,5,2026-09-08 01:28:29
6f2855ac-57c8-47ed-af44-7f9119ad3ef1,best online shopping platform,5,2026-09-08 00:19:03
11220d9d-2366-4ea8-b30a-ae4a72b4b0bd,no use Ford payment vapis nahi karte ae log ae log chor he pesa vapis nahi karte,1,2026-09-07 23:53:55
845900d1-c0b0-4988-8101-5cca3fd5035f,"Never seem to be able to login. There is only one option using phone number, there is only one option wherein app reads SMS automatically and fills in tje OTP and everytime I get the same error that something is wrong. Disappointed",1,2026-09-07 23:34:17
aef5bc62-3089-4f86-8a34-1bddce9cc557,VIRAT SUMI 2,5,2026-09-07 23:29:27
4cca3ada-409d-41f7-bebd-d10c68d3a71c,super,5,2026-09-07 23:29:03
ffeef111-9222-4de5-857f-0c140c2f31a4,good 👍,5,2026-09-07 23:02:35
52c52a1f-9b64-43a0-aa1b-46cec64cd135,dont purchase anything from ajio they have a very bad delivery service. The product will never be delivered to you and the timeframe of delivery gets postponed everytime,1,2026-09-07 23:00:29
8aa8dea9-27ec-4dd1-8502-8baee809def3,good,4,2026-09-07 22:52:58
02a8f6b2-dc40-4170-81fa-c789cb73fd72,wow,5,2026-09-07 22:48:05
41c392e3-c186-4b73-a5f4-c79dc90c2bdf,too slow app taking too much time to load content,1,2026-09-07 22:38:15
f49db928-9fc5-4de2-a2e7-117938a08141,best,5,2026-09-07 22:30:36
ca229a8c-fad8-4e69-98c5-f6f903e945f2,👍,5,2026-09-07 22:20:11
54a96010-db43-4477-94c9-1163775707a5,best,5,2026-09-07 22:10:33
59a5b624-e215-4c07-8e59-46e23d43ddc1,GooD,5,2026-09-07 22:07:00
978af197-2ac3-4799-9d8a-80b83c90adc8,very good,5,2026-09-07 21:56:12
432330f7-9de7-4b94-ac77-bbb1de2f28ca,good 👍🏻,5,2026-09-07 21:52:17
147b7e7a-265c-468c-af69-35555ade8175,good,4,2026-09-07 21:46:42
421307af-c1cc-470f-80fe-b828b07c75e2,this is fake app,1,2026-09-07 21:44:43
cccb037d-5f51-424a-892a-4314447ed824,👍,5,2026-09-07 21:43:11
2a82b72e-e008-49dc-a515-5453c38af1c0,nice,4,2026-09-07 21:40:32
215db2f4-7119-4eaa-9046-5b889a67f5c6,Very clarity & Useful,5,2026-09-07 21:40:20
ec5ecee6-cc9c-4d26-b0d2-d0676827b86b,nice,5,2026-09-07 21:34:14
426ad032-9b97-45a5-8430-7dd5426577d4,Horrible experience with customer support. There are no tags for the kurta sets what they have sent but the return pickup was asking for the tags as they mentioning on the return pickup... such a useless service .. I am trying to get the help but the app is keep asking to try after sometime 😡,1,2026-09-07 21:16:32
71f7f32d-0a89-4235-9fc0-1ebda61f1ce6,ol product all good condition,5,2026-09-07 21:01:04
8cc4161a-a58c-40de-a4de-353619e39e9f,good 😊,4,2026-09-07 20:34:54
cff9bca9-558a-46aa-b9ba-efb5cc35dbf2,"bestest,so convenient.",5,2026-09-07 20:25:24
4780d10d-8ba4-4fe7-b0fb-7ce0801adc1e,good,5,2026-09-07 20:20:50
7d2caab8-95fe-49c7-91bb-c27b5ee1c22f,good,5,2026-09-07 19:47:36
cd37720a-01e2-46e5-8e8f-ee438b2f5e63,not so good,1,2026-09-07 19:45:51
c2667948-5536-4b29-84bc-7fe03626ad98,good,5,2026-09-07 19:39:14
f416181f-c8dd-44f3-bd66-3634a5221f8d,good,5,2026-09-07 19:31:27
54e41a8b-9d2f-4ca4-a3ad-f85a49f104a2,The collection is super cool and fine I adore the designs and collection,5,2026-09-07 19:19:46
43d9b2e8-fbdd-4578-adfb-fcc48cde39fd,it's really good aap,5,2026-09-07 19:07:52
277437d7-bb65-42c6-bbaf-cd632b25149f,the Customer support is very Nice and I like the feature of this App.,5,2026-09-07 19:04:49
d8ae4f6f-1831-40c2-b119-f6f025352936,good,5,2026-09-07 18:55:16
52494414-1aa9-4f48-a25c-71b81d54f632,good app,5,2026-09-07 18:41:37
d41b3900-ffd5-4cd1-90fb-c819ade3cd09,"app layout is not polished , You cant edit delivery address , you cant set your adress in the app..you have to change adress during checkout which is backwards way of doing things",2,2026-09-07 18:09:26
3edd9616-4e1d-4aed-a932-d2c188be9e83,good,5,2026-09-07 17:55:22
ce2dfac5-e4f6-49de-abed-2db1c08587fb,"Horrible experience with AJIO. I placed an order on 31st August, and the status remained “Confirmed” until the morning of 7th September. However, when I checked the status in the evening, I was shocked to find that the order had been cancelled without my consent or any prior notification. If AJIO was unable to fulfil the order, they should have informed me much earlier instead of keeping me waiting for several days. This kind of service is extremely disappointing.",1,2026-09-07 17:36:19
a7d8dd75-b95c-4a2e-b542-8a19e99632fb,exchange is not possible even when the delivery location is the same and for return the product there is no other option other than bank transaction,1,2026-09-07 17:35:38
168a39a7-c701-4c39-a29b-78b1b03427d7,good,5,2026-09-07 17:35:13
2d4ec008-5a60-4628-a8d8-14aecb134fe4,good,5,2026-09-07 17:29:51
20c83afa-ae5a-4c90-b508-8f1bf89e627e,good,3,2026-09-07 17:20:25
dcbc3c6f-c061-467d-968d-d8a46dea0cc2,good,5,2026-09-07 17:17:27
6f8d18ff-6f67-4f4e-b53a-3e44a71e5032,good product,5,2026-09-07 17:08:32
2d8fb3f0-0d0b-448b-9009-a9fd6231aafa,very nice,5,2026-09-07 17:03:21
effaec00-18af-4202-b4fc-60419c05528d,cash on delivery extra pay,4,2026-09-07 17:00:32
b0277267-cd1a-4b5a-93f8-0912155d84f2,good,5,2026-09-07 16:59:41
f74746b7-9a90-43a3-93ff-41f6b0142587,yup,5,2026-09-07 16:43:32
b049ce4e-5cf6-4f30-911d-3cfaa49041d2,"very irritating app, the product is picked up by more than 8days then also refund is not received",1,2026-09-07 16:23:57
81584508-aa71-4ede-a27c-2ba30b54a468,excellent app,5,2026-09-07 16:19:58
235a3acc-32d5-4f87-80ee-29284acd3feb,very good,5,2026-09-07 16:17:48
700010c8-f419-44a9-99aa-e3d9da816251,👍,3,2026-09-07 16:14:39
eb2cd48e-28d2-4e91-afe6-bd44ead31340,nice experience,5,2026-09-07 16:12:57
8a0d7697-78d9-4326-bfca-c0c758fe5958,nice,5,2026-09-07 16:10:14
fa7dabdd-48fd-4159-a0bd-bf84796f5200,my order not recieve.Its been a 2 and half weeks when I order .The app always show the delay delievery.,1,2026-09-07 16:09:58
49741677-cdf5-421f-9023-77149d7ea152,Good,5,2026-09-07 15:55:05
15f595d3-aa79-4135-b006-7078022dc8a1,good,3,2026-09-07 15:46:57
786b57c4-35df-40d0-a6d6-b6330a6b1960,nice,3,2026-09-07 15:42:44
046603d6-3340-43d0-98c6-6b154e8b9812,good,3,2026-09-07 15:20:42
7d2d4649-deef-4d42-8855-a819859116fe,receiving other brands instead of what I ordered,1,2026-09-07 15:18:03
5537b34d-edb5-45ad-b197-b0490d47780b,worst service ever mf,1,2026-09-07 14:30:15
e8f5f639-dda6-4483-9fb1-e201f978174d,fraud app hai refund ID issue karke refund nahin dalta bahut aadami pareshan hai mere dekhne mein bhi do teen hai refund nahin karta hai do number product dalta hai,1,2026-09-07 14:24:51
25502493-815f-48f9-aa39-665d37ba4249,worst service ever. Getting refund of any wrong product is like participating in a never ending war. They will decline your return request multiple times until return window closes and will assure u that there's some system error and once window closes they will clearly says that the product is non returnable now. The worst point is that they said that we verified with buyer and according to them the product is not wrong as he parceld the right one. Never use this platform ever.,1,2026-09-07 13:56:10
8214f4ae-e439-41a4-a3ac-718178198753,products so good 😊I am so happy,4,2026-09-07 13:39:56
38ba6368-9b80-4c39-bf57-768299d67861,Fraud..... cheater .. Didn't send product and marked as delivered... Now denying to refund... and other delivered products are wrongly delivered with very very low or worst quality,1,2026-09-07 13:05:17
6cdad7b8-5cbd-4657-b6b3-91c4671547ed,They deserve zero stars. they accept orders and keep changing delivery dates repeatedly and at any moment your order can be cancelled without any reasons. and your money will be struck for a week and more. even your coupon code will be wasted. I don't know why they accept payment if they could not deliver it. it is very disappointing.,1,2026-09-07 13:03:38
dffe7c56-9d61-46e3-904a-781409a1a063,REFUND POLICY IS VERY BAD,1,2026-09-07 12:52:26
d9b6ff4e-3500-4286-bf2a-125e5363db2d,very bad 😔😔😔 अगर आप अजी कुछ मंगवाने की सोच रहे हैं तो भूल कर भी ऑर्डर मत करना भाई ऑर्डर कुछ करो भेजते कुछ है कॉलर कोई होता है भेजते कोई है प्लेटफॉर्म fee आप हिला देगी,1,2026-09-07 12:49:33
9e6418d1-44d9-48f1-beb4-b4f796cf4bc2,good for me,5,2026-09-07 12:46:08
10172a6b-66ff-4a32-95d3-25368e9f1d69,useless shopping app most of the products are low quality and if some good brands are there then outdated and lowest quality products are sold here and by chance if you liked any products and add to Cart then either your product price will increase or size will be unavailable in a few seconds and once you remove the product then next day or after sometime the same product will be shown available. Fake marketing strategy and low quality products.,1,2026-09-07 12:43:00
db15c457-df6a-42ab-ab6c-f56c73590495,You get All premium brands with a affordable price overall experience amazing,4,2026-09-07 12:42:08
c0f320a5-120d-47b2-b6a2-b25e156ec3e4,Ajio platform is good 👍,4,2026-09-07 12:23:20
d3758e60-ce3f-4fb4-9d3b-2319b08cedb8,👌👌🔥,5,2026-09-07 11:42:13
1a95f214-2721-4962-b6a1-1c9e14c8dce3,nice,3,2026-09-07 11:24:42
57107c2b-ec1e-493b-bc58-b8b4ea87d004,good 👍🏻 product,5,2026-09-07 11:19:44
55d1e0d7-d4f9-4800-b3ef-c9f321198861,good,5,2026-09-07 11:13:50
d48d490c-7999-4193-aaec-1ed6be654f1b,best prodet in ajio super colty 🔥🔥🔥🔥🔥🔥🔥🔥🔥🔥🔥🔥,5,2026-09-07 11:07:37
0f8c6e4d-ff1b-481a-8d46-73d310a1ff05,ok,5,2026-09-07 10:54:55
6427b5f5-bdfd-4bc0-8c05-fad0a90c966f,good,5,2026-09-07 10:50:06
e9515dba-e5f4-445f-b599-8ae534279cda,good,4,2026-09-07 10:25:19
c6a3629e-b787-4d74-b521-479d879895de,good,5,2026-09-07 10:25:12
a6cd42df-db55-4eb8-8f8c-76d3b14bbf39,good,5,2026-09-07 10:20:45
6c40d632-0c22-4f6e-ac0b-7b58389075e3,good hig quality,4,2026-09-07 09:27:02
319c7db7-6412-46f6-ada3-4f22d7066be7,good,4,2026-09-07 08:09:17
09c323da-6e4e-479f-a56d-70b548a83b30,Plus sizes are more expensive,3,2026-09-07 08:05:55
d1fed79a-9c90-4085-b0c1-9128f40acb41,worst app i ever seen,1,2026-09-07 08:05:19
b6125f5a-c30c-45d3-acc2-4025604d4607,good 😊 service 👍,5,2026-09-07 07:51:34
fb9c5934-df73-436c-95af-0e4e15dbdb25,good 👍😊,5,2026-09-07 06:01:50
9fd9a287-ea57-44f4-84d5-a0c63065e68a,experiance is good,5,2026-09-07 05:30:08
cc9babee-35a4-41bc-a590-c5495d59c6d7,wow very nice 👍 aap,5,2026-09-07 03:15:30
844fe8cc-f11a-4e2a-8f5a-f28ec979a6c2,nuvu ch gb dhvhb ch ch h chh do ja bn ch ch dn bk h sb h hu hi us cc chh do un hun kk,4,2026-09-07 02:35:57
e3e64b56-7b7d-439f-a0b0-2dac31bee405,it's good 💯,3,2026-09-07 02:04:40
84dc1ac7-a9ce-489a-b869-19c7aa22d36d,We'll know after seeing it.,3,2026-09-07 01:14:22
5ab96711-c8f1-4d3b-a482-8317850c038e,everything is out of stock and never comes in stock again. too much exaggerated interface.,1,2026-09-07 01:11:13
6ecab3db-dd40-45e5-8c46-be392960732d,good,4,2026-09-07 01:10:09
272fb436-7373-4069-9455-ab0a40966db5,first time best experiment,5,2026-09-07 00:58:28
e6f0bf91-ef40-4552-8121-ba7c376c09da,offer not good,1,2026-09-07 00:47:14
5e95427f-bc20-41e9-b7f2-bad340c0c909,nice looking,5,2026-09-07 00:13:41
25c1a138-75c5-42fa-b253-50a2e0d67bf6,good,5,2026-09-06 23:52:11
d401f8cb-c846-4050-95b9-53afbf6332b2,nice app,4,2026-09-06 23:31:59
39f810b4-693d-453a-91f9-0a8667dd72ad,👍 good,5,2026-09-06 23:19:54
97fe31b2-11db-445e-95c8-daa77a32bd60,naice shopping,5,2026-09-06 23:14:10
e0190056-1cf5-41c6-a7ba-d165823f82ea,good,4,2026-09-06 23:11:08
40273c52-9ab8-4b6b-84fe-53db90ba7ec0,good,5,2026-09-06 22:52:24
b98a9066-84d0-47ad-af80-516fefa4f4ad,isky,3,2026-09-06 22:46:46
1ab37443-78ca-4438-8fe3-333b819ab340,great,4,2026-09-06 22:33:43
ddab394e-4e71-49f2-b27a-55d9072b9d26,When i open same product in iPhone photo loading in hd but in android photo looks dull and faded please fix this don't try to give me advise because i already done everything just fix this issue this is not my company if you have to survive in market you have to fix,2,2026-09-06 22:32:16
d4ca5174-3662-4d27-b259-66c222ddf52a,"best products,little bit high price.",4,2026-09-06 22:05:17
f0636978-d0ce-4f04-a746-7f3c0bf01f36,see this apk is amazing I got 3300 sky bag only 738rs mae really a good choice,5,2026-09-06 21:54:32
9d6f9412-dd09-4946-9826-64e59d609203,The product photos are of poor quality. Ajio prices are good but too much juggling between discount codes fluctuating the price throughout the day.,1,2026-09-06 21:46:36
dce71d69-ebf6-40d4-bca2-ca801364d8d5,good,5,2026-09-06 21:30:18
c9c3c6c6-155e-46bb-ba62-692888b0516b,Good,5,2026-09-06 21:23:48
99a6cbe0-158f-4133-a38b-752314f28791,good 👍,5,2026-09-06 21:19:18
8dc3e59e-21e9-44a8-a376-6d767e6e30f6,nice,5,2026-09-06 21:15:38
e953e9ee-6fa5-4455-bf85-9319230ab2c6,good,4,2026-09-06 20:59:05
96c39e19-2a5d-4a5f-aa26-9e2e63a5f6d9,very nice,4,2026-09-06 20:55:15
0184f8ab-8d83-46a2-9436-6ad1ace95352,nice app for gen - z,4,2026-09-06 20:45:59
5a468d19-23a3-4704-999a-0874c9184d94,overcast in all material,1,2026-09-06 20:40:24
588dfa07-0eff-45ef-a1d7-9e1afed53c45,"there is no option to review or post pictures of products, then you send a low quality thing. and we return, you charge for it",3,2026-09-06 20:32:07
dc3b66b5-7f9f-47a7-a254-146130f225f8,app works too slowly,2,2026-09-06 20:19:01
91a84ef5-094f-44eb-ab57-22a7c242a9c2,superb thank you Ajio,5,2026-09-06 20:13:58
392d533e-ef81-48c8-a5b7-3a34651b230b,needs improvement in tracking delivery partners and addressing delivery issues.,4,2026-09-06 20:12:13
8275cfd4-b53b-464a-9513-9811a4ef0c1e,thanks for app ☺️☺️ regards,5,2026-09-06 20:11:50
2fe4c662-5062-4e9d-bd1f-f32f68d8d9e1,good,5,2026-09-06 20:06:07
585f0ec8-6283-4e90-8c71-19c51340fe1c,no love,5,2026-09-06 20:02:51
9c1b983b-d789-4f54-ab0a-7fd9e9671a8a,nice,5,2026-09-06 19:58:59
a89e202a-98e3-4d98-9788-840c44e86882,Best application for online shopping,5,2026-09-06 19:54:11
aa1a1572-41af-45be-8f43-12ffaee79ac0,"the app is not working, no matter what I try it just doesn't load and when I try from the website it's working properly",1,2026-09-06 19:53:03
ca98ee19-b4c4-43f0-9c9a-dcbb7ecefdf8,"""@SCAM""- __i ordered perfume but I got eyeliner pencil , it takes to return and refund exact One Month .So Frustrated during return i can't explain how i torcher with this AJIO Service very bad .",1,2026-09-06 19:46:09
8a251518-cf3f-47e4-971b-d982e120206b,"One of the worst apps I have ever used. Even after cancelling the service, my money has still not been refunded. How many days am I supposed to wait to get my own money back? We trusted this app because of its association with Reliance, but unfortunately, the service has been extremely disappointing and does not deserve any appreciation. I just want my refund to be processed as soon as possible. If the issue is not resolved promptly, I will be forced to consider taking appropriate legal actions!",1,2026-09-06 19:40:06
20a3e4c5-1ffd-40af-ae91-d297ae544ea0,very good app and low cost very beautiful clothes,5,2026-09-06 19:36:29
b15a04cc-a460-4dbd-9636-0fb790735efc,worst service return and refund. do not buy from this app.,1,2026-09-06 19:23:38
349e1a5d-d5e0-4c0d-9b03-aa063b4c800b,badiya,3,2026-09-06 19:19:33
1a2986b0-caad-44f9-b3c5-b4befcb96de2,nice product,5,2026-09-06 19:01:44
79365492-c957-4dc9-acdc-4876bdc1d538,Best app,5,2026-09-06 18:52:48
85b0405e-399e-4d72-b05f-c5fb1393a78e,Nice,5,2026-09-06 18:49:34
c6ee98cd-e563-44ea-9895-fb2e96398fb7,good,5,2026-09-06 18:08:48
9782118d-15cc-49e8-870e-6548f1eaea00,good,4,2026-09-06 18:02:48
f679d6e7-cdce-4f7b-977f-f3a28070a806,good 👍,5,2026-09-06 18:02:09
4a049b2d-bf96-410c-9fbd-ba0e33b5e813,so nice 👍🏻👍🏻👍🏻,4,2026-09-06 17:53:08
0c79472e-3b09-4d8f-8057-fcc2dc73d695,waste money app,1,2026-09-06 17:40:45
f7833a80-a56b-4fe8-b899-85297b512088,very bad,1,2026-09-06 17:32:58
30f75596-503a-45fc-89a9-284376b161f6,best product,5,2026-09-06 17:30:56
5e77fddd-8e54-4663-997e-2449263eabcc,best app,5,2026-09-06 17:22:31
1f1a0f4d-a69f-47cf-abc0-1b59de610457,MD khalik,5,2026-09-06 17:20:02
e7d8cc04-5d49-4203-a1ed-942e6357926e,best price,5,2026-09-06 17:18:25
f9b87ebd-20c7-4f98-8d84-59c7b2eb7252,ur delivery is not on time ..... it's always late never on time kabhi to time pe delivery kro,4,2026-09-06 17:15:25
ec925077-c9ff-4870-9d93-5d1b06335d37,good 👍,3,2026-09-06 17:06:35
19eefaae-0339-4cb7-9d42-3e7aa1141b87,Very Good products,5,2026-09-06 17:01:51
9bbac4e9-6a2c-43d8-83ef-04022e0786ea,super,5,2026-09-06 16:37:35
a48969db-b951-4d34-8569-69976dde7be0,💗💗💗,5,2026-09-06 16:37:09
a04150ae-5421-4917-b5c3-f2d3bc91402d,nice pics,4,2026-09-06 16:32:59
1d93d96d-5b9b-4b7e-8c3f-dda1ed19e9f5,Excellent,5,2026-09-06 16:31:05
27fcc7d6-96a3-4129-b8df-ef59d4a90f30,terrible site.. I ordered 4 products out of which 1 . the shirt of wrogn was a copy 2. the toy's box was empty... for which I tried speaking to the customer care but nobody seemed to be interested 3 .. lastly remaining 2 products for which no delivery agent ever called and cancelled on his own...,1,2026-09-06 16:30:58
acd3d74a-6f45-41af-8d6c-b7edac1de298,very nice...use full app,5,2026-09-06 16:22:24
d7cef7f4-5e5b-4416-8431-7ad9c76b35f9,nice,4,2026-09-06 16:12:05
456ce8d0-eeca-4c72-9615-9dbab47174de,good,5,2026-09-06 16:00:35
49eaecf1-0148-48a6-a11f-1f50996303e3,best,5,2026-09-06 15:47:05
7893da76-8a83-4396-b740-5f7b8476732e,if you can low your charges I can buy more,3,2026-09-06 15:27:21
185b7536-5c63-46e5-a23a-c58890ff0678,good,5,2026-09-06 15:26:27
c8061958-5227-4e5c-b7d2-2bb64fb91c6e,good offers,5,2026-09-06 15:06:25
7d0b4113-d4d4-4868-9eda-fd2dba6b8992,Nice 👍👍👍,3,2026-09-06 14:44:36
c3936ae0-e655-43cd-8cea-a64c8e0a0655,👍🏻,5,2026-09-06 14:26:12
0526801b-1c4f-4e7c-bfd9-72673bbe39f6,great products,5,2026-09-06 13:51:53
d338352d-509c-4ded-b7f8-b57fb7c25e3a,disappointed with cod fee and delivery fee,3,2026-09-06 13:42:04
6d431e83-7344-4176-a54c-4f6ea94c67ae,ok,4,2026-09-06 13:38:36
87f5d2af-049e-4a09-ba8a-68a4b334eebb,bad delivery experience ever delay delay delay,1,2026-09-06 13:23:32
544aefb4-d111-4b0f-8fd2-acb343762c80,what's the point of download this app when ever I open ajio gram it's loading and nothing shown,1,2026-09-06 12:48:58
20a3da5f-4dfd-4f69-ac96-bbbced06feeb,very bad delivery experience,1,2026-09-06 12:28:19
d8d46eb4-3a13-468d-ba5b-888136fe3c8f,good,4,2026-09-06 12:24:22
2c1c7541-016c-49e1-b840-5c2c9dde25ce,"Couldn't find wishlisted items even if it's more than 100 items, also the item quality isn't good. Also there are no reviews from customers for the items that have purchased even if there are some reviews the original images posted by the customers aren't zoomed in enough and clear to check. Also while scrolling for the products it sometimes get stuck or pops up error showing something went wrong and doesn't scrolls up even the processing is also slow please look into these issues and fix them.",2,2026-09-06 12:19:21
b06cced9-339f-4925-9585-5e641e3e47bb,wrost app ever i seen in my life,1,2026-09-06 12:03:02
ef7a4eab-a061-4f67-bf6e-a45fde8fe70b,return policy is very bad,1,2026-09-06 12:00:59
dbb08ff5-1a7b-4afc-a2c0-b25c9475f5ee,good,5,2026-09-06 11:45:22
9ba9ac6c-9b83-4257-8943-4fc1e5c1b356,Very poor delivery service. They keep extending the delivery date again and again without any proper reason. Extremely disappointing experience.,1,2026-09-06 11:38:58
69a5c1c1-6c9c-4f7d-b8e3-e1641c299fed,always loading not shown any other details...,1,2026-09-06 11:37:52
bc74ee25-7d0f-4c04-aec2-eb9c7e6c7543,good,5,2026-09-06 11:21:46
431b5a5a-409f-42d9-88a7-610eca036691,excellent,5,2026-09-06 11:16:22
33cf9bf6-686e-46fb-b5df-b3023d4c1d4a,good,5,2026-09-06 11:14:50
0c158afb-7f86-4caa-8f15-4917d30a50a3,I like it 👍🏻😊❤️‍🩹,5,2026-09-06 11:09:43
5c0b1e20-0fcd-4420-9b66-d5825714aad5,good,5,2026-09-06 11:04:47
4eff5d7e-3771-485c-a4ca-e7dec315045a,good,5,2026-09-06 10:59:01
eab10122-5959-4313-8f77-4c731cc1f909,Gud,5,2026-09-06 10:57:32
7e9647ff-a3a7-4b0d-bc4c-c1077e226628,good,5,2026-09-06 10:55:19
a3377f8c-09eb-4029-8e55-b1450166f757,good,2,2026-09-06 10:32:17
3a21d48a-564c-4493-ae92-0b751a049a2f,refer does not count and refer system is close after return policy ended,1,2026-09-06 10:29:03
90211c88-5d5b-42a4-986f-94e6be1e13f0,in this app cash on delivery option is off i dont know why it's been almost one year the cash on delivery option is off that that's why I cannot order anything since then I sincerely request to redeem cod option again and there is no customer support.,2,2026-09-06 10:04:13
c61b588e-9081-4920-ba30-1ea22bd58e93,penalising for return is not fair,3,2026-09-06 10:02:30
db449af3-a62f-470d-9dbb-17312d466960,my experience with ajio very good.,4,2026-09-06 09:40:16
e8989efd-e5a0-4dd7-8901-586515eec576,good platform for shopping 😄,4,2026-09-06 09:36:30
c83591bb-1840-4d0f-9599-07c48bdb0f29,good quality..,5,2026-09-06 09:28:10
10f14d4d-de78-43dc-8285-bf45f3056807,excellent,5,2026-09-06 08:28:11
84c6f42e-f232-4b84-a5d8-01896693c601,good,5,2026-09-06 07:40:16
97d88cb1-d543-41e7-ac65-b24ef1ef1692,♥️,4,2026-09-06 07:03:17
e975eb29-857e-42fd-9902-af4e80be87f9,i want it tady,5,2026-09-06 05:55:39
70affc28-2e4f-4ee1-a72b-841bd5431f2a,it's not even working for me this was not expected.not accepting my location and the items are not going on my cart,1,2026-09-06 05:42:18
7936f5bf-5268-47ad-853c-8e8a46f13949,good product,4,2026-09-06 04:23:18
04879284-600c-4038-bafc-ed02d0a2f4b9,wow,5,2026-09-06 03:58:10
93f3a925-fe51-47c4-b6b7-4cda94f2e3cc,Absolute garbage company. No difference between these guys and the myntra idiots. My first order with Ajio was 8 items. 4 of them had to be refunded for quality issues. Fought for a month over an item because their delivery partner kept declining the pick up.,1,2026-09-06 03:32:52
feb5b16e-e4f8-491f-a287-bda807919b4e,good app,5,2026-09-06 02:46:09
db8ef89f-b463-487b-b871-1094595721e3,the best ajio,5,2026-09-06 01:47:19
3a320eb1-c8c2-41fb-9b7f-d11844bd425b,I trust u servise fast & bst products,3,2026-09-06 01:33:01
5c36b3f1-c2c8-4043-8ddf-bc5932185348,"products are good at good prices. but delivery is a pain. it almost never delivers on the date given. so if u dont have anything urgent to buy or need it on time, then only buy from here",3,2026-09-06 00:58:06
3523a553-7db4-4109-8df8-77c96933d662,very nice app wonderful superb,5,2026-09-06 00:51:56
60cf4864-b51c-4974-b601-3405993e571e,good 😊,5,2026-09-06 00:27:59
014a57c8-36e9-4448-bb37-22e2c8660ced,good,5,2026-09-06 00:18:23
374e3384-00f0-49c9-b0ea-f5d8091f6ae9,ajio,5,2026-09-05 23:56:54
57aebc8d-fe60-4b5a-9fd0-0f86a8e2140f,good,5,2026-09-05 23:53:17
0c2b3f7d-ff4a-4e5e-b6e5-9c3e17d0d00a,Excellent,5,2026-09-05 23:09:26
2d60351f-fad3-4c45-bee6-ab05ba1379a1,"just hell with this app. They changed order once and I applied for exchange, but the pickup person refused to pickup because there was no tag on that kurta. even I didn't receive the product with a tag. Even I trusted them again and placed order for 5 kurta suitset from ""TEXSTILE"" brand. I received a parcel that mentioned 5 suitsets are there. But there was a torn used and worst quality nighty. I raised a complaint regarding that, but they said that all the product were delivered. worst app ever",1,2026-09-05 23:00:50
3b5d8488-44ee-4c6e-8253-f6440c919f5e,"Initially it was very good experience with ajio used to deliver quality products but in recent times worst experience with ajio worst delivery party( shadowfax) returning the products became almost impossible in this app and missing of the products, delivering wrong products, and cancelling the return requests even if we contact customer care they are responding but no resolution.",1,2026-09-05 22:58:02
7afe0746-5f01-4c72-b4b5-60952f7912b8,good,5,2026-09-05 22:56:35
e9203e33-6bbd-47cf-9a21-1c9783b1d742,cost high on some products,4,2026-09-05 22:39:12
91cb63c7-f04c-428b-8c10-61731022458a,good night,5,2026-09-05 22:31:38
e93d3f9d-9098-4452-b01b-2ed2382cc84d,nice,5,2026-09-05 22:24:05
58f2c3c2-f963-4ed2-8ebd-51fe182a2ffd,"You idiot, are you crazy, what a idiot, whatever you show in ads, give that too, you show pants on insta, when you download the app you don't get anything like that, pants hat idiot, don't download this app",1,2026-09-05 22:13:55
aff20f54-2b60-4712-b94c-111a56147af8,Such an incredible app I really like the collection and features so much,5,2026-09-05 21:59:30
be87047a-d92f-49bc-bd5c-abd4032557d1,too high platform fee and delivery fees,1,2026-09-05 21:54:35
19cc3862-37ec-436e-96fb-d00c6b5d2932,good,5,2026-09-05 21:52:01
be717469-237b-4d87-8138-10f4cd181c62,good,4,2026-09-05 21:45:57
81c1c325-5f03-46a7-9adb-60100eab13e8,good quality,5,2026-09-05 21:42:35
be504886-5f9e-4ee6-99a5-a768176348a1,The quality of the app is super good and nice I like the fabric so much,5,2026-09-05 21:42:34
f0a3f3bb-e86b-405e-8072-ec6420054b9c,Good,4,2026-09-05 21:31:29
67814844-eb39-4946-81ca-ede727ff5bcc,The search functionality doesn't always return results even if they exist. And why does it take 800 MB of storage (Cache excluded),4,2026-09-05 21:22:52
20e3fdf5-0de2-4665-ae5c-900237e50071,slow app,1,2026-09-05 21:02:27
9ea1ef4c-f4e8-4089-bc56-78f7ad8f8143,ok,3,2026-09-05 21:01:37
fac09315-03f9-4a5c-b3d1-390996ab3951,love u ajio,5,2026-09-05 20:52:34
ad3d2024-ae42-4d81-8339-c6b25d7dbad5,Good,5,2026-09-05 20:34:14
20dfaa71-2894-432f-a1ba-71ffb484d50c,5 Good 😊,5,2026-09-05 20:18:51
a433e8e0-f76d-42fe-9684-63e768bf2b72,good,5,2026-09-05 20:11:59
825fac8e-15a9-4d23-8cfe-5a2a8490f199,awsm app it's my 1st experience of this app,5,2026-09-05 20:03:21
21586664-e014-43c9-9e7c-1c00bd85dc05,taking extra money for cash on delivery,1,2026-09-05 19:23:24
d487a079-2a0a-4b46-a606-93691db2b0e1,nice app,5,2026-09-05 19:02:55
de18ff4c-e637-4fa6-b591-9e9ee7409210,n❤️❤️❤️❤️❤️❤️❤️pk,5,2026-09-05 19:00:37
4e7b0cc4-d53e-4537-851c-ca71c586cb32,wmg o for what l1etipzco,5,2026-09-05 19:00:22
72fa9fd5-5ed1-4e67-98b2-e760a107bef7,Very disappointing experience.. I ordered a shapewear worth 600/- and the product I received was of extremely poor quality with the stitching coming off in multiple places. Despite receiving a defective/poor-quality product there was no return or exchange option available I contacted customer care but they clearly refused to provide any return or exchange. 600/- completely wasted on a product that I cannot even use. AJIO should at least have a proper replacement policy for defective items,1,2026-09-05 18:56:50
50db52b7-4727-4483-b94b-70ca0a2af617,this is worst possible shopping app there could've been. They mock their customers who order from them. Their delivery and customer service experience is worst. They have no hold on their delivery and logistics partners. they don't share their delivery partner numbers. Delivery partners also mock Ajio and its customers by taking forever to deliver products. Not only this they also excel at providing wrong information.,1,2026-09-05 18:55:04
d3198a9b-b403-4073-9bba-2284bfa5c205,ok,5,2026-09-05 18:47:20
98243597-7a82-45d6-931d-bd4376b7292a,good 👍😊 app,5,2026-09-05 18:36:08
c3a465c9-9dc7-4799-9a9e-f70ee92863d0,All is well,5,2026-09-05 18:35:57
61f213a2-2ae8-45d0-b40e-a1d755ab4e15,what a stupid process? ordered some no returnable items and what did you guys did. you sent all wrong sizes and colour. On raising Request you chose to irritate by asking for image again and again. what a bad experience never gonna buy from Ajio again. Zero customer experience. If I had an option of giving less that one star then I would have given less that one star.,1,2026-09-05 18:13:55
bf488f6e-666b-4758-a1af-9d9bff53a77e,nice,5,2026-09-05 17:55:24
d906cc4e-b8e7-456a-a7e6-277cdd6b62ed,i purchased a loreal professional product from ajio... in product photo it is absolut repair molecular shampoo and mask but i recived shampoo and serum and now ajio is saying its my folt that i did not read in description and it is shampoo and serum but what about their folt of writing shampoo and serum but showing shampoo & mask...most of people take any product by seeing picture and even i did. they are just making fool of us...they are just stealing from use that to such a big company Relianc,1,2026-09-05 17:45:23
7e171de1-b9e1-4e35-9dff-147b33364a3d,nice deal 😄,5,2026-09-05 17:40:52
83cdb814-b744-42a4-933c-e21035a58dac,good nice,1,2026-09-05 17:29:30
1ca9a1bc-5056-42ac-8cc4-792195cdaac7,nice product for Ajio app,5,2026-09-05 17:24:14
0099c5b8-9318-4078-bb05-e2c180251fd5,good,4,2026-09-05 17:07:09
90949507-07a4-4572-9360-0244509d6984,very nice,5,2026-09-05 16:47:54
a1dad22c-d8bf-4ce3-bd91-35643b314f3b,very slow website.,3,2026-09-05 16:30:24
a2871aee-c890-4e6f-9832-60b7ae3f90f0,best,4,2026-09-05 16:28:12
1b561240-e9af-4003-a951-d5d08a1300a7,good,5,2026-09-05 16:26:07
8081b1df-79cc-47c1-a360-c4fd6a61b956,wonderful 👍😊😊👍 👍 👍 👍 👍 💩💩💩💩💩💩🚼🚮,5,2026-09-05 16:23:18
684fa691-8d7a-4ee3-b80f-ff798e57ed92,very good,5,2026-09-05 16:05:42
a7a443d6-7659-4b55-84b0-ccad82662c81,Best Sellers,5,2026-09-05 15:19:25
e7417df5-a487-4828-9943-5bdeb0b42272,good 👍,5,2026-09-05 14:56:42
7cc5d990-26d7-423b-a08d-0d694ff9e8a5,worse app. do not order from here and it never delivers to you.,1,2026-09-05 14:47:35
c15c4f37-dc73-4f0e-9861-4866c1aee98b,nice aap,5,2026-09-05 14:47:16
ba0a1f35-9f52-4a80-b60d-0c7038ccd3d3,good,4,2026-09-05 14:35:01
02059557-d508-4a22-903c-d724d8c02552,good,5,2026-09-05 14:20:24
d14d6ad7-cc19-49ea-9a85-7e6082371e23,loved it,5,2026-09-05 13:02:59
5646c612-bdd4-439e-858a-646b89df7aeb,"Dress collections are good, but takes too long to deliver",3,2026-09-05 12:50:02
64b0a467-2e7e-4e22-8f9e-fb06367ec5b4,good one,5,2026-09-05 12:48:08
c175ab96-1353-48a0-9b3a-0bf43341c26b,good,5,2026-09-05 12:44:52
6dae9369-27f6-44dc-8ddc-3ef74fcef8a8,Good,5,2026-09-05 12:27:24
42f07ca9-4d5d-4301-a086-8fb97f9b5921,ajio you deserve 0 rating because I ordered 3 piece kurta set 1 kurta 1 pant 1 duppata but you sent me only 1 kurta this happening me multiple Times whyyy i want my money back i am really disappointed 🤦😡😡,1,2026-09-05 12:01:14
d36f5492-ee73-4453-8e48-caaf06b62b6a,nice 👍 very very good 👍,5,2026-09-05 11:50:53
3db27209-87b9-4a0a-a0df-2f5df48a065b,i need same picture products no need change same like this,5,2026-09-05 11:18:22
6d0761c9-d40a-45c5-9c48-702ff6d37670,good,5,2026-09-05 11:13:15
0c4645a0-c3b0-4cf3-9bcd-3b4f7f6e0a63,worse shopping app I have ever use ...can't even pick up order on time ! disappointed and late delivery,1,2026-09-05 11:07:05
b9c4f311-0229-4f37-b029-03115cbc8f26,good 👍,5,2026-09-05 10:57:52
f0707888-56ee-4823-9315-f46fcbcc1025,"There is lots of glitch in the app and there is some price mentioned below it the shows offer price.But when I click inside , it has another price",3,2026-09-05 10:51:15
2cb537f8-a5a8-4857-adf3-9618a30d8608,"worst app, heavy platform fee but service poor like payment keeps failing",1,2026-09-05 10:29:50
55bbc660-a8f6-4464-802c-12770fec01ab,good,5,2026-09-05 10:26:49
636242c2-7d17-4605-8cb7-c9562fe55c4c,super good👍,5,2026-09-05 10:24:48
a4a34713-6bdc-4c3d-ad98-820ff479772a,AJIO,1,2026-09-05 10:18:37
02da1eb7-015f-4951-90fe-c3b469309bf6,"""Could you please speed up the delivery",3,2026-09-05 09:52:01
b1cb3a83-8b79-420c-be5c-e83e4316d5f4,best.,5,2026-09-05 09:31:24
7afac8fb-dc0f-4825-9b23-e1a9a8c42b65,Ramesh Kumar Mishra Alambagh Om Nagar 551 ka,5,2026-09-05 09:06:32
65a7a259-6c06-413c-9ed8-403aeeb72e3b,nice,5,2026-09-05 08:58:27
d7c931f3-a118-40d6-837f-719fb63331ba,good 👍,5,2026-09-05 08:38:55
39067ec2-e251-48da-aabd-3c6cfb9183db,excellent 👍🏻,5,2026-09-05 07:56:09
ad8f7dcc-3440-4168-b76e-9d22eaaf3709,Fake discounts,1,2026-09-05 07:42:25
f408285d-ca31-4809-8eab-57cb48d390f2,good,5,2026-09-05 07:38:30
32176b30-b3c3-4607-9d7f-0277b423a4aa,"AJIO’s customer service is honestly unbelievable. One product was missing from my order, and after contacting customer care, I was told to wait a week. After a week—“wait 2 more days.” After those 2 days—again “wait 2 more days.” 🤦‍♂️ No proper update, no resolution, just unlimited waiting. 😂 I don’t even want a refund now. If you can send the missing product, send it. Otherwise, I’ll consider the money as a donation to AJIO. 😌 Absolutely terrible customer service. Very disappointed!",1,2026-09-05 07:37:45
aabc1090-ad83-40f3-8d1c-cdb469458c20,not very user friendly..Need to improve,2,2026-09-05 07:35:15
5d8d1333-dee8-4cc3-b599-ee1f51cb5eae,delevery late and exchange some time incomplete and you have to tell them ohh it's not exchanged yet they delay the exchange date 🙄 they give wrong product after exchanging then they don't show to exchange they option is available is only return and the product buying range will be higher then you buy before so irritating app,1,2026-09-05 06:45:01
0d59198f-fe55-4880-a04c-b5c9874070f5,good,5,2026-09-05 06:37:30
15b9838c-fe39-4a08-a80a-b599d5e14c02,good,5,2026-09-05 04:16:14
eb3b7d9d-1251-4989-98b3-324607fbcf98,ok,5,2026-09-05 04:13:54
168b60f6-edef-4529-ac34-40d17c518cc7,dekhte hai ab,1,2026-09-05 03:48:59
9d27f0d3-991d-49b6-bd14-6a62a355aa9c,worst,1,2026-09-05 02:53:06
f56fbc0d-9c32-4943-b23c-0ee639850ed1,Very good,5,2026-09-05 01:33:20
9f4163d3-895d-4534-815c-1a0297366f41,good,5,2026-09-05 01:07:54
e792a295-79e2-4c5b-be43-c4c3da4555d2,cash on delivery bnd kyu kr dete ho dusre app kbhi bnd ni krte bs isi baat se bekar app h or phir chalu bhi ni krte n customer care pr problem solve krte ho,1,2026-09-05 01:05:51
0c5e8ea0-4e8c-4231-83f9-8efc28538ec3,very best app this app produces very good quality,5,2026-09-04 23:58:47
d8aae808-ad1d-4262-a0fb-7cbe699f7715,bhut mehnga h,1,2026-09-04 23:47:21
9d5128b8-6b51-482a-ab75-bde391f87250,very nice ajio,4,2026-09-04 23:40:24
74f757d4-a0ed-4383-b5c4-301f5f35b1fa,"यांना - 0 स्टार द्यायला हवेत. ऑर्डर स्वीकारतात, त्यानंतर वारंवार डिलिव्हरीची तारीख पुढे ढकलतात आणि शेवटी ऑर्डर रद्द करून “तांत्रिक समस्या” असल्याचे सांगतात. ऑर्डर पूर्णच करता येत नसतील, तर ऑर्डर स्वीकारायच्या आणि ॲपचा प्रचार तरी का करायचा? माझ्या आयुष्यातील हा सर्वात खराब ऑनलाइन शॉपिंग अनुभवांपैकी एक आहे. अत्यंत निराशाजनक आणि त्रासदायक अनुभव. मी हे ॲप कोणालाही recommend करणार नाही. डिलिव्हरी वेळेत झाली नाही तर मी ग्राहक तक्रार निवारण मंचावर (Consumer Forum) तक्रार दाखल करणार आहे.",1,2026-09-04 23:29:49
af6743f7-0d83-48d0-9c31-0abdede83ac3,crazyyy,5,2026-09-04 23:18:01
90c55884-9da8-4296-9c93-e7da83b64a02,good,5,2026-09-04 23:17:26
1f72bec8-7075-448c-b854-968d7a338cd1,nice app,5,2026-09-04 22:53:14
8f6405ae-12b4-49b9-bdb0-a3d3da0ddbd1,ok,5,2026-09-04 22:52:16
41b48de6-2657-4505-83d6-779f1d868d0f,💗,5,2026-09-04 22:31:17
2ae9e83d-dfa9-4a61-a6ce-c17b968f49e0,good,4,2026-09-04 22:30:54
14fa63b7-4157-46d9-89e0-1c7e6a7a5395,product Acha hona chaiye,5,2026-09-04 22:17:14
b6849748-35b3-4f7a-841d-7764d0e2fc63,good 👍,5,2026-09-04 22:15:10
77fb89b5-a423-42ef-97cc-f31624bcc78e,good 👍,5,2026-09-04 21:48:01
9e29c9fd-5841-4c1d-af07-485ab98121ef,😍,4,2026-09-04 21:44:23
b99c06f1-8dcd-40a0-8ef0-d098819beadd,super,4,2026-09-04 21:36:02
e8748432-2015-40b5-9f0d-cc022d15f43f,wrost no response wrost shopping app,1,2026-09-04 21:35:10
e299819e-94b6-483d-a41e-16671b1bd560,good,5,2026-09-04 21:34:15
34f08a08-4ed6-456f-a53c-5ecd62fb5714,"Payment fails repeatedly, too bad.",1,2026-09-04 21:26:57
497a10ac-c104-46d6-a831-fd4bdf54be16,very slow site,2,2026-09-04 21:20:43
abf2dd93-a8ba-4846-a5b2-73865abe87db,thankyou ajio,4,2026-09-04 21:12:53
2bb20a4c-d143-4045-bc50-4f09a8175737,good ajio,5,2026-09-04 21:11:53
a81de6f7-f424-4a2a-90ff-bc8c72a94235,good,5,2026-09-04 21:03:01
628a3241-064f-455b-b064-d7c2b2c95cf7,because no replacement and returned policy. atleast 7 days replacement should be there.,1,2026-09-04 20:50:28
6e107287-a6b9-49a0-b138-cae5e84e4470,good,5,2026-09-04 20:30:59
de9655b4-d06f-497a-b4ff-77bea07ab9b3,good,5,2026-09-04 20:28:42
2580326f-4df2-4de1-a292-c35c1e67ae52,super,5,2026-09-04 20:27:51
71152f31-94d0-4e7b-8fa0-ca64962b4f88,good,1,2026-09-04 20:26:12
c6334c96-32a8-4fd2-8ddc-cbd9c8e702bd,"Good Products listed in Ajio. ⭐⭐⭐⭐⭐ Great shopping experience with AJIO! The product quality is excelentl, exactly as shown in the pictures. Overall, very happy with my order and would definitely recommend AJIO to others. 👍",5,2026-09-04 20:24:01
8b360492-a084-46a2-9ba5-c2d9d3994e64,worst app .How can you have an expiry date on ajio wallet . Its a wallet that's my money and I'll spend it when I want to what Do you mean it got expired. useless scammers.,1,2026-09-04 20:20:44
31daf9e2-7e32-445d-8db9-5a0aef8166a2,good,4,2026-09-04 20:05:15
c439eddb-ff33-47b1-bf62-f62cd342a8ff,i rarely order from this platform as I don't have trust but due to some reason I made some purchases. and it proved me right....I have to travel on the upcoming 5th and the product was supposed to be delivered yesterday but till now it is showing no track records... I never heard of blitz delivery..Help in ajio also so pathetic - AI is responding without providing any details like the status or reason...It's 4th September - not yet received ... ticket raised - no update....its worst than OLA,1,2026-09-04 19:51:38
7619c4e6-8feb-45eb-9af7-170678c2b40c,good for purchase cloth,5,2026-09-04 19:33:34
d9a5eb8b-2336-4129-8295-86b564261017,गुड एक्सपीरियंस थैंक यू ए जिओ।,4,2026-09-04 19:31:46
b06c00e5-0580-4a1c-a526-54d5a323cf8e,ok,5,2026-09-04 19:29:41
35cb7ec5-70d1-491a-82e2-ba78ee63add1,present nice 🙂👍 after 🤔🥹,5,2026-09-04 19:27:29
ea9711c3-a345-47b5-bbf4-ae86fd2f06d8,nice,5,2026-09-04 19:20:07
275dfb83-bd55-4362-b556-5da063842396,"I still haven’t received my parcel. The original delivery date was 28th August, then it was delayed to 1st September, and now it’s already 4th September, but my parcel still hasn’t arrived. How can you be so irresponsible? I ordered this product specifically for an occasion, but it didn’t arrive on time. Now that the occasion has passed, there’s no point in receiving the parcel anymore.",2,2026-09-04 19:07:17
7d89c497-19f4-49af-b1e9-08196fd6ee6e,not rendering anything when app opened,1,2026-09-04 19:02:35
540fcbff-e205-440a-bce9-190c38203553,"ajio is now a platform of harrassment .it was superb but recently lower quality product and logoless product despatched ,so that you can't try return request.I face it here number of times,bye bye,ajio 3rd sept,26 today ajio support team blocked me from purchasing anything, I complained,but no result.ridiculous.Whose loss?",1,2026-09-04 19:01:28
10314a9e-ed9e-42bb-b8a9-82d13293f94e,Good 👍,5,2026-09-04 19:01:22
eb0348b3-4803-48bb-b0ac-30fa9d1052a2,super,5,2026-09-04 18:59:12
2f539a2f-bff0-4375-8ae0-d986f7d89965,ye company 0 star deserve karta he.ekdam froud app he . logo ko thagte he. galat saman deliver karte he or return karo to tarik pe tarik dekar bolte he ki hamari taraf se koi galat saman nahi gaya return nahi hoga. full of scam . bharat sarkaar ko ese company par ekshan lena chahiye .aam public ka mehnat ka pesa kha rahe he ye log,1,2026-09-04 18:56:59
7e875405-c3a4-4e7c-93bc-0f92795bca9a,nice,5,2026-09-04 18:49:48
8bcfd138-7d9c-4b57-8c87-50fb9495c94d,ok,5,2026-09-04 18:29:02
c3ab8cc9-3f73-4032-8f19-8899ec3c4633,good 👍,5,2026-09-04 18:18:43
b9c5a8f1-8bda-4725-8005-14ec0d033985,good,4,2026-09-04 17:26:22
fe6208a4-bd74-4599-a101-4df922ae8abe,ok,5,2026-09-04 17:12:53
727b12e9-95e0-4488-aa9e-dfab9de8a922,classssss,5,2026-09-04 16:29:07
142175b3-3add-4ffb-8b23-4c268f6053d8,😮‍💨😮‍💨,3,2026-09-04 15:46:46
eb324d1f-0402-43af-8104-9c063e7492d1,good,5,2026-09-04 15:32:31
749f55fc-b8dd-4c0e-845f-2a25530c2f38,achha dia kro। purana kyun deti ho,1,2026-09-04 15:23:16
340717fd-b27c-46b2-89e5-bfedff5d453c,thnx for ajio,5,2026-09-04 15:15:52
ed781fb0-4d4b-4c66-972a-ae609ed52070,very slow,2,2026-09-04 15:11:03
f2b132cf-bd23-4266-823f-b56dfc487909,Ajio is totally scammer not giving actual product as shown in photo & also not refunding money back such ka scammer there are don't buy anything from ajio,5,2026-09-04 14:46:54
7a1fd48a-90b8-440d-8604-55fda9d03d99,super,5,2026-09-04 14:46:00
b3086b8e-5259-443b-8407-03946bbabe20,very very bad experience with the app...The customer support team is not good.....they are not resolving the problem clearly.....simply they are saying as sorry....they were extending the order return from almost 1month.... I won't prefer this app again...very bad!!!,1,2026-09-04 14:34:24
a1811846-c861-4b3b-b08c-d70010c0ba35,Great 👍🏻,5,2026-09-04 14:33:25
5ada464a-7238-4007-8225-6bbd905d80cd,very good experience 👌,5,2026-09-04 14:07:44
d451bf76-678b-468d-bbca-671c2775ef31,ye farji app hai esse different products milta h or return bhi nahi hota kisi type ki koi help nahi hoti ye farji and froud app h ess app se koi product order na kre please ye farji and froud app h very very bad app 😞😕,1,2026-09-04 14:03:19
40b761ac-8ac0-4f76-ab21-ec5a154c30b1,good 👍,4,2026-09-04 13:53:56
f40cd75a-cc94-4f70-a705-ab8e32257293,EXLANT SHOPPING FOR MEN,5,2026-09-04 13:37:03
9b3c4267-6811-49e4-8115-74a8cc11f491,Not credit my refar amount,1,2026-09-04 13:19:13
651be654-874b-48ee-9a96-5d3d8407043c,super,4,2026-09-04 13:14:54
c320083f-7f8e-4521-86f9-eca939a77de2,good,5,2026-09-04 13:11:07
78d8ff54-0ef5-44cc-b9a3-cf07dc6c81b1,good shoping app,4,2026-09-04 13:08:27
176e9812-4236-4571-a0b0-7389de65cf4f,Nice,4,2026-09-04 13:06:53
e1566850-b9ce-45d3-85f6-c32553dc697f,i need cash on delivery option,5,2026-09-04 12:47:31
dca711b5-857b-44a0-b23b-4750b8b018b2,good 💯,5,2026-09-04 12:37:38
f52fc5a4-c9e7-45dc-aadf-ae9bbfc59448,super app with full of discounts,5,2026-09-04 12:27:13
9632050d-693b-4c2d-bb49-b6d4bffa3852,don't engage xpressbees for courier they never attempt for delivery. repeatedly facing problem for prepaid items. return payment taking too long by ajio. very poor handling.,2,2026-09-04 12:26:26
93674ec9-2d1b-445e-b325-5c3fe22edd6c,abhi aane to bhai tbhi to batye kisha h,4,2026-09-04 12:01:11
bd2ca319-ba4a-4e00-9dd2-cfa77737c485,excellent,5,2026-09-04 11:29:58
abee3d4c-7f47-4e22-9c77-06508d6362e7,very good app,4,2026-09-04 11:16:25
521b66c8-d37f-4ab1-be1f-d4af7c2ef388,good,5,2026-09-04 11:06:44
d7500350-00ba-42f3-adc5-f88c5e51ae73,good,5,2026-09-04 10:45:08
61bd6787-0f64-4935-9490-d99ad529cfb2,scam app no trust..i had order some product but it wasn't right size so i tried to return it but noone came for it ..only use myntra,1,2026-09-04 10:40:06
b696b355-eecd-4271-a196-2e1d1d1c0866,Good 👍,5,2026-09-04 10:09:07
86d4f465-82ea-46c9-a10f-01e04ba80e39,"worst delivery service, order is out for delivery yesterday but not received yet and delivery agent is not answering the call every time I ordered I almost faced the same issue",1,2026-09-04 10:05:27
226a4b7c-3cea-491a-b459-b43e4a8667d6,ok good,5,2026-09-04 10:01:30
4fc5e62d-3a20-4788-b5ab-ed91cd37a863,good products,5,2026-09-04 09:57:21
75e9e30a-ba87-4a82-a4ad-377afae48e05,good,5,2026-09-04 09:52:35
63b7bcca-9658-488d-b30e-19d78e5d514f,refund issue customer service not working properly,1,2026-09-04 09:37:47
70997d61-9569-4696-a291-aa94ac84c729,good,5,2026-09-04 09:11:55
7bf01473-8406-4bf0-b155-25a96c9f1659,"I've never used a more useless app than this. If you don't want to deliver an order, at least give a response. Or your team doesn't even have the money for that. Meesho is better than you, you should be ashamed.",1,2026-09-04 09:04:47
63125cb2-aa4a-4f8a-85be-08006d69c974,price is to high in compare to past ajio,3,2026-09-04 09:02:20
7ab7d8b5-b2a7-47a2-b183-e1a74392d6e1,Good Offers,5,2026-09-04 08:35:33
ac9a87b5-d429-4f6a-a72f-8c3ec3d78e7a,good,5,2026-09-04 08:31:35
749704db-9193-41cb-8b80-312ba6f536d5,"so so so slow, even some local app work faster than yours.from last month it was so slow and very dispointed to even review the dress it make us stressed. why it was so slow, all other app working fine except ajio",1,2026-09-04 08:18:06
79ed3c77-0d7a-4889-b5e9-3d62475bbdb0,it's good platform for shopping,4,2026-09-04 07:26:47
e31c6c40-d1d4-4940-8901-d3b4496465cb,good,5,2026-09-04 06:30:02
adaf009a-38be-4ea1-801a-d9abf7d588de,nice 🙂,5,2026-09-04 06:14:11
77193974-1cc0-41c9-a6f0-4bf56293bb50,good,5,2026-09-04 03:25:51
73b8336f-1d10-4091-a01d-a1426556e144,this app is very good,5,2026-09-04 03:05:38
77d40045-00d1-42a4-93a1-31d1d4de7ef3,gudd services this app,5,2026-09-04 02:34:26
d9f439c2-144c-40a3-a961-cd9cef90dd3a,best,4,2026-09-04 02:27:35
d8da6b0c-8f98-4b45-899f-9f4582eb70de,good,5,2026-09-04 00:44:07
e929b988-91f7-466b-9bea-f3496fe3add5,nice,5,2026-09-04 00:38:32
e6b956c9-bfec-46ea-a4ab-db3fb68f654c,nice,4,2026-09-04 00:33:28
7bc2d39e-616b-4876-9cee-15b5e582e611,nice looking 😍,5,2026-09-04 00:21:34
acdc867f-7563-49de-82c4-855e02b27f37,smooth,5,2026-09-04 00:07:13
90698dd9-3425-4a6d-99da-2179d91df892,good app,5,2026-09-04 00:00:03
e5f408b6-dbf6-4b64-b732-36dbbf6ec1ba,The interface is user friendly navigation. Price is ok.,5,2026-09-03 23:48:54
d860444a-4b29-4e4a-90b1-342f99d0e8c6,Vuppada RAMACHANDRA REDDY good,5,2026-09-03 23:32:16
adb87a17-b28d-4643-9eac-3fbfd5fb75a2,bad,1,2026-09-03 23:25:04
73582bd3-8c13-4d75-a608-f2711429f4db,good just a little bit slow i dont know network issue or software issue,4,2026-09-03 23:21:27
709c8cef-4bf1-46f7-a56b-1bfc6b511832,good,5,2026-09-03 23:13:08
a263b735-65e3-457f-999c-0ee86a190146,Very good product and good offer available in that app...,4,2026-09-03 22:46:09
37f6f283-cfc1-4bd1-aee3-0e2a9cff21b9,Good,4,2026-09-03 22:44:41
fad5ca26-df07-442a-a1ef-eba7ddf94bf8,nice,4,2026-09-03 22:41:29
72f8b2e1-63a1-4615-94f3-04e2a0517a86,good,5,2026-09-03 22:39:48
7475a99a-2b07-4d8b-a1af-99fbcd53abe8,NAGARAJU you,5,2026-09-03 22:37:01
721c80d0-3f18-45fc-b625-263d0910a594,very good support,5,2026-09-03 22:36:26
4380f5bd-bbf8-458f-aba8-81e58047b382,super,5,2026-09-03 22:22:36
67eb340f-382a-4aee-bd1c-75937c1527e9,i always love ajio and I always buy thank u for very good quality product dene k liye 💝🥰💖,4,2026-09-03 22:21:22
f7aa2a6c-7d80-4b34-98be-bd52e853060c,ok 👌,5,2026-09-03 22:19:26
965c5a35-ca2d-4434-ad9d-c103ea244c2b,👍,5,2026-09-03 22:15:48
bd4b628d-7eeb-48ba-8b2b-ac690b2ea5a9,good,4,2026-09-03 22:05:16
4ef1ca30-d00d-4493-92f7-dba473059782,really good 😊,4,2026-09-03 22:02:47
a656e0b9-3290-41fa-a853-08d5b6882acf,super,5,2026-09-03 21:55:42
aa8f4e0d-83f3-41d7-8465-f355d916f4bc,i love ajio,3,2026-09-03 21:44:53
762ac9fa-cd07-42ec-9ee5-5216d35fd8e3,"The app stutters a lot, not sure why but it always works in 60hz and then starts stuttering, I have Samsung s24 with snapdragon processor. I loved the app initially and it was working fine but not sure what changes they did recently to make it useles. If the issue is not resolved then I will surely uninstall the app.",1,2026-09-03 21:44:39
6dc36eb7-275a-4056-b83a-1edc8b364333,very good 👍,5,2026-09-03 21:36:25
21223af9-a990-432d-bc90-7e4ed816a025,very nice aap and all brands wears available,5,2026-09-03 21:23:26
f65c90cd-25cf-4877-b631-b3dd082e7871,very good,5,2026-09-03 21:21:41
ce8aecef-3ee4-4b03-8628-e49851afb0d8,best,5,2026-09-03 21:08:24
aac29ed2-3291-4113-bb29-e4351a63e1f0,good,1,2026-09-03 21:02:17
5b6f1b40-4a1c-449c-a7c2-cd0f27f4e3f6,"Ajio is the worst shopping app I have come across. worst help care. I got my product delivered without tags and when went to return the delivery guy was asking for tags, which were not there in the first place. and he refused to return the product. and now I have no response from anywhere of my return and refund. didn't expect this from such a good named shopping app very much disappointed. I hope the product is returned and I get my refund as soon as possible.",1,2026-09-03 21:01:05
d3fcdbd9-3cb4-41dc-82a7-5fc01cb24f83,ajio very bad app don't use it. they always delivered wrong product and said not return. very very bad service,1,2026-09-03 20:50:51
b7dcd917-4650-489d-876f-9a6968510ac6,good,5,2026-09-03 20:39:13
a5a8031a-3ca1-4b80-ac7b-6f35e38e5e04,😍😍😍,5,2026-09-03 20:36:48
2b04bd02-6cc7-476a-8780-7321ae517b56,nice,5,2026-09-03 20:30:03
95bc3ee0-31e0-4051-837f-75d48ddea1c6,good,4,2026-09-03 20:28:39
cb1f40f3-6b13-4d1c-8d7d-4bee4a6f635f,good,4,2026-09-03 20:26:16
0cacb35c-39d6-4248-8644-6db28c179560,Good,5,2026-09-03 20:20:20
379b3e9c-b835-468c-ae02-60e7fedc354c,good 👍,5,2026-09-03 20:18:01
8d06a715-9f15-49ac-bebf-7dbc5ac4806f,good,2,2026-09-03 20:03:02
2a698879-295b-4d42-ab8d-2be7e3d7eeab,chor hai saale paise refund nahi dete or helpline number bhi nahi diye h loot te,1,2026-09-03 19:54:09
a1323829-9fbc-4854-ba00-0556b496d5e1,Amazing,5,2026-09-03 19:43:59
e3adb51e-1982-4e44-8fbb-e4bf3f2efead,nice,3,2026-09-03 19:36:50
cf8e8de9-f396-4705-887e-b5592a012282,Such am incredible collection I really like the features of the app so much,5,2026-09-03 19:33:16
5682f864-a458-48c6-a499-37e6cc2d51c5,The material is really good I like the fabric so much,4,2026-09-03 19:28:43
3750a2ce-24f7-4961-a354-87b295ce3192,"Ajio has absolute zero control over its courier partners (Delhivery, Haldwani). My parcel reached the local hub on 2nd Sept but wasn't delivered. On 3rd Sept, it was out for delivery since 11 AM. The rider intentionally blocked my calls all day, never visited my location, and at 6:41 PM updated a fake status claiming ""Recipient Unavailable"".When contacted, Ajio customer care lazily asked to wait for 5 more days instead of taking action against this fraud rider. This app causes immense mental",1,2026-09-03 19:27:31
987e8908-dc63-4025-bd7f-a1bba394a249,"BOGUS APP, THEY SHOW SOMETHING, SELL SOMETHING, POOR QUALITY DIFFERENT COLOR PRODUCTS IN THE NAME OF BRANDED PRODUCTS.",1,2026-09-03 19:26:46
5a3745bc-f6c1-46fc-90e3-f552f125e40f,good experience,5,2026-09-03 19:22:47
886e788c-63f9-4e4f-8ed5-c8291d010812,"A complete scam and disappointing experience! I booked kurtis using the vouchers they provided for first-time orders. The order got placed and shipped, but even after waiting 10 to 15 days past the expected delivery date, they automatically cancelled the order. They lure customers in with huge vouchers and offers, hold our orders for weeks, and then cancel them without any proper reason. Do not buy from this app.",1,2026-09-03 19:19:52
6f28e5af-5449-44bf-b276-d05bc298f4ba,gud,5,2026-09-03 18:56:41
1b013c5e-d3a4-4102-9e62-939ce0f75dbc,"useless, app not works near my area",1,2026-09-03 18:56:32
0aa448ba-0298-4700-8883-c812303b78a8,worst app.. cheap quality products. they delivered the product without brand tag and while returning they didn't accept the return as there was no brand tag.. worst experience,1,2026-09-03 18:50:58
fc09bc1f-19fc-4d3c-b702-1d2b18a4e352,superb,5,2026-09-03 18:42:32
2746e4a3-daff-481b-83db-ac7c2ca11ad9,Best platform,5,2026-09-03 18:40:21
b7f38c99-2bce-4401-8b75-3b0d9b85f6ad,nic,5,2026-09-03 18:34:38
4d40c8f0-3035-45f4-9606-0a8e2a94b7c8,my fav app for shopping,5,2026-09-03 18:22:06
0e94776e-912c-47c7-908f-7a6b30c5545b,nice,5,2026-09-03 18:20:54
cda5992a-61fb-441e-8f0f-026001442b0d,good,4,2026-09-03 18:20:07
c30560a2-7c14-4eb4-abb1-a289d392f48a,thank,1,2026-09-03 18:07:31
27c5f403-2512-4023-b4ac-d69be06939e1,ok,5,2026-09-03 17:52:42
fdf042bf-3959-43af-9079-67e6dff351c5,Poorest Ajio's customer care with fraud logistic partner Xpressbee. This platform leaks customer information to Scammers. Not safe to buy on Ajio. Be aware of this online e- platform.,1,2026-09-03 17:37:00
59c3e952-f088-49a5-8cc2-9c5c4a959d95,good,5,2026-09-03 17:32:03
c07160f9-a0d9-4f0e-a7dd-d7ab527b5e1d,good morning,5,2026-09-03 17:12:59
7cfe6f36-b14c-484a-8415-e8030626092e,wow,5,2026-09-03 17:04:42
3bc1233e-c93e-49b9-bb43-f174a9cad73d,बहुत ही अच्छा collection हैं इसपे,5,2026-09-03 16:48:44
3fff5ed8-a513-48ca-8c74-6181eb7f381b,totaly lazy app. take more time to open.,1,2026-09-03 16:39:44
8bef9f38-d684-4706-98b3-fc28a9810d8e,good,4,2026-09-03 16:20:14
6b937be3-0ab9-401c-bb2f-312bc4796dcc,nice,5,2026-09-03 16:13:52
c40e0048-e41c-4fa1-9b35-2b80971eb072,not yet experienced just now installed it. and your asking review,5,2026-09-03 15:50:09
fde8fba3-a34e-44ca-b1cd-d487753c9b3e,worst app,1,2026-09-03 15:47:42
54c97df8-0fbb-4128-ac41-c7f30ee6de10,good,5,2026-09-03 15:08:20
b0b39c04-2dc6-43e1-a73c-44a5fb0b9c3b,Good,5,2026-09-03 15:04:32
ce1de615-b986-4398-bbe8-e06721b9a306,aurgent delevery plz,5,2026-09-03 14:55:48
7241a207-7b5e-41a9-ba60-2bc9b9d090ba,netplay is very nice,5,2026-09-03 14:54:32
5827304b-f44c-45b4-aae0-dd23c738307b,very bad app... and very bad service... do not installed this app.. 😡😡😡😡😡😡😡😡😡😡😡😡😡😡😡😡😡😡😡😡😡😡😡😡😡😡😡😡😡😡😡😡😡😡😡😡😡😡😡😡🤬😡🤬😡🤬🤬😡🤬😡🤬🤬🤬🤬😡😡🤬😡🤬🤬🤬🤬😡😡🤬😡🤬🤬🤬🤬😡😡😡😡🤬😡🤬🤬🤬🤬😡😡😡😡🤬😡🤬🤬🤬🤬😡😡😡😡🤬😡🤬🤬🤬🤬😡😡😡😡🤬😡🤬🤬🤬🤬😡😡😡😡🤬😡🤬🤬🤬🤬😡😡😡😡🤬😡🤬🤬🤬🤬😡😡😡😡🤬😡🤬🤬🤬🤬😡😡😡,1,2026-09-03 14:29:14
5d9e53af-4d9a-44e3-935a-87746721bf01,please don't order from ajio they're fake my order was accepted and suddenly they cancelled and my payment not refund me last 15 day's not responding Also a bad experience,1,2026-09-03 14:17:43
50ffd4e9-8efc-4c43-90e8-b279b1361495,good work,5,2026-09-03 14:07:48
7fc10f30-15b2-4617-8ac7-dc937b7e1131,poor experience,1,2026-09-03 13:51:37
2797d388-3c7e-46d3-87c1-b65feadb38a9,good,5,2026-09-03 13:51:03
ce139ce4-1308-4c28-b54c-c52baebff38a,don't install this app they don't respond to your problem they simple give one number but that repeats same as same this is worst app even the shopsy is best app then this worst app think twice before you download this app worst quality worst response worst experience and waste fo money,1,2026-09-03 13:47:56
427120ef-f045-49c8-b2bb-545a60ac98ea,"The app has been completely ruined. It used to feel so smooth and natural, but now everything feels artificial and frustrating to use. The overall experience has become terrible. Please bring back the smooth, natural experience it used to have.",2,2026-09-03 13:37:22
77b21f2e-8033-4858-8111-de87bba329df,thik hai,3,2026-09-03 13:30:58
333a9884-921d-4ae9-a8e9-a28e9c81a591,worst shopping app. Orders are cancelled without consent and without any reason.,1,2026-09-03 13:00:11
33acd4d7-516d-48c6-a454-bfeaa55331c8,best,3,2026-09-03 12:46:45
6f2835ff-61d1-40c2-8763-97502b05ca58,we want more collections from avaasa brand in 2 pice set under budget of 500_600.,5,2026-09-03 12:45:23
788845bc-89f9-4806-a597-7452fca21e9d,itta ghatiya app hai phle maine e shirt order kra wo deliver nhi kra in logo ne ab order cancel nhi kar rhe itta ghatiya app mane dekha nhi tha upr se customer care nhi ek no ka behuda aadmi hai koi response hi nhi diya,1,2026-09-03 12:33:54
57f3afda-7574-4005-aebb-5060d25473ab,"I will never ever use this app again. Some days ago I ordered a anarkali from nyrika. i found that beautiful to me and I eagerly want that product. But they canceled my order after 7 days.What you think it all about money?If those products are really not available for purchase. Then why you guys put their pictures on your app. They says it will refund within 24 hour or 48 , but it is not all about money it also about emotions . The most worst app for purchasing I ever used",1,2026-09-03 12:31:55
046ca646-3ff1-4b12-9ea2-8adeeb4e1013,"worst app, never ordering from this app again. Totally scam",1,2026-09-03 12:08:08
d3be8434-9b20-4d87-bf95-bbc118e27520,amazing stuff,4,2026-09-03 11:37:13
00abe5bf-e8ed-45ae-8073-ee3e7e2e15fe,great,4,2026-09-03 11:35:15
b2004ecf-479d-48c9-95bc-33587daf92f9,Nice 👍,5,2026-09-03 11:24:42
c617114c-fb6d-4c9b-a73e-ea0f56d8a630,please cash on delivery option,5,2026-09-03 10:58:49
521fc5eb-fb2c-4fb5-ab38-5eec612c51e0,good,5,2026-09-03 10:58:48
24389aca-cbe3-4f47-a84b-87eda7ea5109,"Very bad service.. my suggestion not use this app.. Whoever asks for the parcel, either delays it or cancels it. My suggestion:- Myntra app this is best app",1,2026-09-03 10:46:57
6f0debaf-3473-4ca7-a83b-d018341f3c04,"very poor app, there delivery period is long,poor interface,poor working app,",1,2026-09-03 10:45:35
8468701d-70fd-4eb1-a919-18dd69fbec27,nice,5,2026-09-03 10:34:26
e693dea6-0af3-43f8-8b55-3b8745bb089c,good site,4,2026-09-03 10:27:52
079df0e6-8682-4424-ac8e-84f67a209cb7,good quality 🙂🙂,5,2026-09-03 10:26:23
644dea22-23a9-49a2-8862-b29e5a6e64c5,best app,5,2026-09-03 10:03:17
c14f7ef9-bd5b-4070-90f9-a4c884315d54,Best quality,4,2026-09-03 09:07:29
504005e2-d0aa-417a-a2b9-8d2ea4ebdc9d,Nice app,5,2026-09-03 08:18:17
be27955f-27d1-470b-9957-0b5870fc0e82,very good very nice super,5,2026-09-03 08:09:09
7b1d4e1b-8a3e-41db-b1e1-6b72f235e223,good app best quality product's i love it,5,2026-09-03 08:09:04
560eef07-9510-4abc-9032-c182d72a7aa6,good,5,2026-09-03 07:41:28
28eebb0e-d5c6-4ff8-8157-6f5f8d5ef0ed,Good,5,2026-09-03 07:31:12
fa5ce3e0-986b-4d71-9d6c-004cd99b4249,superb quality with affordable price 👑👑 love ajio ♥️♥️,5,2026-09-03 07:07:28
f50e031c-3ebe-4b37-9431-158a4aa51801,nice,5,2026-09-03 06:56:50
a90a3c17-d830-4927-8af4-9621fde7f4c8,good aap,5,2026-09-03 06:49:16
3a982acc-c26d-4914-b3e7-8e103ac44bc2,I placed a few items during the month of aug but the size was too small than expected. still unable to return those items as I'm facing some technical error during the return pick up. even I reached out to customer care multiple times. I haven't received any solution till now... this is really frustrating and I'm sure ajio will lose the customer trust because of these technical errors... please take this as escalation and provide me some solution.,1,2026-09-03 05:12:49
3e6b3987-4d03-4485-b0bf-e142e86d5d16,good,3,2026-09-03 00:01:08
1ef08f18-4b0b-4597-9895-976cd8fd1ce3,doesn't gives offer,1,2026-09-02 23:57:17
f6d2ad5d-0fcb-43a1-80ff-4291d251c2b1,let's try,2,2026-09-02 23:52:19
12314951-6d1c-4312-be77-1993960df936,nice app,5,2026-09-02 23:45:11
930d18d3-0214-4318-90f6-a1e9b4060fe4,Rambilash baba,5,2026-09-02 23:38:56
03f7573d-bb5d-4ad6-9221-6765f36e4523,good,3,2026-09-02 23:25:46
a833f375-7096-4131-bc52-72504b72cafd,this app is not giving any offers and discounts.every day changing prices moreover the product offer is showing one while applying coupons offers are not included in many of the products. and charging all unnecessary fees charging when compare to other apps.platoform fee delivery fee.,1,2026-09-02 23:15:41
a034ba3a-bcc8-4085-906a-3104233b7b69,super,5,2026-09-02 23:05:59
86253aaa-265d-425d-9a88-87fc1acf9977,They take orders and at the last minute they cancelled the product and I recently returned my product from the last month 21 /8/26 but they don't return my money . I think meesho is better compared to ajio,1,2026-09-02 23:05:07
97fa82b1-d778-4055-8ee8-ed98f64d16a0,precious metal coin selling price is more then flipkart . Buy from Flipkart Myntra,1,2026-09-02 23:01:05
7bdcc7ae-366f-4982-951b-7e7c2d6f11be,"it has become very slow while adding to the cart, while making payment, while fetching loyalty points. many times it gets timeout.",1,2026-09-02 22:50:00
cceaac66-dfd1-48b3-8260-f011195ac77a,excellent,5,2026-09-02 22:35:36
9cd8985e-26cb-42ab-8ebb-49037ab130c6,good,5,2026-09-02 22:31:54
9521488e-8bfc-4055-a91d-b12fe8651519,good facilities,5,2026-09-02 22:19:14
20487813-c991-4255-ac0e-84f077766fc7,Nice 👍🙂,4,2026-09-02 22:01:28
e142d32a-9f00-4103-8383-598e0c0d9c08,excellent 👌,5,2026-09-02 22:00:26
a4dbc82c-6fe9-44dd-94c5-d3d2cb1e5d87,nice app,5,2026-09-02 21:57:42
395d4e1a-1b96-4e65-8792-91222f8e3f0d,good,5,2026-09-02 21:55:47
ce028a81-8169-4d41-9bbf-12f3d0cdb0c2,very good,5,2026-09-02 21:42:12
7ac77a4c-64c6-4c66-a97d-f01d3bd24a0e,very bad in service,1,2026-09-02 21:31:48
8918389b-e80c-48ef-b42e-e1d1515b9fd4,"Absolutely the worst shopping experience ever! First, they send an incomplete order, and when I request a return/exchange, they cancel it saying the order was complete from their end. Then I have to call customer care, file a complaint, and wait another 7 days just for them to decide whether they’ll accept the return. If they do, the pickup takes another 7–8 days. Basically, for one order, you have to use all your patience. My order still hasn’t even been picked up. Extremely disappointing!",1,2026-09-02 21:19:04
6f3a1aea-c6e2-4278-8066-a7c7f8f5bee5,👍🏻,5,2026-09-02 21:16:33
583c835b-cd10-41fa-bdfd-7ab4df33046e,good,5,2026-09-02 21:08:59
7b8d152b-9540-4769-85dd-e23579dd5234,good,3,2026-09-02 20:59:54
4cfabd54-c82c-426a-82f7-b3e7f214ac6f,good,3,2026-09-02 20:57:31
6b1eae8d-33e4-4afa-8e04-abaf19db6884,soo good product,5,2026-09-02 20:56:15
c7e7899c-439a-4e1b-95d9-dccae55364b2,good application 👍,5,2026-09-02 20:56:11
7087d13d-e42e-4ad2-937f-eed7368166d3,fast delivery kavali,5,2026-09-02 20:55:09
650de2e5-0462-4c35-a4f7-59ed7eecba2e,👍,5,2026-09-02 20:36:04
209fcfc4-c9b8-49ce-b75c-57990a595f91,i trusted this app very low price and best quality,5,2026-09-02 20:13:50
188dc9d5-29ca-4ca6-949f-b72fbf02584e,not bad,4,2026-09-02 19:28:34
0655c00d-4cf3-4a5c-a03e-935c249ad8ec,Good,4,2026-09-02 19:26:41
6580f121-e73f-4514-a71d-26637bd6bef0,my very bad experience 😞,1,2026-09-02 19:22:59
685da029-fd5a-4c70-95aa-c875929794f4,Good 👍,5,2026-09-02 19:14:43
717f97dc-acce-4beb-ae2a-b930f5e2a78d,ok,4,2026-09-02 18:54:49
fced5207-a98a-4845-ad49-ffc21a717fe3,"What is wrong team Ajio, it opens couple of products and then stops opening. Have to go back and redo all the search and filters again. Ah.. quite frustrating 😒",2,2026-09-02 18:43:00
02348dd1-9435-44c1-bbc3-3d525d16e814,"Very bad experience. I ordered slides, but the delivery was delayed so much that I never received my order, and it was eventually returned. After waiting for so long, I was left without the product. The delivery service and overall experience were extremely disappointing. My coupon got wasted too.",1,2026-09-02 18:33:11
fc740908-cc87-4118-81ef-4bfc6c4155f7,Don't waste money on this site.... this is my second try to purchase from this site and i not only got wrong product but also damaged...when i tried first time they cancelled my order on the date it was supposed to be delivered........,1,2026-09-02 18:27:50
919d8daf-7741-481a-9f2b-1e76e4fc2e17,very good,5,2026-09-02 18:21:43
903b2da0-728b-4791-80c8-07fdec44889f,Ajio customer service is not good at all.,1,2026-09-02 18:19:53
64dc381b-bc61-4c42-9fe6-d051bc480a44,"worst service ever. I have ordered a product and received the wrong product. when i tried to return the same by stating the same, they are rejecting the same stating correct product was shipped and delivered. Even their customer care team also saying ""We're sorry for inconvenience."" Even they also not resolving. when I sent all the evidences in the mail also, they simply rejecting saying ""Correct product was shipped & delivered"". Thank you ajio for stealing my Hard earned money & wasting time",1,2026-09-02 18:17:27
abf8eb1d-0d6f-4352-84f1-0f62447aa8b8,"worst app. the product quality is not as good as seen in the picture, return has no option.",1,2026-09-02 18:11:30
78205766-98fb-41d9-afed-ab2693b5b397,"Absolutely pathetic service from AJIO. I paid for the product upfront, yet they couldn’t deliver it for an entire month. Instead of resolving the issue or even providing proper updates, they casually cancelled my order automatically. Taking money first and then failing to deliver is an absolute joke. AJIO seriously needs to learn how customer service works. Extremely disappointing and unacceptable.",1,2026-09-02 18:10:36
537e15fe-d7d5-4f7e-aad0-dd96ea16e6f9,"worse shopping experience, please never buy anything from this pathetic platform, i ordered 5 articles prepaid ,on 02/07/26, received only 2 out of which i ordered a full shirt 40 size of which is L in size i received a t shirt of 9 years old baby, with anti theft tag intact, i don't know where they supplied the Stolen articles. & this delivery took 15 days... today is the 2nd of September I'm yet to receive my refund, and yes they even charge a platform fee what's this fee for not delivering",1,2026-09-02 18:08:36
87617795-a478-435d-b4ab-50d1bae0a3a0,no offers like 20 to 30%,1,2026-09-02 18:07:18
febe1268-9a55-4ade-91d6-a5ad320cdb85,"I cancelled my order,but the money has not been credited to my account yet plz refund my money",1,2026-09-02 17:35:33
78aaf40c-29d3-48ec-8c9c-8c4aba062e87,"One of the most pathetic service providers I have ever seen. AJIO sends used and seemingly fake products. You order one brand and receive another. When you raise a return, they take almost a week to collect it, and then say the refund will take another 15 days after “quality check.” The irony is that they don't properly check products before sending them, but conduct a lengthy check when customers return them. I would never buy from AJIO again. Play Store should have a negative rating option!",1,2026-09-02 16:44:45
02952787-c0ff-4e7f-8b6d-284264775c24,nice 😊 app with good offers,5,2026-09-02 16:36:55
9b4368e2-cc0a-4b7e-9bdc-1f3cdaa7f3fe,nice app,5,2026-09-02 16:26:05
cf9c434c-6c89-414a-acad-a029a6052dbc,i feel good,5,2026-09-02 16:19:42
e27c8f40-d793-4f2b-a492-ee93405944f0,no cash on delivery,3,2026-09-02 16:00:26
7ed0b21e-6e7c-4238-8200-1f9dc734449e,It was worst experience with AJIO. Orders are never delivered on time and auto cancelled. money added to wallet disappears and customer service have no clue about it. Uninstall as soon possible and do not use it ever.,1,2026-09-02 15:59:50
57aa2631-3fc2-4b37-a661-c29b9a65cd0d,super,5,2026-09-02 15:59:36
13c1a9c0-ed08-4dac-ab59-47976f9c5938,"AJIO is providing top-quality services from the bottom 😁 and I can say that this is the worst app for shopping. They don’t even provide quality materials, and their customer service is also the best because they never provide any resolution. Instead, they provide a 30-day waiting window, just like the railway 🚃🚂.",1,2026-09-02 15:05:32
8e0bebd2-9626-40a0-9668-9e46a9b2094a,plz send a best quality product anything I don't purchase next time . I am first customer of Ajio shoping app 🙏,5,2026-09-02 14:56:39
f787dd8a-6d09-4fd3-9af9-b7ce8d282a6d,pura bekar app hai.customer ko used product shipment karke bech rahein hain 🙏🏻❌,1,2026-09-02 14:55:33
d59c2ecd-7ea7-40c3-b7ae-ca6c3f7976db,happy shopping,5,2026-09-02 14:48:31
115851f1-2e5f-4d66-a8ee-488a4bfb17eb,Worst experience ever!! Order earbuds and the delivery got delayed over and over again for literally 3 times/3 different dates. And then they cancelled the order on their own without even consulting me. Also they put a convenience charge of 23 Rs and it was non refunded and i did not even cancel the order. This has been such a frustrating experience.,1,2026-09-02 14:34:04
2709687b-911c-43f3-84d0-98aa9428b36d,nice,4,2026-09-02 14:28:18
217bb3d1-93de-43d4-89e8-4c11977b10fa,Best option for grands to gift there's relatives,3,2026-09-02 14:22:33
785cc2ce-ae4c-4f9c-bcc7-daad5ab0b713,good work,3,2026-09-02 14:21:56
7b858fb0-5650-4b04-bcc8-788791de0438,very good,5,2026-09-02 14:11:26
dc03e542-56cd-4bca-b33e-ff26e874ea15,okk,5,2026-09-02 14:03:45
c4197975-f048-4d2a-9b2b-64118ed1548d,ok,5,2026-09-02 14:02:08
cfe76bf5-4ce4-47d6-ab8b-3b3f9804dc47,"Amazing, Sells as it looks",5,2026-09-02 13:58:23
46b333e3-b6d4-41fa-b69d-4390c4d1b168,super 👍 fast,5,2026-09-02 13:55:06
d3a1a604-ab14-43df-97d9-500c25ad2c37,well,1,2026-09-02 13:53:32
d67880d7-db39-4da5-8c27-b56d1aa940fd,good,5,2026-09-02 13:34:54
5112e89a-72bd-45ad-aff4-cf01e37091e7,good,5,2026-09-02 13:10:29
e5b1ba62-31de-491a-b2ae-a343b5159ed6,"Thank you , your quality is improving 👍👍",4,2026-09-02 13:09:01
2bfc170f-1ca8-41f1-96f4-5963f246772e,it good,5,2026-09-02 13:01:35
5c0802a9-b4eb-40e4-b7c8-46396b97c8ea,Best Shopping App,1,2026-09-02 12:55:41
df973f8e-fe63-4565-ae59-7f959617aced,bekar service. Saman order karke bhul jaao.,1,2026-09-02 12:53:13
f721d238-4979-463f-8ca3-b18e950a0c0f,good,5,2026-09-02 12:52:40
10335b51-578e-46ad-8841-d3d8695c1b49,"Absolutely pathetic service by AJIO. I raised the return request on the very day I received the product, yet after 10+ complaints and countless calls, you kept giving fake pickup dates and making me wait for over a month—only to disable the return option now. If you never intended to pick up the product, why the hell did you waste my time and keep extending the dates? Completely irresponsible and disgusting customer service. Never ordering from AJIO again.",1,2026-09-02 12:44:10
ba5fd827-359b-4957-9a1a-1b7374b758a0,"Very bad experience with AJIO. I ordered the same Adda TONG product twice using two different Jio numbers to avail the new 30% off offer Both orders were successfully placed, and I was simply waiting for delivery Later, when I checked the tracking, I was shocked to see that both orders had been cancelled without any prior information or proper explanation I was completely unaware of the cancellation When I tried to contact customer support to know the reason, there was no proper assistance.",1,2026-09-02 12:30:05
9069a7e9-0d86-4acb-b0f8-36b07fa44426,good,5,2026-09-02 12:26:08
f0916c50-743f-480c-879e-a564e22ffaa3,good better than myntra,1,2026-09-02 12:23:05
7cd578be-a6dc-440a-bbb8-7df2fd7c3777,good,3,2026-09-02 12:16:49
068c55cc-6f3d-43c5-a8db-ebd2d893718a,the customer service is soo bad. I ordered 2 jeans which was supposed to be delivered in one day only and it's been 5days already and there are no updates for the same and when I reach to the customer all they ask me to wait for like 10-12minutes then they get back and say that they have raised the complaint and doesn't let me know what's the complaint they have raised and ask me to wait for 8days further and there is no one to respond everyone take 5minutes minimum to reply to your query.,1,2026-09-02 12:15:27
126a8ced-b303-49c0-b6bb-4f6d5c788602,Super,5,2026-09-02 12:13:05
150e4a10-0044-4d0e-bc1a-f4cfeaec4236,super,5,2026-09-02 12:10:50
236a83ea-8873-47ec-9bb2-3f28c698064d,good,5,2026-09-02 11:55:00
2c9b650a-b2cd-436e-b7f5-f708d5d8cd23,cod option is not avaliable,4,2026-09-02 11:36:03
b58a244e-8711-4ccf-99f0-751bebe6ee1c,"D jackets etc etc does not show d proper measurements, eg the Length, etc ,thanks",2,2026-09-02 11:08:59
b9fb592c-a26d-46df-9127-ff5cbf49d796,good collection and price,5,2026-09-02 10:59:03
85db98c5-ef59-424f-98e1-796d011d9669,❤️❤️❤️,4,2026-09-02 10:57:30
1f802d69-f23a-46ec-a9ed-bc336b1f5d64,Fraud app hai first time order kiya tha isase dono product dikhaye khuch bheje kuch abhi 4 din ho gaye return pickup krdiya hai ab bol rahe he ye log 2 sep ko paise return honge ek product return lenkr 3 hours mei paise vapis de diye the ab ye na paise vapis de rahe hai na hi proper response de rahe hai na call ka na chat par jabhi chat open kro tab naye log aps chat krte hai our har bar ek hi chij puchate hai kya problem hai photo bhejo and fast reply nahi ata udharse time waste kr rahe hai.,1,2026-09-02 10:53:45
2140326d-782e-4729-9aa2-981bb268f8b9,charges are very high,2,2026-09-02 10:49:20
bfcb5873-d9c6-4eb1-866b-050ea8abbbda,nice 👍🙂,5,2026-09-02 10:37:22
eba2efcc-d6b8-4129-8efe-def2e4af5c9e,good,3,2026-09-02 10:13:37
4523cd8d-9770-4dda-85a1-e8149a8a11ce,Nice,5,2026-09-02 09:48:04
9c86b605-4d59-41c8-8043-5654b1c6b710,good,5,2026-09-02 09:44:17
a191c433-fb37-49db-bd09-1481bad15b29,confirmed order was cancelled payment also made no reliability on ajio you can't trust them nowadays poor service .money still not refunded,1,2026-09-02 09:42:49
4273f6a2-274b-480f-913f-31508429595d,Its not at all a user friendly app The material of the clothes is too bad & the delivery date on the app is not accurate & so is the return date not accurate I had requested for return of an outfit for which the date was mentioned for next week & the pickup guy ended up coming the very next day & it was a chaotic situation to return the product as well Bad experience so far!,1,2026-09-02 09:37:17
8cb919e5-d0e4-4a95-8cc6-cd0e4f18aee0,Best app to buy the stuff in the affordable competative price.,5,2026-09-02 08:47:33
e3ba4345-2771-408d-a892-74866cea2986,good 👍,5,2026-09-02 08:35:13
aa75a224-cbca-432c-9ced-99deb38487e6,good,4,2026-09-02 08:25:11
a47beb49-9486-4d6e-acb8-d057f08e0ffa,Excellent platform,5,2026-09-02 08:13:38
29be4bdb-6b4d-43d0-a5be-fa360c4759ee,khatam,1,2026-09-02 08:03:40
91e09d12-7783-41bc-8ccc-aca6a11fa7a7,good,4,2026-09-02 07:16:28
e55a6a0e-10bd-4e40-b3ba-93c57bd06c8e,ok,5,2026-09-02 07:07:07
2731f38b-3fe2-4182-b7c0-b981196318d9,best for online purchase,5,2026-09-02 07:03:30
fae199a0-cbb4-4ae7-a1e3-2c4ea98a536a,nice experience and best rate of products,5,2026-09-02 06:36:43
7a6ab5a3-8158-4a1b-9011-9dccbc625128,"ur service is so poor didnt expect this from u,u have not sent me my one product instead there is written on the delivery packet that it contains 5 product but still their was only 4 products inside & tried for customer service regarding it no help from ur side one of the most worst customer care service amongst all the app never going to buy anything from this site worstest customer care service just stop using this app all the people there they did a scam with me",1,2026-09-02 04:00:55
a7245f26-1fb9-4997-9635-ed3b28dd3c69,goo happy,5,2026-09-02 02:44:08
0517e3bb-979a-4369-86fe-af60d2d70674,nice product,5,2026-09-02 01:07:56
f255a3cf-a1b5-48dc-be8d-2cab29b6bb66,good 👍🏼,5,2026-09-02 00:52:50
48d0e35f-1762-497d-88c7-5889dc47167a,best quality products,5,2026-09-02 00:36:49
08ae200d-4f52-4f90-98a1-5e35743d4338,i ordered my first item on this let's see how is it..,5,2026-09-02 00:33:16
0977f3f3-c8c4-445e-840f-9321804cfdc4,good,5,2026-09-02 00:28:50
09c0fab4-4c1b-49ca-b040-8b95c91c6289,good,5,2026-09-02 00:16:06
11a8a501-334e-4a0d-a1c0-61f61b29e7a3,😊,3,2026-09-02 00:14:58
19b446d0-86c0-4e1a-865a-0e7894470da1,nice 👍,5,2026-09-02 00:14:39
8a19bd9b-99fe-4d49-b34a-c6f04448250a,wonderful,5,2026-09-02 00:04:29
f7fb9dec-6e5c-4041-bf22-eb3be619aa0b,good,5,2026-09-01 23:19:15
31cf25d7-4474-4434-976a-6eb0203956b9,very slow interface,4,2026-09-01 23:14:33
1f6f5621-2814-4af6-b4f9-3e43ef8dffc1,good,4,2026-09-01 23:07:19
5b724a78-2b6c-4834-b15d-6a85fe0eb3d0,Good,5,2026-09-01 23:00:46
20039002-c8f0-4e5f-9347-64ca0dd8aa5b,excellent,5,2026-09-01 22:56:42
0a3262eb-43a9-4c7d-aa3f-e5d5b1a92708,product quality and price 👍,5,2026-09-01 22:47:20
1b155c96-1ee5-4266-af07-51b6dbec36cb,good platform,5,2026-09-01 22:46:43
b59d9f98-e02d-4e85-9a0c-cebdd5cc8786,no speed,1,2026-09-01 22:45:10
a21b29e1-0195-4913-8cfd-1d72fa1e50d9,"Worst app ever! I have purchased a 2piece Co-ord set of ₹1522 but incomplete product delivered on 20/8.To resolve they keeps on extending the date. Now the refund option is not available. Customer care once tells that they have launched complain next time they are denying, Giving same response via email every time, waste of money and does not allow to show your problems in the app review. Fully fraud app",1,2026-09-01 22:36:51
296daae4-5a7e-4b8b-a4bb-84d793d29526,good product 👌,5,2026-09-01 22:31:51
65159dbb-d07f-4d56-ab33-774d6744fc7f,very good,5,2026-09-01 22:18:39
18cdc075-39f5-4869-8b49-51d774f0e2ad,This app is very slow,1,2026-09-01 22:15:31
333f8ce1-f407-4d05-b704-be8369f42573,good,5,2026-09-01 22:14:21
79107d88-0955-4adb-b445-73eec140d24c,excellent,5,2026-09-01 22:04:04
60648b81-915c-4188-997c-fb8b4d0fd6d4,good,5,2026-09-01 21:58:03
3e860bf5-5161-4d9b-b9fc-3ef06ec82cff,This is nice app for shopping 🛍️,4,2026-09-01 21:46:09
75cc568a-f2f9-48bb-a90a-7014b59f550f,good,4,2026-09-01 21:40:13
9a9ec937-a861-45be-b4ce-0ce1009d30db,🙂,5,2026-09-01 21:38:21
f40f4a99-a468-4709-8949-22eab1073500,ok,1,2026-09-01 21:32:28
740ef22a-773b-486e-9dfa-212e78e676b3,Good shopping experience in jio app,5,2026-09-01 21:32:01
9a6b23b7-c082-474f-a848-1fff42ea5ec1,very good,3,2026-09-01 21:24:58
14dfdf79-3c61-44ab-ba11-fd3af0ea6526,good 👍,5,2026-09-01 21:19:02
b7ee4365-2348-4717-824c-08e8b23581c7,not good,3,2026-09-01 21:17:22
c50260bc-47bb-4db0-9f4b-9e2b67821c48,"good app but out of bharat not working properly, need to work on this, thank you",5,2026-09-01 21:04:08
236f2508-39a2-4a4b-9078-5d80c798038c,Overall is good,4,2026-09-01 20:43:02
7b67bff6-84ad-4bf2-b753-fdccd3e8a427,good,5,2026-09-01 20:13:25
b42c3b72-50e2-4bbf-b6c3-446188623c86,ok good,3,2026-09-01 19:44:20
751f4201-fbaf-415e-952a-c114731936df,Good,5,2026-09-01 19:30:17
a1c09b5f-836d-4b71-8e18-cf19a46e6cb3,"Ajio is a totally Fuddu, ghatiya online shopping app.I placed my order on 25th August, and to date, they have failed to deliver it. Other apps like Flipkart, Amazon, and Myntra typically take only two to three days at most. This is my first and last experience with Ajio I am thoroughly disappointed.",1,2026-09-01 19:14:11
d6de8bf0-a3b2-46cb-86b9-7ec6f8efa8f5,good,5,2026-09-01 19:06:39
3757a15b-e7d4-4b7a-adc3-b10bbe0b0eb2,worst app and site ever ek order kiya jo 15 din huve lekin delivery nhi hui tum ko to me consumer courts me batata hu,1,2026-09-01 19:02:46
9fefd581-a843-4b03-8b70-118d586e6d4c,హాయ్ ఫ్రెండ్స్ ఏ జియో లో తీసుకునేటప్పుడు జాగ్రత్త క్వాలిటీ సరిగా ఉండట్లేదు మన రిఫండ్ చేస్తుంటే అమౌంటు చాట్ చేస్తున్నారు,1,2026-09-01 18:44:59
e884d488-27e3-475b-aa89-20f0a71fa300,nice,4,2026-09-01 18:39:23
dd119a88-cda7-4415-8d57-60d64b243ea1,good,5,2026-09-01 18:35:02
f3456c4d-c947-4073-82a7-0dace9126357,their delivery is always delayed and it's very disappointing 😕,1,2026-09-01 18:34:15
38b814b4-596f-4078-955f-00eeff99c4ff,best on product,5,2026-09-01 18:29:08
6f22e590-1b6e-4542-a300-ebab139423b9,good,4,2026-09-01 18:14:09
72357464-74b6-49c2-b8b7-9ddb0c933fa9,The best,5,2026-09-01 18:03:42
2e0a7808-39e7-4bb6-acee-7e6c4442faf5,Amazing features this app has it's super easy to use and so smooth,5,2026-09-01 17:57:43
747a83a0-6c86-4200-b46f-56ecc7d36a73,"worst online shopping app ever. AJIO’s return process is very disappointing. Returning an item is unnecessarily difficult, and the options provided for returns are not convenient. The return process should be made much simpler and more user-friendly. I hope AJIO improves its return policy and makes it easier for customers to return unwanted or unsuitable items.",1,2026-09-01 17:45:53
66d00d61-db0e-4ee9-89ca-966aae15f7be,this amazing app and brand and discoid,5,2026-09-01 17:40:44
c813efb0-0b42-4856-aecd-c29e9f148707,great app it gives discount on very first order.,5,2026-09-01 17:33:35
1d9340ad-46a4-4873-b803-51a834cd3212,Nice,3,2026-09-01 17:12:12
4e492133-1a95-42df-b51b-6d29205c0ab8,बेस्ट शॉपिंग aap,5,2026-09-01 17:11:04
cf63aaf6-bd12-4010-9ab2-fc23e11d217e,good 👍,5,2026-09-01 16:38:45
c6a17ae6-6dfb-4500-9d15-b64c6509c445,Good,5,2026-09-01 16:33:11
3b1e886c-71a8-4822-a7e2-d6c4e80f57a7,"Very disappointing shopping experience with Ajio. They partner with unreliable third-party delivery services like Shadowfax that have zero transparency, no clearance on local warehouse locations (like the one in Una), and no way to track packages properly. Customer support through the app is automated and unhelpful, making it impossible to get clear answers about delayed orders. Will think twice before ordering from here again. I contacted in your number 3 times but they haven't any information",1,2026-09-01 16:22:06
c5f77af9-c3fd-430f-9702-6313b682e852,good,5,2026-09-01 16:11:35
7396f8b6-9e2d-42db-beba-1a4d8bd23c05,exlent,5,2026-09-01 15:55:33
2de397b4-2bef-4b15-a5b5-d5f4828ee2dd,mera refund nhi kiya ye log ye aap se mat kar na kabi order customer care wala koi jawab nhi deta hai,1,2026-09-01 15:45:43
908b344a-03fe-4dd0-91d3-a508cf61e8c8,bank office option is not use,3,2026-09-01 15:31:33
2a632115-b1d0-4ceb-9672-c407fa9f1be1,very bad experience...... i order cmf buds buds 2a as i am a new user but they didn't delivered it to me ...they ship near to me and then returned it ...i lost my new user coupon and trust...and i will use another shopping apps and in my life i will never use Ajio again,1,2026-09-01 15:26:30
53c834d1-a0f1-4d4b-ba74-d85a09153c16,"delivery date changes (Extended) on every order. If you need your order's timely delivery, don't use this app.",1,2026-09-01 15:23:32
7ebbe5a5-2e3a-482e-8606-b75d74b9f150,very excellent app,5,2026-09-01 15:14:38
031cb8a6-32c8-4322-9613-dd57a9cc316d,nice,4,2026-09-01 14:43:59
b65df928-816c-4796-8eb1-6a4b29c3678c,marvelous,5,2026-09-01 14:43:57
ad25824d-1f4c-42c3-82be-b5035e5a8dd8,good,5,2026-09-01 14:35:35
965b323d-1694-42a1-b30b-95b226b6797a,good,4,2026-09-01 14:14:48
a35a26d8-6844-48cc-b1f8-5f05f4fd968d,"Nowadays it takes days to open, so slow",1,2026-09-01 14:02:55
9dbabf42-9988-4a8e-b162-12d33e061c7e,good quality 👍👍👍,5,2026-09-01 13:47:00
cc524830-8b75-417b-8960-421eb2eb329c,very poor service,1,2026-09-01 13:30:56
c570529f-ad6e-49a4-af6e-f1f09c1f9503,"ZeroStar – Extremely Disappointing Experience Very poor app and an equally disappointing delivery service. The app experience is frustrating, with issues that make it difficult to use smoothly. On top of that, the delivery service is unreliable, poorly managed, and lacks proper communication. The overall experience was far below expectations. Customers deserve a reliable app, timely delivery, and responsive service. Unfortunately, this service failed on all three counts. I would not recommend",1,2026-09-01 13:27:57
0d2805e2-60fa-4f19-a4c4-c961b3379ad7,best platform,5,2026-09-01 13:20:18
9e93b3e6-21d2-42ae-841a-06a662b4b014,"very bad app , disappointing experience with this, so please avoid this app",1,2026-09-01 12:58:54
0115cbe2-28c6-4b11-b5d3-0d8bd7c84e7b,good,4,2026-09-01 12:57:46
0438dade-3f00-4c05-ad64-2e9fd35253af,never buy anything from ajio very bad app and very bad customer care,1,2026-09-01 12:27:27
632785d0-a510-46f0-96fc-43b7a751be0d,amazing,5,2026-09-01 12:15:10
5f4e586f-875d-4f9a-9cca-0ac590b4dd80,Pathetic platform. Worst experience. I have been trying to return my order for 1 week but it's still not returning. they are just extending the return window. I am doing online shopping mostly but this Ajio platform is very bad in service.,1,2026-09-01 12:10:13
c0f5fb5a-fe32-4d78-b7b1-075aae73606d,good 👍,5,2026-09-01 12:05:49
d21aa7c8-7176-492c-b223-0efdf132579b,nice experience,5,2026-09-01 11:52:25
f4920668-7fa0-4e51-baf6-298f87c56332,good,3,2026-09-01 11:50:37
2757c018-ec5d-4135-b3dc-8757779abd02,bahut ghatiya app or company h mere ko product me item missing mele jb complaint ki to reply aaya hmne product pure bheje the aap jhut bol rhe h mere pass evidence hone pr b mere baat nhi suni gue,1,2026-09-01 11:47:31
6ba39cb1-195a-4e2c-97e8-97650cdf39c9,I like this offer price you give fast delivery I will order one more time,5,2026-09-01 11:38:13
59339e5d-f1ba-45a6-84ee-d4237b25fbff,"zero marks from me no mava cash on delivery product missing, wrong product , delivery time not promise date, self return, delivery boys creat return to we're house very bad experience of you",4,2026-09-01 11:35:50
7e580e62-c658-4dac-8be0-c7bde08ad906,"very poor to load , if you are using wifi it is taking too much time to load every slide.",2,2026-09-01 11:33:16
c3960d81-05ed-4887-8443-07836b1e0192,👍 app good,4,2026-09-01 11:22:22
8ceeb8bc-b3c6-4424-a7bd-b1f36fe39878,app is good but I order I shirt by using coupon then price goes down as 309 but I choose cash on delivery then I have to pay 342 😕,2,2026-09-01 11:09:42
49d8a30b-a7c9-4a2a-976c-58f431ea177c,good,5,2026-09-01 11:06:24
0a2c5a79-99fb-42ad-b575-61787dd5b6ff,worst app because of their service and orders get replaced with another one then they didn't agree to return it and there customer care is worst ...I hate this app,1,2026-09-01 10:57:35
b2e7d4a9-dbd4-4286-b58e-8893ba7d0281,best quality providing me always,5,2026-09-01 10:25:44
3e28fec4-463f-4be9-9ba2-782439fc723a,good,5,2026-09-01 10:12:48
bcbc3597-7f6f-4de3-a5a2-d2e060163798,very bad and fraud,1,2026-09-01 09:38:13
8e582a86-1556-4a8c-8c10-4c2697b685ee,super ❤️,5,2026-09-01 09:31:09
d877ce49-b096-4c4d-ba1a-3cc779c49e6f,perfect app to buy clothes 👌👌,5,2026-09-01 09:23:17
ca408c3b-3227-4986-8228-6cd2493fc3f7,Corrier partners of ajio is very bad service delivery status is fake,1,2026-09-01 09:11:14
0bd32022-21bd-47a0-9c3d-e4ef93db2148,good,3,2026-09-01 08:55:59
ede6a193-4344-42e3-ae1a-23fe9d733ca3,very good experience,4,2026-09-01 08:55:41
5358e09f-8684-44d4-9fb1-03a6222057a3,"Very poor customer service experience with AJIO. I contacted customer care regarding an amount that was deducted twice. The first representative said she had no authority to explain and transferred me to a senior. Sangeetha, the senior representative, asked me to put the call on hold for 1 minute and then disconnected without any explanation or resolution. This is completely unacceptable.",1,2026-09-01 08:30:38
da5570b5-0814-4de7-b48e-3bceba38955a,Awesome,4,2026-09-01 08:18:12
5109c481-84c5-442b-96ff-fac2f871f615,good product,4,2026-09-01 08:14:26
0e252dba-c552-4496-aa9e-df46ed65c6b5,"Convenient and fast shopping experience! I have been using this app for a while now, and it has made online shopping much easier. The interface is clean, intuitive, and very easy to navigate.",5,2026-09-01 08:13:08
b91ad881-728b-4a64-a682-8ba30e5acb84,Intentionally deliver wrong products and charge more for the next order of the same product.,1,2026-09-01 08:12:59
4fcb2e2b-f9fb-4ee9-b224-3604d0b0025b,"installed thrice the app just doesn't open, keeps crashing",1,2026-09-01 07:51:29
3d9b0ac0-eea7-451d-b404-017750fdc3ee,nice,5,2026-09-01 07:34:16
c17d48cf-09ad-4c9f-b245-bdf070879291,good,5,2026-09-01 07:00:23
fba3ae7d-c02a-41cf-893e-9a3b7e1f1012,good 👍🏻,3,2026-09-01 06:48:22
cbeda963-bd47-46e9-94ff-770bbe214d60,good,3,2026-09-01 06:32:40
832a0c04-9d66-4dd9-a57d-63f451142660,nice,4,2026-09-01 02:21:08
caff58db-d05c-4952-a622-467bad9970e5,very nice 👍,3,2026-09-01 01:25:07
a4af3877-b9e3-4c25-81c1-73c69b83ebb3,good,5,2026-09-01 01:22:25
e721e345-afa2-47bd-82ae-e7aebc2a3b88,good,5,2026-09-01 01:16:46
c10775d3-e22e-4ab7-a2db-6809a41988f6,The discount is 👍,5,2026-09-01 00:59:16
2bb43321-db6e-4b53-b5cc-c16cdfd3b7d6,very good,5,2026-09-01 00:42:48
3075fe4c-8ea5-4018-ac2f-d33099dfacbd,received my order after giving review,5,2026-09-01 00:38:52
aa0d0899-3461-46a9-b0d7-689ae64078c0,"Worst online shopping experience ever. They send wrong order after a wait of 15 days. poor quality of clothes, it's not what they show in pictures .",1,2026-09-01 00:20:01
56811ffe-5ddc-4cdb-acfe-8ba8632c2988,don't see instagram and install you will not find the product they have displayed only cheap product available,1,2026-08-31 23:54:00
e5042258-e3b6-4a21-808a-2d89430e5a87,very good,5,2026-08-31 23:52:39
5d3c6586-94fb-4e30-9b6f-795259c5bd35,Good 👍,5,2026-08-31 23:13:38
ec61dc3a-0a11-4c0b-bafa-c94599d8c526,app slow and loding,5,2026-08-31 23:09:35
a153e653-d175-409d-8092-a0e35dc5e87e,your first war order delivery,1,2026-08-31 22:58:19
02addf7e-e27d-4c43-b794-56ef25c2d8af,very Slow App,2,2026-08-31 22:55:23
9ca428e3-6975-4ed0-900f-0d6c85aa65a8,👍,5,2026-08-31 22:36:17
d3966723-e336-4dd1-8c7f-e6c22f67e280,ok,5,2026-08-31 22:16:29
b5bd2bd0-58db-4167-a46d-b860fd4cff74,very good 👍,5,2026-08-31 22:16:08
536b99d1-673f-4e97-816c-580372d89ef2,too slow,1,2026-08-31 21:49:13
003ee166-4a7c-4c6b-b7ae-f24129b351b3,bakws sab sa scam krta hai ya,1,2026-08-31 21:45:46
5a603314-a11d-45d3-aedd-4115046c5ed6,good,3,2026-08-31 21:45:32
46010324-ee8f-4bf8-b42c-932689df8f7e,"bkvas app hei , order confirm kr leta h phir order aate ni hei 1-2 month le leta hei aane m or galat bhejta hei product return hota ni hei date aage bdha dte hei",1,2026-08-31 21:44:33
50ac67d1-d30a-427a-b5dd-4014ca507a51,good,5,2026-08-31 21:34:41
8ed443ac-e109-4987-9c89-3860c6e997d9,"u don't even deserve 1 star🤬😡😡 First order=wrong products, 7+days delivery return pickup never came,REFUND still stuck, and AJIO had audacity to say ""you changed your mind""!🤡 I didn't cancel Anything You messed up the order and now you're wasting my TIME and HOLDING MY MONEY.never again",1,2026-08-31 21:28:29
3369ed05-45be-4850-8ede-684d63e8153b,"My experience with this app has been very bad. It is one of the worst apps I have ever used. I would suggest not buying anything through this app because they do not value their customers. It is a complete waste of money, and the quality is very poor.",1,2026-08-31 21:13:32
1ad773b2-899b-4aa4-b678-dfd4c578f8ec,gud,5,2026-08-31 21:10:02
a9fac9b6-5f07-4714-8435-f90fc4639931,best app,5,2026-08-31 20:47:02
0d66ad41-6082-4a2e-8580-a64a848a21ee,very bad experience mera prepaid order ajio ne khud cancel kardiya aur refund money wapas nahin kiya aur same order id pe ek order cancel hua tha uska reference no provide kardiya uska bhi wohi same order cancel Kiya ajio ne jo aaj itna ghatiya service hai ki kya bolun khud prepaid order cancel karke galat reference number provide kardete hain taku customer bank ko contact karta rahe aur paise bhi na mile usko itni kharab service hai ajio ki,1,2026-08-31 20:30:19
464bbd20-c598-49a0-a324-b8e1c347de7e,Nice,5,2026-08-31 20:26:18
730475bf-af4c-496c-aa94-f364c00409cb,good,5,2026-08-31 20:10:18
475ddd86-ce40-4883-bcd3-312b25ed9169,poor app very bad experience,1,2026-08-31 19:59:07
e2b0e6a1-7b46-4de4-b003-ec750bfb7df7,The delivery time shows the earliest date before placing the order. But once the order is placed the delivery date changes. Always delay,1,2026-08-31 19:37:04
c1c834ed-22dd-4b38-a475-9a8e05e4ea48,great experience,4,2026-08-31 19:35:27
11058988-868e-4067-894c-72240ffa1577,"rude and unprofessional delivery pickup service i am not satisfied with my order. I give it a return but the pickup guy didn't even call me even though it already sent the company side that my pick up will be done today i make sure that he came and pick up i call and inform /requested him but he didn't show up yesterday and today as well i got the same massage that my pick will done today, I'm waiting but no showing up so I finally cal him again but he i don't pick up i didn't get any",1,2026-08-31 19:31:04
28588bcd-48b4-47b5-ad19-b3e3cf483ff9,very poor app delivery so late,1,2026-08-31 19:06:17
fe36bf33-765a-4eb1-95b3-b36852b9e2bb,The customer support is super good and the product quality is just wow super cool,5,2026-08-31 18:56:02
d669dab5-e690-4d9d-9ea1-225093a9679b,bekar service no return my parcel,1,2026-08-31 18:55:10
3b4af34b-5e45-49ba-b2d1-07d93f710a25,"Never Shop from this platform, I ordered a men slip on sandal for men where I received a complete different colour and when I reach out to them they offer a refund or exchange for which I have to wait for 7 days The worst part when I decided to rate this experience and provide a negative feedback their Auto system shows that feedback was not submitted due to technical issue even after multiple attempts so just for curiosity I entered a positive feedback it got submitted within a second",1,2026-08-31 18:24:02
0adfa37d-fccc-49f5-b3ac-5ae8bd8ee5ec,excellent 👍👌,5,2026-08-31 18:23:59
68e43057-9323-4325-b220-1e0e349fd76b,best,5,2026-08-31 17:53:22
1482eaed-876b-46cd-b0bd-0460142291d7,High rates,1,2026-08-31 17:42:02
eb4f2a4e-768f-47b4-86b9-b3f6f17067c5,super,5,2026-08-31 17:38:12
d1773e38-71f1-4c36-a3dd-fa170db17f7f,ok,3,2026-08-31 17:37:48
4388c228-51ce-4640-a5a6-81684b92369f,"They deserve O stars. They accept orders, keep extending the delivery date repeatedly, and then cancel the order at the last moment, claiming there was a technical issue, and they couldn't deliver it. If you can't fulfill orders, why promote your app at all? This has been one of the worst shopping experiences I`ve ever had. Very disappointing. I have not received my prepaid amount and the freedom sale discount coupons are also wasted.unistalling",1,2026-08-31 17:25:49
d84f27a9-d7c5-4bc0-8767-dd40586a7ed5,I adore the collection and the material of the app it has huge variety,5,2026-08-31 16:40:43
90cfb133-cd4b-4065-9ab8-697fbfe70bec,worse experience my 1st order and i am facing so much issue to receive it delivery agent are not good at all they are just pretend to deliver the product.in frustration you will cancel the order from your end and the will just give a missed call that they try to contact you only like a game wow not excepting this from ajio kindly improve your delivery service my service was some 3rd prty courier department which was shadowfor india rubbish service at all.,1,2026-08-31 16:34:22
e0fc3ca1-782f-427c-acab-fbcacc0e00e7,good 👍,5,2026-08-31 16:18:11
58389292-2276-4fa1-a7ce-88c7dadcacef,Cheaters and Frauds. I bought ASICS NIMBUS 27 shoes at a good price. Received wrong cheap shoes. The company has asked me to return despite my request to send the right item. They have even deducted some money as processing fees. The customer care has no idea and every agent has a different response to the issue. Very bad experience.,1,2026-08-31 16:15:23
6afe00d8-5993-437a-8c83-6c235dcec789,"I received my backpack delivery on August 25th and initiated a return request right away. It has been several days, yet the pickup has still not been completed. There is zero proactive communication from the logistics team, and the status remains stuck. A return process should not require this much follow-up. Fix your reverse logistics and resolve my pickup urgently!",1,2026-08-31 15:58:45
9211ec52-3625-4279-8e67-c5df4d7f3e65,excellent,5,2026-08-31 15:50:13
71448efd-1ea6-4645-9572-531dffd51de4,best fashion shopping app i love shopping on this app and it's fabulous shopping on the ajio store price are quite reasonable ❤❤❤😊,5,2026-08-31 15:36:16
1be399df-fcc6-4878-9214-1be6118c5183,nice,5,2026-08-31 15:31:50
f92820ea-fdf4-4ebd-b28e-b93fe9b17f4d,"Muuchstac Facewash Not Available I want Muuchstac,I only use Muuchstac",3,2026-08-31 15:19:07
02ff1df5-709b-443d-8409-3cfb6128e829,worst app for online shopping it give bad quality of clothes and when I return it it not give Full amount of refund don't download it,1,2026-08-31 15:12:02
e3384a15-3971-4362-955b-affbd2c08493,good,4,2026-08-31 15:10:42
b5aac8df-be82-4c3a-b29b-83e6f79143fc,worst app by ordering clothes we get high price with bad quality clothes and by checking for refund they remove that option 😡,1,2026-08-31 14:45:03
a29b50e7-5619-4551-a094-7de137a484f1,nice,5,2026-08-31 14:39:22
49eb820f-d8ba-4053-8aeb-355cbaccd364,thank you,5,2026-08-31 14:33:16
