review_id,text,rating,date
d70881aa-0552-4dc2-8612-e4cafdb9df43,nice,5,2026-09-10 11:46:11
42f5b1c7-5a29-4ee2-b505-47cbc7fa7acf,👍🏻😉,5,2026-09-10 11:46:02
f632e87b-c05e-4ff2-984c-474553ae46e1,best platform,5,2026-09-10 11:45:56
e63abbb1-ad95-4a06-a22c-a70dcb61cfee,So good & easy to purchage,5,2026-09-10 11:45:45
00278afa-7629-4da6-ab6f-79d1a80d275a,Excellent ✨👌🏻,5,2026-09-10 11:38:55
c86488d2-62da-461c-b8fd-776f4817fd00,product quality 👍,5,2026-09-10 11:37:24
833bc3ab-6fa3-426d-bed1-109d095bdc2b,it's so good and quick delivery,5,2026-09-10 11:37:14
fa0dea58-3c48-4f61-bf27-bb779dd41b42,Good for Everything. Good Experience with myntra. I am using it for 2years and this is too amazing.,4,2026-09-10 11:37:04
f4925d69-3005-4ed6-9dab-c41b27d7f36d,better,5,2026-09-10 11:35:50
99f1a719-d477-4d96-ae17-7b3730c1f1d6,Always is trend,5,2026-09-10 11:32:12
71171592-60f5-43fd-9b34-c99a33ba6bd5,this is best app. good quality products in this app,5,2026-09-10 11:29:40
f2fe25ae-5686-4037-9edb-68b09c051d9d,nice product 😃,5,2026-09-10 11:28:59
f0762e09-06e3-4907-8a14-d86827bc8184,good app to buy fashion and clothes at good rate,5,2026-09-10 11:27:15
bded0c57-85c5-4464-93fa-391f4a89080c,exceptional,5,2026-09-10 11:26:24
54daa718-128e-4499-8b68-06cba27b9777,👍🏻,4,2026-09-10 11:26:07
8adfadd0-0ea5-4e15-bfdd-309e0afdfe5b,"now days we faced worst service from myntra, wrong tag number issue . Myntra internal process is worst customer care doesnt understand issue and no clarity. from last one month am trying to exchange the shoe but dye to mismatch in tag pickup agent couldnt pickup the shoe... same issue faced by 3-4 guys from my company... no resolution",1,2026-09-10 11:24:05
7a05f68d-753f-4100-adff-85fd31c7ac4e,great..,5,2026-09-10 11:23:34
1d58da75-141b-48b6-8e6f-cf1df23e1404,"nice one, I like this app",5,2026-09-10 11:21:01
42a16ae2-7043-4718-b398-922bce43a426,very good,5,2026-09-10 11:19:51
cadbf994-bbbf-42de-bf99-641953966091,Myntra bahut pyari app hai ispe shopping and return bahut aasan hai aur iske quality bahut pyari hoti hai thank you so much Myntra,5,2026-09-10 11:14:51
dc843df8-06f6-464e-9f77-76244e8a5cd2,the product they send are really very impressive and material also feels like very good quality,5,2026-09-10 11:14:01
b603b07a-7e6c-4325-8dff-3e1b3e53ed12,best product,5,2026-09-10 11:13:33
2e54ac24-bb2a-4f71-94c9-cb1811f5086d,I love Myntra ❤️,5,2026-09-10 11:11:04
dcdd2ef7-5722-4a9e-9476-6b36689eecb6,good 👍,5,2026-09-10 11:09:30
f9ea2172-2f16-4294-b1e2-13372c8bc2f0,its a good platform for purchasing,5,2026-09-10 11:09:12
590cbfce-6f24-48c6-87a0-db44888186c9,great app,5,2026-09-10 11:07:59
73041fec-1458-424f-8205-76e6e3c90987,Myntra deliveres only Assured products,5,2026-09-10 11:07:15
5a3899a8-3dd8-462e-af95-0551e7f4bd24,Nice,5,2026-09-10 11:06:47
72317845-f04c-4f5b-8ee5-19c777c1fca3,good 👍👍👍👍,5,2026-09-10 11:03:36
27cac5a0-7169-4ab9-aafa-ad2869c86b69,The Best Ever Outstanding Shopping App,5,2026-09-10 10:54:54
b9a03551-94bd-45c7-b17e-2d42893b0296,this app is so useful,5,2026-09-10 10:53:10
e5a30a3d-936a-41f4-bdd5-b637aef5cd2e,very nice affordable cloths,5,2026-09-10 10:50:54
f5174f45-0e56-4358-9c55-170d1c49151d,Good 👍😊,5,2026-09-10 10:48:02
735e4ded-9770-474c-8040-ac1dc3afe3c1,good experience with myntra,5,2026-09-10 10:47:59
65f8938b-8e4b-41d3-933e-97f7f509abb8,very good,5,2026-09-10 10:45:07
0f920fe5-ca0f-4e5f-9704-250c59986923,super,5,2026-09-10 10:42:06
dee66987-ccad-420d-adb3-63dc74a155a6,Good for brands,4,2026-09-10 10:40:24
8f87a601-1205-4eeb-8767-c4f74a54ec74,"Extremely disappointed with Myntra's service. My order is already more than 2 days late, and I still haven't received it. There has been no proper update, no communication, and no effort to resolve the delay. This is completely unacceptable for a company that promises timely delivery. I've been waiting patiently, but this experience has been frustrating and a waste of my time. Very poor customer service and a terrible delivery experience. I won't be trusting Myntra again if this they gonna treat",1,2026-09-10 10:34:19
b20f3bd8-f72a-4e44-8187-41943f0f0af8,Amazing app,5,2026-09-10 10:34:11
c8e364b2-c816-43b4-959f-26b4f1b9f22c,bakwas app mai na shampoo order Kiya tha damaged product aya exchange ka liya kiya vo b nhi 3 bar contact kiya myntra valo sa ya inka pata nhi konsa business hai mai sabko ya he suggests karu gi myntra use nhi karu,1,2026-09-10 10:30:01
b4b522b2-c9aa-429d-aaff-55d836f7b4f2,awesome experience,5,2026-09-10 10:29:39
2e7844d0-3170-4847-8e39-ca19c5962a07,very satisfied with myntra thank you,5,2026-09-10 10:25:46
375dd1dc-5634-4d44-b69e-06f48244959a,thenks,5,2026-09-10 10:25:28
f4339de5-c53b-459d-bd59-7032127c06d6,nice,5,2026-09-10 10:23:55
6082244a-afd0-4ee0-99d6-b76f5ec2729c,good,4,2026-09-10 10:21:42
ea336c98-373f-426b-95bf-189cd1ab0099,original product,5,2026-09-10 10:18:55
527d2cf1-7178-42f9-8bee-596c1e666255,exclusive discounts and products quality are awesome also if I say about delivery partner's their too good too polite,5,2026-09-10 10:17:11
ff267a4e-7f71-44dd-8821-2a3ad2aefce5,very usefull app and please visit here for branded and genuine product.,5,2026-09-10 10:16:23
8b838b6a-fed3-4a26-9c33-a563df2d41fb,nice colity and nice app 🩷,4,2026-09-10 10:16:13
7e79c0ff-3152-4ddd-acb3-52532455abbb,great experience,5,2026-09-10 10:15:59
0bdaacec-dee4-4323-aefd-f42f804e964f,slow delivery always,1,2026-09-10 10:10:36
af73ee98-096a-481e-8aa3-d7da20a834c3,good product,5,2026-09-10 10:09:55
ff99d89d-37a2-475a-b012-eb430ad16057,myntra serves authentic and reliable products 👌,5,2026-09-10 10:07:23
7d4ec802-5376-4ab0-a2e6-1abb94458760,day by day product quality is very poor 😕 disappointed 😞,2,2026-09-10 10:06:22
79d7958b-c9d9-47e9-bbc6-23bafd79aa98,exilent,5,2026-09-10 10:03:04
3c3e9fa5-d4cd-4a73-a52e-b067cd1bf1a3,good quality,5,2026-09-10 10:02:52
4965bc36-2e7a-4456-808a-932a80257f9d,v good,4,2026-09-10 10:02:17
e2818644-ea55-4537-8918-328a079bb373,very good aap for the shopping,5,2026-09-10 09:57:43
0b346352-0284-475e-b93d-3826c219dc59,very good app,4,2026-09-10 09:54:56
302907d5-a4da-40e2-b678-7dad34513043,2 kaudi app.. order today to get it delivered to your grand sons. Bail gadi se bhejte hai 15 din me.,1,2026-09-10 09:53:58
301ac6bd-6cc8-4cc3-ac0e-2be8beaca849,"Worst of all, you will lose interest in the product while waiting for delivery",1,2026-09-10 09:52:17
2f021ecd-8bbf-4371-af86-539afc792d6f,best,5,2026-09-10 09:35:52
25a81eb6-d2a1-433d-add0-8181f33e8e25,very nice,5,2026-09-10 09:35:51
bece92a4-3eb3-4d51-ab09-387de227e51c,good,5,2026-09-10 09:28:20
cb63e4db-5686-430a-8264-ed6eb489edf6,every style is here !!!!!,5,2026-09-10 09:28:10
10650898-e7a0-4b37-8d89-dbf809cf9ba4,disg,2,2026-09-10 09:27:43
ee854f5a-a4f5-44a0-a762-7bf83112d5ae,best app,5,2026-09-10 09:18:19
66153166-244f-484b-87ce-a2cb90835e45,👍👍,5,2026-09-10 09:12:21
e77467bb-295c-46a4-b2c0-287857ac6aba,colour of Saree is very nice . I was gifted this saree to my mom and she is very happy when she wear this saree. thanks myntra for such wonderful collections .,5,2026-09-10 09:12:14
081408e1-fe4e-4426-a8ea-c89ba32602bf,very good experience,5,2026-09-10 09:09:56
3cfc25f9-3859-42a2-a949-32512d57a4c0,worst app,1,2026-09-10 09:09:25
45ca7bf1-2a38-43ff-988e-59bf9262d61d,best app for fashion shopping,5,2026-09-10 09:07:02
331fd022-e067-4271-adbe-d13036f4295d,mst app hai myntra,5,2026-09-10 09:05:25
fee17325-2f73-4281-9608-f5b3fadddc26,osm sopping,5,2026-09-10 09:04:44
59b8e04d-f368-4c5c-ae27-9787d1d794cf,helpful 🙂,5,2026-09-10 09:04:30
f228c428-c284-49a8-9e05-020a29989c6d,need trusted & quality product !!! just go with myntra,5,2026-09-10 09:00:49
1652ab4f-8102-40a0-b2d0-928c50013a8a,good,2,2026-09-10 08:59:14
36e4f04d-0a89-46bb-898b-dd94cc8e46ac,👍🏻😊,5,2026-09-10 08:59:13
e52be0c0-aae6-4cae-bd5d-13f3bda873fc,this app is really very helpfull app and trusted app I love it,5,2026-09-10 08:56:42
b1c1cd0b-8a87-4cf3-8589-e6fd2f80d75c,good,5,2026-09-10 08:55:40
296ab788-1792-4454-af28-610f74b82e55,moderation process is to slow i uploaded my good review but it's taken so much time.,1,2026-09-10 08:52:10
389f33a5-7779-450d-b51a-abcebc71130a,good compare to another apps,5,2026-09-10 08:51:12
3382b70d-74da-45e0-a5ea-18965d286666,exceptional experience,5,2026-09-10 08:49:47
ce182510-15af-40c2-b2d9-8c28b7b77c35,My experience with the app has been quite good.,5,2026-09-10 08:49:37
6789feae-85e4-4d38-8605-99503458c9d1,I am satisfied with myntra shoping,5,2026-09-10 08:49:26
cca8b8e2-e6a2-4a89-9a3a-3d6556a28914,👍,5,2026-09-10 08:49:02
10323f28-a492-4ea7-a587-54d216a8ecc7,amazing,5,2026-09-10 08:48:00
29482e8c-a73e-4290-a687-e80a6406092b,fraud app,1,2026-09-10 08:45:48
eff80a13-2f56-4892-8c09-ad7b2b83e15b,good and unique,5,2026-09-10 08:39:25
6dd58bd6-1784-48fc-8561-761aae3436f1,nice,5,2026-09-10 08:38:11
378b8d05-0db2-41ac-bac0-f3fdb52b4279,excellent offers available here,4,2026-09-10 08:37:03
bc9549a5-bbd1-4e8e-a018-2801b9ed6656,worst app never delivers the product on time also when we ask them about self pickup literally they won't say. I always had bad experience with this app. I think everyone should stop buying from myntra customer service is also worst.,1,2026-09-10 08:33:24
466bbd86-0a3f-40b8-901f-51fa7b7b670e,clothes are very nice from low to high prices all are available and makeup products are on low price,5,2026-09-10 08:22:56
34ec82ad-1854-4f1a-962e-4cf414c3968f,good,5,2026-09-10 08:20:53
8c4adfce-cc29-44aa-bdea-288f172fd59f,good,5,2026-09-10 08:19:11
9025476f-72e8-4c3b-b0ef-35bcae9f44a3,I did not receive any cashback product is ok,4,2026-09-10 08:11:57
db6cd5a7-a1ab-47ea-92be-569a31dbbef3,Excellent shoping app,5,2026-09-10 08:11:15
c38b73f1-7290-41df-952e-7e44eb4ca41a,Best experience with myntra,5,2026-09-10 08:09:32
4c9303d9-f775-4519-a450-9c78a77db8ef,good,5,2026-09-10 08:03:32
d1af4031-e075-4797-826f-02c8f1dfd1b0,nice perfume,5,2026-09-10 08:03:23
29afe353-92a4-48df-a6f6-facf2e46714c,right choice in myntra,5,2026-09-10 07:45:59
a65a16fd-9324-4954-aaea-73deff562583,Product quality nice,5,2026-09-10 07:41:16
7e84b0e7-bdc2-43e7-8505-2e558083f056,for delivery concern every time delivery is delayed on pre-paid orders just they don't get extra COD commission so they'll delayed your prepaid order or scams you choose any other platform for shopping,1,2026-09-10 07:39:02
ec52541d-84e1-40a7-892a-9d19929242f7,Need to work with delivery partner for fast delivery,4,2026-09-10 07:36:36
3d44ecdc-aef5-4043-ac20-d0449aec3238,nice app,5,2026-09-10 07:36:33
1b534263-57f2-4bf4-bb51-9c3272980928,nice,5,2026-09-10 07:34:52
28433224-58cd-4929-882a-80149f98d350,veryyy goood,5,2026-09-10 07:31:11
b892648d-57bf-42da-8398-7e9795dc3a3d,nice,5,2026-09-10 07:31:07
99366bbb-5d25-4609-9162-50290722d0a3,Fast and Easy and Great 👍,5,2026-09-10 07:29:37
29399580-afe4-44bd-b508-7db77cfe220b,nice experience,5,2026-09-10 07:24:23
000b4bcf-8132-46e8-b453-43276c7114d1,nice all products are good in this app,5,2026-09-10 07:14:59
a1c84be1-8196-4c64-8b23-f9714cbad505,better app💖,5,2026-09-10 07:13:25
db1def8e-94be-4886-8a7e-ef713a060659,🤟🏻🫡😘,3,2026-09-10 07:11:18
3aeac1aa-38a6-4818-a07a-39c922226582,best app,5,2026-09-10 07:08:18
bd8ff762-6545-4acd-976e-f73e846f9e06,good app,4,2026-09-10 06:57:32
f5f349d7-dde9-49ec-a8c4-aac5bd0626ce,good work myntra,5,2026-09-10 06:54:14
3e2dd360-8d1b-42b0-bc6e-6561123ba111,best app for shopping,5,2026-09-10 06:46:20
7ebbd527-b0ce-49e6-8ea7-16a177434ab3,myntra means trust and quality,5,2026-09-10 06:40:40
6f8b202b-7599-464b-98d4-13ba0e8435ec,unable to install gives error every time tried different networks and all troubleshoot,1,2026-09-10 06:40:25
0059a2b3-0baa-44e1-8a1d-99c2b6c8dbbd,worst experience. every item is not deliverable in my area.,2,2026-09-10 06:31:17
bc9e07ad-da9a-4272-9ba3-e1c5bcea9fa6,good Product,5,2026-09-10 06:30:46
238096cb-ce3e-4b3d-822a-4b6857ff4e34,i love the discounts on Myntra,5,2026-09-10 06:24:46
25565360-cdf3-4062-bdbb-af6a2afb3981,very good,5,2026-09-10 06:14:57
3ee8fb4c-7e99-4933-9c39-1852ad1269d4,best shopping apps,5,2026-09-10 05:54:08
d97a21df-e4be-4441-80f9-ba2dd88dd7fb,I often shop from this app and my experience has been very good . Myntra never disappoint me.,5,2026-09-10 05:41:06
76d63b78-b2af-4c96-bd6a-b465b11f1df8,superb experience,5,2026-09-10 05:32:33
9adef7d7-8221-479f-8049-169ce2e00326,fast delivery and best clothes mo issue for any clothes,5,2026-09-10 05:20:09
4ab9c0ca-8b74-4f91-840c-4c4c87187e32,too costly,4,2026-09-10 05:13:22
55246f49-03fd-402e-a0ba-1c73cdd0aca4,good,5,2026-09-10 04:22:21
db55319b-33bc-4884-b984-53e82fc90c68,dogshit app ordered something that was supposed to come in today delivery never called didn't even come to the address and cancelled the order dogshit delivery dogshit customer service,1,2026-09-10 04:05:42
be20f232-450e-424e-ac8d-51fa1169247e,there's no option to fliter products nor the search results matches with the products ypu looking for...i spend almost an hour looking for the items i wanted but still the search results did show nothing about your requirement not there's any option to filter the products accordingly,2,2026-09-10 04:01:41
940878ef-cf0b-4f60-8899-06ea4d977ecf,"This is very useful app,& Myntra is best for shopping.",5,2026-09-10 03:41:14
509c9167-dea0-4ee7-96c2-cdd74cd685f1,"pathetic experience they first send you different product and upon complaining they says we have delivered you the right.. no proof nothing, i have created the videos, i have all the photos but they didn't respond",1,2026-09-10 03:01:18
0134215f-daae-4a26-bd7b-82ede54d70e1,Best,5,2026-09-10 02:59:23
bacdb432-3a2d-443b-85b7-9e1b9a132042,excellent 👍🏻,5,2026-09-10 02:39:45
1f89880e-97fd-4575-8753-97ff15f21667,i have a good experience,5,2026-09-10 02:28:09
7558de54-7237-481f-a6fc-9775e9b2e39c,my favourite app for skincare makeup i just loved it there are always so many coupons and additional discounts as well i just can't stop shopping,5,2026-09-10 02:25:12
41f571e5-5159-4895-bdee-8a0188c08714,nice app,5,2026-09-10 02:15:50
aa4902bd-532c-418f-b6ef-798471c311d6,nice 👍,5,2026-09-10 02:05:08
af9bd223-5cb8-4203-b681-64faa1a65342,fantastic,5,2026-09-10 02:00:43
35f40884-e39b-4289-9813-a3bdea846a48,myntra is best,5,2026-09-10 01:56:59
c5e13458-16fe-40f6-a91c-7c8c0c5af839,Amazing app easy navigation ❤️,5,2026-09-10 01:52:32
5701a114-0b6b-43f5-93e9-401cc3ef11a0,horrible experience.,2,2026-09-10 01:47:05
b23e8e87-fb32-4c88-9a71-6ac227c071ad,good 👍,5,2026-09-10 01:45:20
e45062d4-fef5-4b91-b1dc-469bd6e4cec7,good,5,2026-09-10 01:44:51
8acf72d1-3d8b-443e-ba29-e8038dcb8420,good,5,2026-09-10 01:41:44
a057ca69-2fca-4596-ba9a-467b9c37691d,chatar singh 333,5,2026-09-10 01:39:44
c22d2855-e709-47a9-98b5-5aa950315759,why do they take days to refund man,1,2026-09-10 01:38:33
8a8984ba-a31f-4faf-86c1-dd9c4958098f,Good,5,2026-09-10 01:37:00
3e6f78cf-2063-4902-9fc8-ef91ff40bad8,brilliant 👍🏻,5,2026-09-10 01:36:43
96d4bb46-d489-491d-8344-240b33201faf,excellent,5,2026-09-10 01:34:27
beda2b8e-081f-42d9-b4ab-37bc58fe1250,wonderful since the last 15 years,5,2026-09-10 01:28:02
551783a4-904f-4ea5-b64c-6b624e248a44,The new UI is rubbish. It makes everything difficult.,1,2026-09-10 01:27:55
10c2b998-46ea-4e91-b11f-d16800f8533a,Awesome,5,2026-09-10 01:15:09
191e4f27-cb77-40a8-be5a-bf60c85e9d3c,good,4,2026-09-10 01:12:16
cbac7c33-2c82-4bf7-a6f0-616593a69a9e,all every time we good very much,5,2026-09-10 00:58:19
5785d386-90f9-4527-a1d2-0e517b096b30,"way better than amazon in terms of speed of delivery, return pick up and refund.",5,2026-09-10 00:57:43
a0b25ace-132f-477d-aecc-d588425070e3,good,3,2026-09-10 00:47:35
aef83679-3231-4697-bc54-e39bc3377c47,great platform for clothes and accessories,5,2026-09-10 00:39:27
6f88f762-ba3f-4aa9-bd8a-17ca89950da8,Good,5,2026-09-10 00:38:14
b0081651-7e75-4975-874b-b7fce1e17e22,very good,5,2026-09-10 00:26:43
fc9f74d2-629d-4cce-973f-6e150c825113,nice 👍,5,2026-09-10 00:24:33
8caeb9ce-6935-4893-9dd7-b4acc33e4892,Nice,5,2026-09-10 00:24:14
f9752448-0dd8-404e-ba40-ab9af9501376,very nice 👍👍🙂🙂🙂🙂🙂🙂🙂🙂🙂🙂🙂🙂🙂🙂🙂🙂🙂🙂🙂🙂🙂🙂🙂🙂🙂🙂🙂🙂🙂🙂🙂🙂🙂🙂🙂🙂🙂🙂🙂🙂🙂🙂🙂,5,2026-09-10 00:20:09
e7aa8cb9-34ab-4694-ae42-b53d513c21b7,Good quality products always,5,2026-09-10 00:17:43
3990b541-5dbc-47e2-8574-eaafcfe4c120,nothing works,1,2026-09-10 00:14:19
ce7867e7-0d1e-482e-9892-af60e8f58768,best offer for any product is so good 😊 thank you myntra,5,2026-09-10 00:14:04
d69391c6-1e80-4616-8800-bf6f6ba6068b,Nange myntra tumba estta kammi beleli olle product sigatte,5,2026-09-10 00:13:27
5178ba8d-38c6-4bb1-9c25-a12c70cc233e,it's my incredibly too much good experience to shop from myntra,5,2026-09-10 00:10:54
b5c419a7-f97a-4b07-9ca8-e368e358fd9b,excellent 👌🏻,5,2026-09-10 00:10:39
c3eaed4a-2886-40bb-8bb9-47a96b34259f,best app,5,2026-09-10 00:08:51
b8c14dc1-0718-4c04-bced-8a7663b4ace4,nice product on it,5,2026-09-10 00:06:29
19d71f73-8ffd-40b9-bb28-8ad2617c5954,all good clothes,5,2026-09-10 00:03:00
f075eb28-4567-45dd-8bf2-190e46a92f93,best app to buy clothes,4,2026-09-09 23:56:58
cc2af1ed-a58b-4abd-b819-3720e81cf665,amezing app,5,2026-09-09 23:51:43
9e9dc9f5-9755-4e92-a23c-b5b4184246c6,good,5,2026-09-09 23:47:32
63e9159f-ab49-4be7-aebf-7b447208e333,supply genuine products,5,2026-09-09 23:45:59
b22ea28c-cd94-4ee6-b973-42d2f2880d1c,amazing i literally love this app . thanks myntra m daily give me chance for push to win prize upto 2000 myntra cash. 😊👍,5,2026-09-09 23:43:58
eb160e37-b660-416f-9a44-b4061196e68d,Wonderful App For Beauty Products Shopping 👍,5,2026-09-09 23:42:35
51873e64-b04a-4543-969e-373fddb83ea5,myntra is good app all dresses are perfectly comfortable and real like that picture,5,2026-09-09 23:42:05
2e2153fb-0bd2-4ec2-8292-ec933bd48a05,good offers with good quality,4,2026-09-09 23:40:32
c65f2454-6e56-45e6-afe4-fb6ed7f88ddd,I like the returny policy of Myntra,4,2026-09-09 23:40:17
59c9f786-06ec-4ef1-9271-dffed9962f93,excellent,5,2026-09-09 23:36:55
039bc7d2-345b-485b-b4f3-310a015a4c73,excellent.,5,2026-09-09 23:36:22
eb3a7ba1-2b2c-446d-b202-d39c6b3f6b0a,Nice product delivered by myntra.Thank you myntra,5,2026-09-09 23:34:03
9b898dc7-aba3-4dde-8f1f-c855ca2051de,very good,5,2026-09-09 23:33:44
3cbbb728-f9dd-4191-ad83-8c377a3da717,nice,5,2026-09-09 23:32:53
c708be64-b96f-471a-932e-7c7e09b1246f,झज,5,2026-09-09 23:31:47
d788d78b-a5c1-42ed-8254-d0881e622503,Fantastic App,5,2026-09-09 23:31:40
762c6bdf-4bd7-4c24-b3f8-f3c62c3b18c6,great,4,2026-09-09 23:30:09
2c688ef9-0622-4fe0-a023-0fc0d15b02d7,wonderful,5,2026-09-09 23:30:07
3be65bb4-df1e-45b3-ab91-98954666f8a6,Definitely one of my favorite shopping apps 😃,5,2026-09-09 23:28:34
9e533811-ad65-4ba6-92c2-813587a2aaa0,worst shopping app ever,1,2026-09-09 23:28:10
92183bce-08e2-4d03-911f-7c850d7ec8ee,Badhiya,5,2026-09-09 23:24:55
8662baa9-d062-4102-84e3-8e461ef9a1f5,very good products on myntra agar kch acha purchase krna go for it n inka UGC bht hi kamaal h vo page bhi dekhna chahiye ek baar over all good experience,5,2026-09-09 23:24:24
8838de4f-1f9f-400d-878a-ea74a4b4a118,why the hell are u playing music behind without any reason idiot's,1,2026-09-09 23:24:22
6c1308ea-a46d-4f0f-bafe-3f13b72e596c,excellency at peakkk,5,2026-09-09 23:22:56
04350e1f-315c-483a-96f2-c116d2550e23,best clothing app love you myntra,5,2026-09-09 23:22:43
5c7b3da3-6559-4738-982e-e0780c38e573,❤️😎😍,5,2026-09-09 23:21:45
fe521486-7930-444f-a56e-2257cfc9d275,nice,4,2026-09-09 23:21:09
6aac2c5b-fb19-4b90-814e-3292517108a9,good!,4,2026-09-09 23:17:56
1804662d-68bb-44f2-8df7-28a7b0b9a57c,good,5,2026-09-09 23:09:07
350406fe-803e-4217-8c69-5afcca05f250,Best shopping App,5,2026-09-09 23:08:47
339d772a-f8a8-426d-842a-25b4fae81649,Nice app.,5,2026-09-09 23:07:21
fe27a103-0fab-4487-874e-d62204b3251c,i loved this app since 2020,5,2026-09-09 23:06:56
c547d2db-e638-401f-8603-3f9c53d5334d,"excellent product, worth it",5,2026-09-09 23:04:12
2972e0c0-d73a-44a4-9157-9733f2cd1b6c,"Very disappointing experience with Myntra. I ordered multiple items, but I received only 2 items, while the app shows that 4–5 other items were already delivered. I have not received those items at all. I tried reaching out for support, but the issue is still unresolved. Please look into this and resolve it as soon as possible.",1,2026-09-09 23:03:24
807be74e-f124-4bf0-ab60-435f93fc2cb8,wonderful app,5,2026-09-09 23:01:38
3988f77e-703e-4fd5-ba85-ad5a7379c5bd,Absolutely awesome app,5,2026-09-09 23:00:52
eed432dd-5aa9-4f99-8e7e-5e0fd1b78e21,Good experience,5,2026-09-09 22:59:06
b396fb94-e736-4f1f-a094-986f44dc6a16,Great experience,5,2026-09-09 22:56:13
d9a66fc3-9cc6-42cc-bcf7-e9a77f38a938,superb,5,2026-09-09 22:56:01
cf799355-c7a9-4941-8dc2-1e38eed66b19,good,5,2026-09-09 22:55:23
b4d18452-c18a-4962-9538-85bb6cd4d91f,"really a great plateform, Trustable for shopping.",5,2026-09-09 22:51:13
40b719d1-2cb6-4fcf-ac13-995b89a2126d,Dear Guys please don't buy any product on this application if you cancelled your order then you will not get a money refund so please i request everyone please 🙏 not buy any product on this sideeee and customer care service worst service ever they are not attending a single call .,1,2026-09-09 22:49:30
fe786c93-575e-449b-aad8-f95a867f7660,i didn't get the myntra cash after ordering product 😕 i am very disappointed i order products every week and this week i just didn't get any coupoun and nothing,3,2026-09-09 22:46:24
7e50107e-1e3e-44e6-8e4c-491d62b20c65,It really has good offers and good coupons I'm love it 😀 😍 💕,5,2026-09-09 22:44:33
23e199a4-9127-43a3-95e6-d7b87ebf1553,awesome,5,2026-09-09 22:43:30
e574874a-731a-4ddc-8ba5-2dd399f70926,very nice,5,2026-09-09 22:41:57
7b03ff23-dad1-443c-810b-590efb5ef59b,super comfortable,5,2026-09-09 22:37:32
7c13f8ee-5e49-4a8a-a0db-c7c2609884cc,best for fashion wears,5,2026-09-09 22:34:57
46f2ff4a-1058-4432-9b91-c63e1434818d,worst app ever. no way to resolve your issues. no way to connect to customer care.,1,2026-09-09 22:33:57
74a9abf0-527f-46aa-b77f-7cb4863514b9,"Very disappointing experience with Myntra’s customer service and return/refund process. The customer support is extremely unhelpful, and getting a proper resolution for a genuine issue feels unnecessarily difficult. The return process is poorly managed, and refunds are not handled transparently or within a reasonable timeframe. Instead of resolving the customer’s concern, the support team keeps providing repetitive responses without taking ownership of the issue.",1,2026-09-09 22:33:30
0c75da73-1363-464c-bb5c-7b46580c32eb,very fast delivery also in remote areas,5,2026-09-09 22:23:33
d79fee54-4a6f-44e4-be9c-983948ac107f,♥️,5,2026-09-09 22:23:33
81feb671-7aaa-4fb1-9969-4221105456b1,myntra is really good 💯😊,5,2026-09-09 22:21:22
90fa88e4-3068-418d-91e6-48ac9ae439be,great,5,2026-09-09 22:21:02
132713c4-d1a2-4c4c-aaf6-6dcc8191734f,good,5,2026-09-09 22:18:00
b2dcd026-fd65-472a-9726-8dcae399e26b,I have ordered worth of 2300/- and paid through UPI. but not received products .they have marked as delivered. so i contact with customer care executive couple of times till now there is no response from myntra and team.,1,2026-09-09 22:17:30
6f44f5e7-cb84-449b-abac-6c6be3f3403c,so nice,4,2026-09-09 22:15:58
66cc2e8c-9e30-4e37-9e1b-e69070284c3d,Very Good.,5,2026-09-09 22:15:53
6281fd11-9845-41e8-8135-d1525bb20780,third product not orignal product any,1,2026-09-09 22:15:47
70280e23-dff6-488b-9eb6-38b4517c8664,superb service,4,2026-09-09 22:13:26
116b63b7-ff3d-44cb-9248-0bc1313f50ce,affordable,5,2026-09-09 22:12:37
4541e146-3821-41ba-9ea3-7ac2f4725a09,i love to use the app it's very useful,5,2026-09-09 22:10:05
52116288-0a4c-489a-a0b4-e286892eae3f,good experience,5,2026-09-09 22:08:39
c5abd235-fa78-4798-912e-5838715f45ff,nice and reliable 👍,5,2026-09-09 22:05:12
25134720-354c-41ea-b673-5e051f7fa646,excellent....,5,2026-09-09 22:05:09
4c4b46c3-e2d8-4d10-96b8-f895ed6d3e4e,very good,5,2026-09-09 22:02:36
26780812-1ea1-42d9-a570-f85ae89a2abe,my experience related to this app is very good I the quality of things they sell is very good,5,2026-09-09 22:01:55
d549f8d4-5f9e-474d-b47b-acf5ccf966bb,very worst app customer service is very bad very worst oder is been delayed more than 10 days,1,2026-09-09 22:00:35
87310992-3126-405c-a468-4745627ab77d,best in India,5,2026-09-09 22:00:29
e8e32a14-95d8-4228-8972-3ca9bdf45051,great 👍,5,2026-09-09 21:59:39
40c36970-b3c4-4561-966c-d313f00fdf35,ye fraud and cheter hai wrong item delivery karte hai,1,2026-09-09 21:59:34
1971d80e-cdf4-4a75-8884-c047b79a98ca,ओके,5,2026-09-09 21:58:28
35927e1d-3e39-4357-960f-f4be645cea57,best shopping app,5,2026-09-09 21:57:23
1898abe3-9fb7-45ff-8a5f-c54c1baa5dcf,good,5,2026-09-09 21:55:12
c931e8f5-e26b-4ee0-8a1f-744c9452ac43,good 💯,5,2026-09-09 21:44:10
af81977b-38ac-4dc9-8e6a-ea741c9455d3,Experience was good,5,2026-09-09 21:42:35
1db62c6f-483d-454e-8769-25fc4ef3e36d,great product,5,2026-09-09 21:37:31
cd1c67f3-bbbb-4f22-8b2f-c121d484f849,i am always purchase most of my costume and dress,5,2026-09-09 21:36:42
707a2144-c26d-4dcb-aa8d-dd884b831137,"very good product, very good quality, comfortable product.",5,2026-09-09 21:35:28
06d6edd7-4645-4fd9-9bf4-08f24626d4e2,superb,5,2026-09-09 21:35:28
b8554d36-f30b-4584-918d-48eaf6d18ff6,great,5,2026-09-09 21:34:48
ffd06ce6-7527-4f41-ab1a-efadaa0e8f1f,superb,5,2026-09-09 21:31:42
99002c54-92e7-4130-891f-9e890f04d426,vry nice,4,2026-09-09 21:28:44
a086593f-c988-4f0d-8d4b-480aa01a1c7a,"India's best fashion app for top brands, trendy clothes, and huge sales with a smooth UI, though doorstep returns can be strict and customer support is heavily chatbot-based.",5,2026-09-09 21:27:05
a9c352bc-216e-4daa-8bde-53680e2b26bc,super,5,2026-09-09 21:26:55
58ef2f02-97e8-490b-81d3-0795a34023a7,"best products,wide range ,best quality",5,2026-09-09 21:25:40
8f7fd796-99ea-4379-804b-badbc99136f8,Received genuine products from myntra and also i receives product within 2 days of delivery,5,2026-09-09 21:24:29
5f9fd7c8-6d39-4a18-9afb-5df6f7a6d6f7,very Good app and all brand at Good price,5,2026-09-09 21:22:20
edf166d2-6434-409f-b05d-f253d9dc900a,bahut achcha experience h mera mantra se shopping karne ka,5,2026-09-09 21:21:18
d2cf30cb-3229-4e80-b84c-9607ca107b4c,I just love this app 😍,5,2026-09-09 21:18:44
f495bdb9-0aba-471f-a479-6ca6773e6ed9,supar,5,2026-09-09 21:13:23
3093958b-0c73-434f-8443-627fc7202a4e,very good,5,2026-09-09 21:12:39
d1347af4-884e-4bf2-8f11-4e46a13a1bec,"Hello, I had ₹79 MynCash in my account and I placed an order for a product priced at ₹493. After applying the MynCash option, the final price was reduced to ₹413. When I selected the payment method and tried to confirm the order, the page kept loading. I clicked the “Confirm Order” button twice, but I did not receive any order confirmation. After refreshing the Myntra app, I saw that my order had been confirmed, but the product price was still showing as ₹493. At the same time, my MynCash bala",1,2026-09-09 21:10:40
2405572e-d6ee-491f-8991-c44adf1a1d47,"Very disappointing experience with Myntra. I live in Nagpur (Urban), and every few days Myntra suddenly shows “Delivery is not available at your pincode” for almost every product. The same pincode works normally at other times, and I have received Myntra orders at this address before. Then suddenly, without any clear reason, delivery becomes unavailable, and after some days it starts working again. This is extremely frustrating, Please fix this serviceability issue.",1,2026-09-09 21:04:00
f00bfdc4-de23-4b98-a451-8445f1c7bd0e,i love it and it give many offers also,5,2026-09-09 21:03:51
3601665a-368b-4be7-a03d-14474da3ac18,best app for genuine products,5,2026-09-09 20:57:33
7f6dba63-c70a-4c96-97d9-713d3d030c14,good product,5,2026-09-09 20:56:17
5b16c0e4-19a3-44ca-a820-685ed93807ac,Excellent 👍,5,2026-09-09 20:56:16
4b1dbe73-471a-4205-8248-b19646ac42e5,nice,5,2026-09-09 20:49:50
897496cf-a258-4340-9b5a-03590d4cfc88,great,5,2026-09-09 20:49:36
bacccabe-108d-437d-a24a-644800e2c0cc,nice app,5,2026-09-09 20:46:48
88c9083c-1c07-4f48-8f4d-6304c97d9c42,good service,5,2026-09-09 20:45:29
74b4c7d9-5ddf-4645-9379-ddf15aa36455,nice quality,5,2026-09-09 20:44:44
842af407-8463-446c-aa00-129ca63b2b36,"Platform fees high, no offers available, Flipkart best than myntra.",5,2026-09-09 20:43:49
e10ade33-6059-4861-84b6-fb2565e4dc76,service quality is continuously degradating . long wait on calls continuously fake attempt of delivery but no solution.,1,2026-09-09 20:42:52
bff16678-d102-4345-a4d2-9d50b70860b6,Nice Quality 👍,5,2026-09-09 20:41:20
58ea13ae-0d22-4634-8d1d-7b0889d00a75,good,4,2026-09-09 20:39:25
93aa7787-2be7-423c-943c-4d943366cae0,good,5,2026-09-09 20:39:18
ab168f5f-bdf8-4314-8aac-acc58a5978e7,packing they do great,4,2026-09-09 20:30:13
7878b882-011d-4c64-9d65-caa8026a24f6,Didn't exchange or Return my parcel. really fraud might complain in the consumer helpline as well.,1,2026-09-09 20:27:34
d4c79bf2-c997-4ee2-b8bc-fbe26182710d,loved this app new fashion updates on your way.....,5,2026-09-09 20:27:34
35c59fc3-11b6-49dc-924d-d1d75a535fb2,super app,5,2026-09-09 20:23:32
de9c0922-238e-4fd4-8597-33af89251467,"The product itself is good, but the delivery service assigned by Myntra was extremely disappointing. Even when I tried contacting customer care, they said they could register my complaint, but they did not have any details about the delivery agent. As a result, they were unable to resolve my issue or provide any proper assistance. The product quality is satisfactory, but the delivery experience was very poor and needs significant improvement.",2,2026-09-09 20:22:45
0dc95ff5-d1d5-4013-a8eb-49d52cbbd312,Delivered safely and on time. Great,5,2026-09-09 20:20:13
6ff94103-0db4-4cfb-b35d-23e88efba9cd,nice sevice,5,2026-09-09 20:19:48
9ba106ac-5df4-46f3-8686-61e5f1e6564e,good products and good service.,5,2026-09-09 20:18:59
8dd890a9-b205-4a38-8361-b5954ba8bba8,nice shopping app good quality products keep it up in future hope so,5,2026-09-09 20:16:20
57f9dc38-a8e8-44d6-803d-e5c2414b411e,best,5,2026-09-09 20:04:29
70657b59-94ef-4bf2-8427-b1a156b1838f,waste app i ordered a cloth but the agent delivered the cloth somewhere else i still i didn't got my order don't install this app they won't response properly such a waste app,1,2026-09-09 20:03:43
3f1152b4-71e0-43c1-934c-a93b7cdb0198,enjoy the purchase and quick delivery.,5,2026-09-09 20:02:35
8d735815-f325-42d3-b952-d1661d3e10b7,awesome product,5,2026-09-09 19:59:36
1d4ad691-2ac6-4d4a-be2c-48ac7673c844,best app,5,2026-09-09 19:58:17
66eed4c5-7404-44f8-93d7-5e58e8b02bcd,best 👌 app,5,2026-09-09 19:57:26
6c3836d2-121f-4a3c-9908-ac622f81c0fb,"Great shoes! Looks stylish, comfortable and totally worth it.""",5,2026-09-09 19:56:56
3bd5a4e2-56f0-4765-a9fb-375655b846c4,myntra is a very trusted app,5,2026-09-09 19:56:06
f742f5bc-c028-46bd-9cd3-36a558a16f12,good,4,2026-09-09 19:51:46
bb213f3f-e364-4b46-b2f1-5a7aee21a4ca,don't like thre facilities giving wrong products and not taking return worst experience ever faced in online shopping pls be careful while taking a order from this app,1,2026-09-09 19:51:25
21725b68-3c1a-455e-b677-d86cac38afc7,maal cheeze hai isme ekdm.,5,2026-09-09 19:49:04
400def5d-bcf0-4c28-b985-5890c8120a1f,Nice,4,2026-09-09 19:48:46
c74468ea-df88-4b6c-b326-3725f71d931c,good app for dresses...,5,2026-09-09 19:44:15
4e0efd18-b4b1-47de-b89a-296e0eab7cad,my first order in myntra. good quality product i am so happy with myntra,5,2026-09-09 19:41:09
9f3458ae-9954-4852-aebf-29b30b307abd,jis kau kuch order karna hai myntra sai karo bhout aache saman aate hai,5,2026-09-09 19:38:29
93239876-52d3-47cd-b560-15b5bb1e55cc,"worst coustomer care. Delivery boy don't deliver item, if we complaint they only increase days. if try to contact delivery boy they cut call. Worst delivery app I ever seen.",1,2026-09-09 19:37:12
d502e82a-7250-4c5b-b7de-d258835f1482,very good,5,2026-09-09 19:34:53
0ecff52b-d49c-427c-90a4-549ab937df2f,"not always accept cash on delivery,they are cheater..",2,2026-09-09 19:31:39
ef31032d-865f-48ee-8820-75142b4ee405,not interested,1,2026-09-09 19:30:06
be0133ed-428c-4b5d-83a9-ec5731af9804,Nice,5,2026-09-09 19:30:05
adf5d6c6-865b-4fe5-99b4-8500eb1d539e,good 👍,5,2026-09-09 19:28:02
87a43be6-0ab0-4054-989f-e724013ed6eb,it is a very helpful app to find good product. my experience on this app is quiet good 😊,5,2026-09-09 19:27:58
557f1a0c-2edd-406d-8d75-586f073ad420,super,5,2026-09-09 19:27:46
7cb1e909-ccd7-4292-99d6-4dcd8dfe7093,The products I ordered are good,5,2026-09-09 19:23:50
8fb55509-ec8f-4a28-bd22-f8a8bc9b0fe6,nice product,5,2026-09-09 19:23:31
2fba1191-066a-46fb-a853-497d4084231e,good platform,4,2026-09-09 19:22:57
71375974-1355-4ffd-8a90-8a3316ffbc2d,too good 👍,4,2026-09-09 19:20:04
fe8d13df-89c1-4771-bc6a-fb7cdc24193f,bhaut acha app h,5,2026-09-09 19:18:52
ed5354f0-4548-4d29-8cb4-1ef061ba0e05,great app hai yaawrrr,5,2026-09-09 19:18:10
866bd436-1eaf-4348-bd88-bae86c3d89a3,it is a very good platform,5,2026-09-09 19:17:15
688af1b0-b5e4-4de9-af66-b2c308adf1ac,"Myntra is a strong option for fashion and lifestyle shopping. It has a very large selection of clothes, shoes, accessories, beauty products, and many popular brands",5,2026-09-09 19:16:55
c7fd626e-1daa-4b17-9d76-4576137a2631,"Pathetic, I had ordered a dress and requested an exchange.however, the delivery boy did not take the dress back during the exchange. I have been trying to contact customer care for quite some time.but i have not received any response.please confirm whether the product will be exchanged or not and provide me with an update as soon as possible.",1,2026-09-09 19:14:53
20f0e43d-2203-4dab-bfcb-b7587136a127,loving the products,5,2026-09-09 19:13:52
d9877b0f-71a8-485b-a458-56a279f549a8,every pincode is non servicble. great job👍,1,2026-09-09 19:07:07
9f39f660-80f1-4f6e-9d77-f5c17f852bcf,Deliverys too delay orders not deliver,1,2026-09-09 19:06:33
bd582fe9-e3b9-49ee-a455-0d701421c640,very nice💗💗💗,5,2026-09-09 19:03:12
79db6e80-acf3-43ac-affb-ef532bd65861,best,5,2026-09-09 19:02:08
f1d4f524-72e3-4042-a9fe-aa4f2a99c9ae,best quality,5,2026-09-09 18:59:34
6ed3c4ec-ee49-456b-8d1a-b46a04a95259,best for quality,5,2026-09-09 18:58:41
bb738077-dc75-4939-84f3-f9059ce1a5b8,nice🌪🌪🌪🌪🌪,5,2026-09-09 18:51:29
09963784-7ac7-4b8a-9bc9-f03b624ff1e3,nice app,5,2026-09-09 18:51:07
11bca4a6-ece1-4d9f-aee8-6a1133ea5d26,my super elegant experience 😄,5,2026-09-09 18:49:51
fd58bd9d-579c-4d45-97d1-91d4053714b5,The best app to get genuine products,5,2026-09-09 18:48:21
2785cda1-f2b4-4171-93eb-7afc02e2137a,amazing experience authentic products !,5,2026-09-09 18:48:16
fec55c08-ff44-41f9-b9c1-046271bd5cc5,very helpful thanks 🙏,5,2026-09-09 18:47:20
a7ff6af9-eee6-4037-94c4-46b27018c0fd,ghhhhhhiiiu,5,2026-09-09 18:45:35
198b207b-1743-403b-9e3c-5638bf49b9c2,"Great shopping experience. Easy to use, quick delivery, and genuine products. Highly recommended.",4,2026-09-09 18:41:29
09db8cb6-979f-4515-ad77-9252510fb405,I ordered a sandal from you. it got delivered 2 days back now I want to return. I had placed return request within 15 min after I recieved my order. now return request is getting cancelled. today when I tried to place again it said pincode is not serviceable how come you can deliver to a pincode but you can't pick up. Pathetic. if this keep happening my return window will get closed. moreover Cust care is also not reachable it's just AI with some invalid options. arrange someone to pickup item.,1,2026-09-09 18:40:29
dc2bf3aa-2d7d-4fe2-abe5-101082e187ab,best,5,2026-09-09 18:34:49
04a7db0e-880d-471b-bca1-6f893dd37213,very best,5,2026-09-09 18:34:31
1730d2d7-7edb-4f01-868c-877bf6f9f323,excellent 👍🏻,5,2026-09-09 18:31:00
1bd7531c-8cca-4519-bca1-8028eceb4987,Good app for shopping 😚❤️‍🔥,5,2026-09-09 18:29:52
780e31cd-405a-40fa-9656-f7096a3710d4,very nice experience,5,2026-09-09 18:28:13
93813f2b-dd6f-42cd-9cc8-bd5bd42dd513,good,5,2026-09-09 18:27:49
fcfbc3a5-e580-4e62-be55-4cc801ce89fe,"guys plz do believe me.....this app sucks....it will make ur life miserable.....my god... there's is so much refund issue....u will cry....plz dnt trust this app.....this app is no more trustable like it was before.....if u raise ur issue....it will be highlighted but I will never be resolved.......I waited for 10+ days for my refund.....guys upi k through toh bilkul nhi Krna......they will never refund the money.....I went to the bank, talked to my the customer care of my bank.useless",1,2026-09-09 18:22:40
fa29d868-9c1b-4690-a56d-af0625498465,excellent product affordable prize,5,2026-09-09 18:20:45
6cabe49b-26fe-4239-a2f7-586f5d20859a,this app is brilliant because they provide excellent products at an affordable price and the return policy also helps,5,2026-09-09 18:20:07
32083d3a-472a-4cd0-b973-3e763a6f92be,very good product,5,2026-09-09 18:19:01
3ca1d570-da38-45f9-8426-b20e21660af4,great,5,2026-09-09 18:18:35
8e3e0b20-94a6-47d1-9345-539b76340177,worst app and do fraud with customers even their customers complaint has no solution,1,2026-09-09 18:18:17
89673a88-fe27-4f4a-a8ee-fa2a782a7737,good app,5,2026-09-09 18:12:04
009addd3-9a20-4bf0-8c8a-ffa08f1eed39,good,5,2026-09-09 18:11:07
113d99b5-d160-46e5-82a8-1552dea460d0,"excellent service keep going, 👍🏻",5,2026-09-09 18:08:57
711c2190-2936-4dcc-b1a3-dd5185bcbfcd,okay,5,2026-09-09 18:07:38
ec688466-0557-4b09-9a62-c377d47fb68f,good,5,2026-09-09 18:02:52
2a1b56af-06c1-4388-8413-004a08a906da,"I absolutely love the Myntra app! ❤️ It has a great collection of clothes, shoes, accessories, and so much more. The app is easy to use, the offers are amazing, and the shopping experience is always smooth. Myntra is definitely one of my favourite shopping apps! 🛍️✨",5,2026-09-09 17:59:29
bdde45e0-de75-4551-9d50-55b8a425365f,thanks myntra,5,2026-09-09 17:53:20
8d9deeeb-bd84-45e1-8e2c-717f03131c39,ossm appp and every time you get too much offer on this platform so use and enjoy,5,2026-09-09 17:50:19
ba77c75e-aca6-4801-82ac-6773299d813e,very good app,5,2026-09-09 17:49:05
ef271d2e-f4b1-454e-9cf1-c5eccfe6675b,good,5,2026-09-09 17:46:30
9362c989-140d-4cec-8974-00853ce7337f,it's good,5,2026-09-09 17:45:47
af3d25fa-e51c-497d-8977-b1579fbdafe4,super,5,2026-09-09 17:41:37
129d3835-bdb1-4bf1-8b12-256b64a01a3d,"Excellent, very prompt services,coop.staff",5,2026-09-09 17:39:28
4d8ad4e4-50f0-44a2-ba6e-b0b05231c492,awsome,5,2026-09-09 17:37:49
a2eae89f-3285-4cc8-8684-5f67432d5b10,vry nice,4,2026-09-09 17:35:43
14465277-87d1-4436-912d-6000b8b00ef0,authentic,5,2026-09-09 17:31:59
77923409-366a-44d7-aa15-7e9b60249027,worst app my order is not still delivered and I am not getting any manual call from Myntra team my order is not proceeding is still packed and if it is delayed please let us know that when it will be delivered it is the worst app I have ever used,1,2026-09-09 17:30:52
5b584df5-138c-4e3e-b99b-62a85b70b9bd,Trusted and Excellent platform for shopping,5,2026-09-09 17:30:26
53d96af2-f262-46c4-8f57-e0ab5c269495,nice,5,2026-09-09 17:29:14
ff2e9025-fd05-4160-8866-e55d7f21fd08,very good,5,2026-09-09 17:24:51
009b419c-e131-4d07-8320-dce87a0e232e,Best app for outfits,5,2026-09-09 17:24:49
7c0adb18-0ad2-4869-b659-1390ebc6c13b,good,5,2026-09-09 17:24:48
805ba9c1-350d-4a0a-b396-9041ab620078,very nice,5,2026-09-09 17:22:51
744e7f83-ea8c-4fcf-962b-9000f05a15a0,osm,5,2026-09-09 17:21:53
28e0305c-296d-4673-ad78-99469a176b24,one product ordered another product sent without pricetag and the product is not replaceable. worst online shopping app myntra,1,2026-09-09 17:20:25
9eb41f40-706a-45fe-8d07-26a2197957f9,this app is so bad.. like I ordered something else n they delivered something else... no issue.. but the helpline no. .. no response... they're not ready to listen to you... the status showed issue resolved but they didn't even looked into it... I don't know what the hell is wrong with this platform but I would prefer not buying from it... worst customer care n support,1,2026-09-09 17:16:50
cde8234f-9c44-4e53-a948-b2295a93e43b,if you are a heavy user and regular buyer then returns have almost never been an issue,5,2026-09-09 17:15:10
852a6a34-cad1-4a19-92ee-501fd491c85f,very nice product,5,2026-09-09 17:14:09
5fdf4c20-0fc2-4a2b-83b0-19d04ee5d804,"I am facing a problem while browsing women apparels, there are no information about fabric of garment. how can a customer buy a product without information of fabric.",4,2026-09-09 17:12:06
000ac50e-9484-4d5c-a943-3a996ed66442,👍,5,2026-09-09 17:11:39
029e62c9-ea72-4983-a50f-33e2945335b7,good shopping experience with reasonable prices and offers .,4,2026-09-09 17:11:04
3e07ffdc-2a85-469d-9f01-3f8fedd64bf8,best,5,2026-09-09 17:09:00
e909fcae-e9f1-4d80-8b54-1c50fd6795ef,Best app for shopping,5,2026-09-09 17:07:28
62003e9f-d36d-40ac-911b-52cbd3eb913f,excellent app,5,2026-09-09 17:06:51
d1b0de4d-dd2e-48b9-b29f-e0394911c654,tooo good,5,2026-09-09 17:05:33
de7ad501-a7d7-412f-860d-423ab26165f2,best,5,2026-09-09 17:04:42
352f1c30-9f7f-4570-8165-4745280499bc,good app,5,2026-09-09 17:02:19
16ac4b19-e8d7-43ae-afb7-3703c5d670ca,very good,5,2026-09-09 16:59:44
d1c285a3-7bf7-4743-926a-d79fdcd30e51,i like this app it is really good shopping app 😁,5,2026-09-09 16:55:04
19eb6a40-271a-429e-9c4d-b737d72454f7,excellent quality product,5,2026-09-09 16:54:47
ace04dbf-1182-44ac-a435-85d83903e90b,best app for shopping clothes and fashions,5,2026-09-09 16:54:46
012c365b-7482-4fa4-8597-de637514900e,Best shopping app,5,2026-09-09 16:48:15
932694b2-b1ec-4b82-81e1-8a1ebd103a92,super,5,2026-09-09 16:47:45
adbd63ff-78dd-44c2-90b2-01a1d4ae6316,👌👌👌👌👌,5,2026-09-09 16:46:50
42b92dd9-1d44-4c55-9399-93ca31f30f4d,nice,5,2026-09-09 16:46:06
b9b3e8a7-b845-4801-adf8-22c59896ca32,too much delay delivery.,2,2026-09-09 16:44:13
767258e6-1c1c-4bee-8b58-97a90bd472d8,darun,5,2026-09-09 16:41:34
951e611a-9959-4b70-b71c-1a1b68b9a38b,myntra is my favorite shopping app,5,2026-09-09 16:37:02
669bdfd1-06c4-4f92-b9f2-5b88b471ff42,good,5,2026-09-09 16:36:38
9828ffbd-99aa-4696-880f-1fceff139d41,good,2,2026-09-09 16:36:33
6758b935-de20-4931-b4e6-d2f17dcc7a57,amazing,5,2026-09-09 16:34:52
28d09612-724a-4cf5-a58d-c81817c46844,so cute,5,2026-09-09 16:25:47
a5b7a4a9-1f43-4109-adc1-5ca5d0f1386f,all is good,5,2026-09-09 16:25:22
a74c7f06-d8b7-4b64-95ba-4b29b037e742,My experience was very good. I got the exact same product that I ordered and I am very satisfied,5,2026-09-09 16:21:16
95a9d9b9-f72a-40ce-a13b-a869653f595f,Myntra is one of the best shopping apps for fashion and lifestyle products,5,2026-09-09 16:17:10
db50371d-59de-4000-879e-1545c131668a,good 👍,5,2026-09-09 16:16:24
b9e76f95-5a04-46f7-a9e9-83ed0dc8c716,amazing products in one app with best quality and reasonable price,5,2026-09-09 16:14:37
25532459-4b5c-4895-a370-8cd97ce65184,nice app more usefull,5,2026-09-09 16:12:37
17600465-48fc-41bd-8574-c4bc16d4fb86,good,5,2026-09-09 16:11:41
ba2b7e35-bfcd-4b77-ac96-2415b3c8bd76,"⭐⭐⭐⭐⭐ Lower ki quality ekdum mast hai! 😍 Fabric kaafi soft aur comfortable hai, fitting bhi perfect hai. Stitching aur finishing bhi achchi hai aur pehenne par premium feel aata hai. Daily wear aur workout dono ke liye kaafi comfortable laga. Price ke hisaab se quality bahut badhiya hai. Overall, purchase se bilkul satisfied hoon. Definitely recommended! 🔥❤️",5,2026-09-09 16:10:47
0f4791e4-15b4-4b0a-ba72-678b2afa2951,worst application I have ever used. They always delivered the wrong product with cheap quality,1,2026-09-09 16:08:47
84d8bde1-16ea-4b68-8824-cfc3596bed64,such a bad experience from delivery agent and his rudeness... you are here bcoz we are....the rudeness and attitude of your delivery partner such a stupid thing,1,2026-09-09 16:07:29
66074cd4-8ad7-4c07-933c-9bb6945875e0,very good,5,2026-09-09 16:04:44
5a6089da-f344-46d4-afc4-bbdd7f92c5df,good,5,2026-09-09 16:02:43
c0c03991-0f16-401b-8a1e-2318a6236912,"prompt delivery,very good response.",5,2026-09-09 16:02:22
69e282d8-adf8-4b5f-84dc-8aae6dd6a84f,awsome,5,2026-09-09 16:02:12
bdcef76c-8d69-4d60-9725-792463d8f990,can't see the option to refer and earn . I searched it a lot,4,2026-09-09 16:02:03
1df292c2-2796-4775-9c4a-dbdb764694df,Cool,4,2026-09-09 15:59:45
ca3f9a54-def0-4b0d-8c46-d721708627d2,🇩‌🇩‌🇸‌🇾‌🇷‌🇯‌🇷‌🇹‌🇯‌🇯‌🇰‌🇭‌🇬‌🇯‌🇸‌🇫‌🇯‌🇽‌🇲‌🇨‌🇰‌🇬‌🇩‌🇲‌🇬‌🇪‌🇯‌🇪‌🇪‌🇭‌🇸‌🇸‌🇳‌🇸‌🇳‌🇸‌🇳‌🇸‌🇲‌🇸‌🇲‌🇫‌🇰‌🇩‌🇲‌🇫‌🇰‌🇽‌🇲‌🇫‌🇫‌🇳‌🇨‌🇳‌🇫‌🇳‌🇫‌🇯‌🇫‌🇰‌🇬‌🇰‌🇫‌🇩‌🇰‌🇿‌🇬‌🇰‌🇬‌🇰‌🇯‌🇹‌🇯‌🇫‌🇯‌🇫‌🇯‌🇩‌🇭‌🇯‌🇯‌🇸‌🇰‌🇯‌🇹‌🇸‌🇯‌🇯‌🇫‌🇯‌🇿‌🇯‌🇸‌🇰‌🇸‌🇲‌🇸‌🇯‌🇴‌🇾‌🇴‌🇴‌🇴‌🇴‌🇫‌🇰‌🇬‌🇰‌🇫‌🇲‌🇿‌🇳‌🇩‌🇩‌🇰‌🥰🆗🥺🥺😉🥺🇬‌🇯‌🇩‌🇯‌🇯‌🇬‌🇯‌,5,2026-09-09 15:55:16
79a68412-bd39-45b9-a6a4-5b092e8e0fa6,fabric is very soft and comfortable for baby.. budget friendly...worth for money..,5,2026-09-09 15:54:09
f6148c6d-a6c6-467e-a7f7-5ec448f3eb51,amazing,5,2026-09-09 15:53:24
211285c9-98a8-43c2-ba01-f509193e22e1,good 😊,1,2026-09-09 15:53:11
d5b9a9c2-d745-4e81-80b6-5072b2387186,Best app,5,2026-09-09 15:50:58
56a057e1-e3e5-41f5-9bdb-98d4015f9d36,good,5,2026-09-09 15:49:20
95462e76-4630-47b2-8a2d-2c2fccf9d70d,very nice product 👌 bhut accha h brighting ke liye ye face wash bhut light h smooth formula h iska hyphen ke sare product bhut best h oil control krta h brighting deta h rate bhi bilkul shi h iska rice vala sbse best h daily use krne se iske result bhut acche h normal skin vale bhi iska use kr skte h so ye vala hi face wash use kro jo shine brighting smooth ski. deta h one week me hi result samj aane lgte h is face wash ke hyphen rice water face beta h normal skin vale ke liye besta product.,5,2026-09-09 15:48:26
9dbb09b9-a1b5-4b3b-b239-55ae4cbe2a67,guud,5,2026-09-09 15:47:45
3accb95c-a3e1-4afd-9550-b3ab02202031,highly recommended,5,2026-09-09 15:46:58
1a926a41-946f-4cd6-908e-f35b6142d0e4,over shopping experience went good,5,2026-09-09 15:45:58
43dd1520-6f9b-4373-b468-3f5bb84b74df,Good options available,5,2026-09-09 15:45:10
4e18d617-f243-42d3-8eac-4c7136f842df,"You can get quality products at affordable prices on Myntra, with delivery on the date mentioned at the time of purchase.",5,2026-09-09 15:42:49
594e66c2-431c-4713-925a-e8ad50328b65,Lovely Experience with myntra and it will continue to the moon...💝,5,2026-09-09 15:41:38
43678986-799d-40f5-8f81-f631d442bf87,Best app ever ❤❤,5,2026-09-09 15:41:16
1461999e-d94f-4412-bef2-28c125a9f73f,i love myntra app shopping ke liye,5,2026-09-09 15:40:01
5f80f7ce-6b68-4ae5-87ac-c0e29ad5cf3a,"Good quality, amazing designs and vibrant colours",5,2026-09-09 15:39:57
030c40d6-5da1-4c05-ac89-9a5c0dfb3b53,Nice experience,5,2026-09-09 15:39:18
69670dbb-18b8-4470-8a2e-981dfa6c8943,very help full app,5,2026-09-09 15:38:39
5c1b8d45-dcec-41f6-86ad-de5473ff2a1a,best asthetic clothes,5,2026-09-09 15:36:10
20e9e1dc-83df-4244-9ecb-c44b8891b272,good service,5,2026-09-09 15:34:11
355b328a-15b1-450d-9957-e6a1b3c1778d,very nice 👍,5,2026-09-09 15:21:25
931d581e-8efc-455d-91d0-131b3d0ba9d8,very very nice,5,2026-09-09 15:20:56
9c5d9912-ed4c-4e4e-a5df-090fe9d69bea,Good,5,2026-09-09 15:19:26
a1108b1b-76f2-44fa-97a4-b8960ce16c4b,excellent,5,2026-09-09 15:19:24
69decb90-383c-4a21-af5c-48bf989c71f1,Good app but worst service ever. you cant contact with your delivery partner when your parcel is out for delivery while every app give this basic features to user that you can contact your delivery partner when parcel is our for delivery. also i have worst delivery experience with this app meanwhile in other app your parcel is shipped and reached in your area early before the date of delivery so they deliver parcel 1-2 days early but in this app they deliver deliver parcel late after shipped erl,1,2026-09-09 15:17:39
fdf7f557-7086-4b58-8c20-3b7faabccd69,Mera return Kiya tha par abhi tak refund nahi aya hai 1week ho gaya hai,1,2026-09-09 15:17:29
c3015581-98d4-4c62-a821-414716231dec,too good quality products... so beautiful,5,2026-09-09 15:13:16
950643a3-5c00-4a64-853a-dc4e62e1fbe5,"Mantra never deliver products on the promised date. They only lie with dates. A waste platform to buy things online, will turn towards other option going forward.",1,2026-09-09 15:13:15
bcadb78a-e5a1-40c5-8438-6f454b11d981,very good 👍,5,2026-09-09 15:12:49
f5d8fb40-885c-4c7f-ad48-7c9952f78ce4,"Pathetic delivery experience. The delivery team marked my order as “delivered” even though the item was never actually delivered (occured in multiple instances). When I contacted Customer Service, they were unable to provide any proper resolution or meaningful assistance. The delivery process is extremely unreliable, and the lack of accountability from both the delivery and customer service teams is very disappointing. Definitely not the level of service I expected.",1,2026-09-09 15:12:47
40787d76-99dd-462f-a283-e0594008b421,perfect app 💯,5,2026-09-09 15:07:50
d86d3fea-162f-4737-bfbc-443b380fcca9,waste of my money this app always trick people and delivery cheap and wrost product every time ..no one can order on this app,1,2026-09-09 15:07:31
b4aaae16-cf3a-4fc3-9ac6-eb0ea7f0f5ee,"myntra Upo delivery, I received a similar item as shown in image with a different brand tag attached by the seller. Upon delivery, there was a size issue with the T-shirt, so I raised a return request. However, the return is not being processed at all. The status is stuck as 'Return Requested', and the pickup date/time keeps getting extended continuously without any pickup being completed. I have been trying to contact Myntra Customer Care repeatedly, but the issue is trapped in an",1,2026-09-09 15:06:49
81facfd3-e30e-4ffb-b370-dc76c35b6cfe,good 😊,5,2026-09-09 15:06:20
59e8ad7f-4ca9-4731-96fd-d7e85bdca6ab,very nice app,5,2026-09-09 15:06:04
7485d53d-89dd-4ead-a3f7-31007145d318,🥰,5,2026-09-09 15:03:40
0df04628-1e89-48b5-b343-dc5dfe3106fb,Nice to excellent service,5,2026-09-09 14:52:02
aadb8428-16dd-482f-8286-0ada46bbacde,good,5,2026-09-09 14:52:00
cd5425f0-e2ee-44c4-b919-1e7caf22b489,bhut badiya hai,5,2026-09-09 14:51:50
6559466b-ebe1-49c5-92b8-ddd07d244004,good 👍,4,2026-09-09 14:51:05
676e76e4-0885-4613-9c74-70942327264c,thank,5,2026-09-09 14:50:23
6be112d1-722e-44f7-a63d-c2bf6cca55af,nice,5,2026-09-09 14:44:15
8e33fd4a-cc16-4da6-9828-fbe3b39df3e2,nice easy captured anythigh,5,2026-09-09 14:43:57
05e41b11-aba1-4406-9ecb-97b91c2f2f4d,good,5,2026-09-09 14:43:03
cac21c84-63d6-4cdc-995e-e74eddc6636e,"amazing 👏, I loved it",5,2026-09-09 14:40:35
d3e8c966-1f6b-4243-b707-3cd8cfb92a92,"good brands and good quality products , I have a great experience about the myntra products",5,2026-09-09 14:29:07
ecfd85b8-a2d1-467e-9a13-78710b99fba5,"आपके लिए 2–3 साल से जुड़े कस्टमर की कोई वैल्यू नहीं है । क्योंकि कस्टमर ही हमेशा गलत होता है। भरोसा सिर्फ लॉजिस्टिक डिपार्टमेंट, सेलर्स और डिलीवरी पर्सन्स पर किया जाता है—जो हर हफ्ते/हर महीने बदलते रहते हैं। आप यह भी चेक करवा लें कि पुराने डिलीवरी पर्सन्स क्यों बदले गए हैं...?",1,2026-09-09 14:28:36
079d9258-09c6-440f-8779-509ea722bf7f,pathetic services. I am not able to order items in my cart due to cart not ready error & neither able to contact the customer support as there is no option to connect with customer support.,1,2026-09-09 14:28:00
c40e0c7b-fd87-4d0a-9001-42c9d20c69d2,very nice aap for shopping,5,2026-09-09 14:25:55
af145acd-ae86-4b01-bfbf-1d2e17d5fa19,good💯,5,2026-09-09 14:24:31
4ea5626d-3082-4a59-b45e-634591d37823,best in all online shopping apps,5,2026-09-09 14:24:04
34dea9d0-566c-45a7-b609-6270915b636f,nice,5,2026-09-09 14:19:49
baa6f4f0-a69f-4f9c-9e60-2418b1ccd1fb,interesting app worth it,5,2026-09-09 14:17:07
41641110-3093-423a-af6f-9572d148e177,very best experience 👌 go and buy best discounts best experience,5,2026-09-09 14:06:05
63b97b2b-2912-4d09-a3c8-d3ce1165b603,it is really awesome...............,5,2026-09-09 14:04:10
3084187e-10ed-4fa3-a8dd-84fc02a227cf,best,5,2026-09-09 14:01:22
cb270030-5211-4f3c-90d8-3aac67f2616f,it's awesome 👍,5,2026-09-09 14:00:36
0a4a81bf-a6e3-4d3e-8bd9-f077a990a630,nice app,5,2026-09-09 13:58:40
d9c947d5-e58f-418f-b699-6a8f77855528,very good online purchase aap 😎,4,2026-09-09 13:58:15
3967f6b6-7dad-4b24-a803-26783a106923,"They cheat the customers by not delivering the prepaid orders, which happened with me twice! Irresponsible app and logistics",1,2026-09-09 13:57:32
9c8054c7-eb26-4988-8ead-ce8a2e98eb35,great for online shopping,5,2026-09-09 13:57:11
6b1303d6-9278-4d14-9eb0-511024d8a64c,excellent,5,2026-09-09 13:55:34
841261f8-a72e-4614-ab58-d17b3178a79e,good 👍,5,2026-09-09 13:53:54
0f473481-7102-43f3-9156-b05a48add3b2,Good,5,2026-09-09 13:52:43
c4f5e6a0-5885-4583-acc3-75dc2603fee4,nice product,5,2026-09-09 13:52:31
f6a10444-5add-461a-b165-5cf4b6bf5175,"I had placed an order on 29 August which was to be delivered till 5 September as per the app, however even today 9 Sept the order has not been delivered. On chat there are standard options and customer cannot input their own concern while on requesting a call, the call bot gives details of another order. Even after raising a complaint on the app, there is no resolution. When Myntra cannot fulfill the order, why is it listing the products and taking customer orders.",1,2026-09-09 13:51:24
ac515f01-2fd4-4be4-8568-9d515ff593ed,always good working and best products,5,2026-09-09 13:49:07
15a6e599-92c6-4893-bc33-c63720b746ec,great,5,2026-09-09 13:41:23
c535e00e-bd11-4865-9422-4357916daf8a,good,5,2026-09-09 13:39:53
c7a3f490-9b4c-4814-9d34-c02814b8701b,best,5,2026-09-09 13:38:27
6e02c248-36c5-4f48-87d8-cf443d65ff42,amazing app,5,2026-09-09 13:36:56
f6b5de9b-0d38-459d-84df-4f37bde25cc3,"It's a very nice app , whatever kinds of product you all need you will be getting on this app . Every kind of denims, tops , skirt , shirt , makeup, shoes , perfumes and all of the luxury items. And the most important thing about this app is that it provides you some kinda card and tells you scratch it and if you had good luck then you will get Mincash and you can use that Mincash on your order....",5,2026-09-09 13:36:52
9499e86e-d5d7-4f7d-85e2-f3b27255393c,nice app,5,2026-09-09 13:36:44
5410800a-eafd-4678-ab4e-c50ab8a332f3,myntra is not just an app it's my personal skincare shop where i ordered all my skincare without a scam,5,2026-09-09 13:36:10
5a26a9a0-4b14-4948-8332-8e8f673bd55c,superb,5,2026-09-09 13:34:58
9d394fdc-cd34-469d-a8ea-6e91bd1e2284,good experience 🫰🏻,5,2026-09-09 13:34:29
b81b129f-f1fc-4618-9743-1aa96b24656a,love it,5,2026-09-09 13:33:18
50fe7d10-1a74-4ded-97ee-6bc16b97edbc,Awesome Shopping Experience with Good products,5,2026-09-09 13:31:32
b691b19d-a5e9-48ba-a7f9-882cf6ee3a62,"on return they don't refund the full amount, neither inform the customer about service charges to be levied on returning the product.. sending the same size again and again even after informing at customer care, it wasn't my fault, why should I pay service charges. customer care shows no help and support",1,2026-09-09 13:31:19
cd4a1551-c4fb-4478-9ae7-bd9fc3ba3415,good 👍,5,2026-09-09 13:31:13
699c25ff-a8fd-4295-a869-2cfb4e294d22,good,4,2026-09-09 13:29:15
5f091cfc-90f4-4cfd-a45a-252bdafc070d,very usefull,5,2026-09-09 13:24:43
1e654b3e-b54b-4c41-9144-eed65e92f153,बहुत ही बढ़िया,5,2026-09-09 13:23:09
4bd9007c-93b0-4aad-91ad-1686130ff8f6,good 👍,5,2026-09-09 13:21:29
c9f9fb67-c73c-42b6-aade-be3f8c25b704,nice app discount every time,4,2026-09-09 13:21:27
2e815eed-c666-44fe-911f-e043fb676f16,good,5,2026-09-09 13:21:08
27731ddf-fa71-46a6-8ac1-220d09dc3b40,good,5,2026-09-09 13:20:46
21b059cf-0287-4d6a-8d17-787ef6fa5eb5,very nice big and solid bag,5,2026-09-09 13:17:53
93a799c2-ef3e-4d13-947b-a22427a4ebf0,excellent,5,2026-09-09 13:16:28
5cffc7b7-1275-421e-a9ff-ab7353430c76,good,3,2026-09-09 13:14:44
1a6af2e2-0ba1-43b6-977e-b2a337d71fc6,I love it,5,2026-09-09 13:13:52
e47e20f1-1ca7-4ece-9ea2-6f69cd147cfe,best shopping app,5,2026-09-09 13:12:50
4d988d7d-291a-4329-849a-0fb37a403769,everything is ok but i haven't got my refund back ( it's like 15 days back I have returned it) it's so frustrating and i mailed the myntra help center but no sign of resolving. and the help center is the worst of all.. i hope 😭 myntra could resolve it as soon as possible,1,2026-09-09 13:08:53
dbb791f1-8b97-46c2-9c07-72153030ca42,"**Warning** ⚠️ myntra now become a fraud app like others they are not giving me my refund for a product which I cancelled, please everyone not purchase prepaid any product from this app",1,2026-09-09 13:08:28
a8ef2cd0-fd96-467f-97e0-099bf525dd33,yah bahut achcha hai ismein jitne bhi product abhi tak Maine check kiye Hain ya FIR purchase Kiya bahut acche quality mein aate Hain abhi tak Maine jyada kuchh to nahin but jitna bhi product purchase Kiya Hai unki quality itni acchi hai aur ismein bahut sare option bhi mil jaate Hain har EK chij available rahti hai beauty product bahut hi jyada achcha aate Hain thank you Myntra ☺️☺️☺️,5,2026-09-09 13:07:17
afe6745f-fa80-46a2-89eb-d1da3c8bea64,I have been using this app over a long time and easy to use,5,2026-09-09 13:06:23
d1f78b0b-b84f-485f-a697-baae285acaf1,"Superb quality product , I Love You Myntra",5,2026-09-09 13:05:47
34c2b8ef-db21-4bb7-b125-f2f142c27d72,amazing,5,2026-09-09 13:05:33
0e4a3dcd-4bb4-4a95-a028-319fd94b24da,kurubha matrimony,1,2026-09-09 13:04:25
8f0180f6-f676-4bae-9a39-ddd2866e833d,nice app for online shopping.,4,2026-09-09 13:01:00
63582da5-552e-4fe6-865b-9b738ad949ab,well nice,5,2026-09-09 12:59:38
ad99e20b-58ec-4166-8075-48b2113de28c,quality 📈 trust,5,2026-09-09 12:56:17
9d79ca8e-ca77-459c-be03-fac81c38cc73,The most useless application I have ever felt ... i ordered the product in fast delivery and it was prepaid product non refundable and non returnable..it got rejected and rescheduled for 2 days later again it doesn't deliver my product on respective time and date the specified again I contacted help center they again ask me to wait for 3 days its been more than a week I didn't received my product ... since it is prepaid product... i suggest no to buy anything from myntra.,1,2026-09-09 12:46:02
207846a7-5a2f-44b3-946e-981a09310a4e,Superb,5,2026-09-09 12:37:17
82472ce8-82cc-4cf1-a92c-1fd1fccd1d60,good,5,2026-09-09 12:36:55
f7d58412-7628-4bbf-b3b5-204b00b3e4ef,nice,5,2026-09-09 12:32:35
f3308e4d-b9e6-4db5-9673-9d22bafd3005,very nice app,5,2026-09-09 12:28:58
0b4b51e5-d7dd-45dd-b105-47c7bdfbd7cb,Nice product,5,2026-09-09 12:26:56
f2b77908-5bfb-4316-a472-d256c36a931c,very nice,5,2026-09-09 12:23:31
13eb1ee5-d2f8-4996-b3f9-ee2537909f16,nice app usefull,5,2026-09-09 12:23:07
64d862b1-b953-4e83-a2e3-9d8ee0e25c1b,"Have been using Myntra since it was first rolled out, have got more variety and quality products on its platform, trusted by millions of users like me, keep up the QC and goodwill that you have earned over the years.",5,2026-09-09 12:20:09
2f4b8b21-93a0-49a9-9379-0fd2e53ac6b2,Trustable app for daily shopping,5,2026-09-09 12:19:36
8d2e2522-ef7c-4213-bab4-4579ca8efaa7,nice,5,2026-09-09 12:18:27
26cebd45-10f5-44c0-8a75-54af63ce1654,very nice product thanks for sharing me,5,2026-09-09 12:18:10
58d2795a-ef39-4b98-86f8-e06d646f3684,very good,5,2026-09-09 12:17:05
bd00a9ee-34fe-41dd-b2cc-ac50bd2f480f,Good for brand shoping,5,2026-09-09 12:15:21
e5e0cf82-f489-49f9-b33c-333517ccd6a0,good experience,5,2026-09-09 12:10:32
0f3d03d1-7b51-4d2a-a818-440510202683,"ordered my first order from you and you can't delivered that, feels bad ...",1,2026-09-09 12:09:22
a89fc82e-9250-4365-83e2-6d2d4f24dc11,some times its makes me desapointed but all over experiances are good.,4,2026-09-09 12:07:41
6831ad29-7d4a-41db-aead-aeb90ce78da0,very good shopping app,5,2026-09-09 12:07:25
4ce44ea2-0287-42be-9cec-8add9db3dfe0,good service,5,2026-09-09 12:04:15
fd0b7fd6-cb0b-419d-850b-232ffdf9e48a,superb quality products,5,2026-09-09 12:03:29
d6317e26-ebde-4a0f-b912-16d778e350ec,Very good experience,5,2026-09-09 12:02:41
cc2546a4-a1d7-4488-ad1e-4a90aa208ae0,Good,5,2026-09-09 12:01:56
37cc7aab-3549-463f-b06b-52ceb1a0d5d3,ok,5,2026-09-09 11:59:08
9ba58640-6058-4d28-aa93-37a8e186eb1d,ବହୁତ ଭଲ ସପିଂ ଆପ,5,2026-09-09 11:57:10
f13aa59c-b9cf-4df7-b47f-5ef9567962da,myntra product quality 💯,5,2026-09-09 11:55:52
d8c4c6d6-3ffb-439d-aa61-0824d61b2b35,peak,5,2026-09-09 11:55:47
81c1b02a-0695-462f-870a-f190c2782d5e,Good experience,5,2026-09-09 11:54:28
bb105122-5c7f-4220-88dd-e45568ae06ac,good,5,2026-09-09 11:53:06
6fe93ece-eb1d-46e0-8e92-57b13520b3a4,very fantastic experience and vast shopping variety,5,2026-09-09 11:51:28
2eacf8d7-b0f7-438c-84d8-9b23b65b49c4,great,5,2026-09-09 11:49:44
6b32de6f-6a8a-48a8-af73-31a9c19101d8,nice !!,5,2026-09-09 11:48:42
23997df9-964a-48d0-acf0-34b7ee8bf628,good app,4,2026-09-09 11:43:38
3c7c03b7-9e28-4a45-be3e-e38e8d3e3c33,very good app,5,2026-09-09 11:42:40
862ebb40-014f-48e8-93d6-6e014519edb0,trustable,5,2026-09-09 11:40:49
358b1b6c-21b2-4587-82e2-3f5713e26ba3,Good,5,2026-09-09 11:40:18
4dd161ab-7e29-4f0f-bd82-24e443108392,good 😊,5,2026-09-09 11:37:39
0a3b377a-514b-45e2-aa3b-067105a13755,"⭐ 1/5 Extremely disappointing experience with Myntra. I ordered a shirt but received a completely different product. The delivery agent insisted I accept it and raise a complaint. Myntra asked me to return/exchange it, but exchange isn’t available in my location. If I reorder, I must pay ₹200 more because the original order had an offer. Why should I pay extra for Myntra/seller/logistics’ mistake? This is a fulfillment failure, not a change-of-mind return. Very poor resolution and support.",1,2026-09-09 11:36:47
e3af3ba6-aa6b-405e-a503-4662033589f2,very bad service delivery boy picked up my parcel and don't update status and myntra help not replying about my refund,1,2026-09-09 11:36:41
a66076ad-8a1d-4a03-8275-399777e99047,good interface,5,2026-09-09 11:36:15
cccc0e59-b4d2-40c6-8085-dfb8f9225648,good,4,2026-09-09 11:34:01
7d9aa42d-5598-4a82-ac59-99ca8b6c4c1a,my favvvv app,5,2026-09-09 11:33:12
9c8d8aa8-19c5-4453-ad84-79cafee46628,gud experience,5,2026-09-09 11:33:02
75145bad-5d6f-4277-8239-4a8a454629ac,products available on myntra are authentic,5,2026-09-09 11:32:37
16798c10-88bc-4b26-a203-4aaa76bc5586,best apps,5,2026-09-09 11:30:16
d475f27e-e07e-45d0-89f9-b2f5573c6bc5,Exceptional varieties of clothing are available in Myntra,5,2026-09-09 11:23:56
d8e99cb3-842a-4480-80f4-65ba1dcdda51,good,5,2026-09-09 11:23:09
f5821901-c914-41ed-87f2-e36e0972b38f,Nice app,4,2026-09-09 11:14:33
c7279f75-4aa7-48c8-812b-f71cb0460be1,nice,5,2026-09-09 11:13:19
e5e18e43-323c-490a-aa1b-26a3522d1dc2,good,5,2026-09-09 11:12:45
90431ad7-3695-4ccd-814d-badcd83126d6,very good 😊,5,2026-09-09 11:11:56
0ab31e81-3589-47af-9665-6ab253ff6d7f,"𝑜𝑘𝑎𝑦 𝐺𝑜𝑜𝑑 𝑙𝑢𝑐𝑘,👍👍",5,2026-09-09 11:08:51
ebbaddf4-2b70-4e90-916e-388022a2d91a,🥰,5,2026-09-09 11:04:16
0430dfe4-ac0c-41d2-8f79-42e41ebe989a,good 👍,5,2026-09-09 11:02:00
58cf92cc-5f2c-44ef-9cbb-651f15c72584,nice shirt,5,2026-09-09 11:01:20
ee13d951-fe48-4856-8d56-094a33608124,my fav shopping app all time 💖,5,2026-09-09 11:00:28
5905206c-7706-4a4b-94b0-e9296ea1f47b,very good service,5,2026-09-09 10:59:32
36d83a00-6e4f-4f3b-90f2-963c8ff32ebe,i enjoy shopping on this app because i never get scammed and myntra genuinely do provide real products and their packaging is also good,5,2026-09-09 10:54:03
b372ba6b-75af-4e93-9755-c14fff4b4554,nice experience with myntra,5,2026-09-09 10:53:09
ab44fdf8-dc4c-44e5-96ca-714e5408b755,very helpful,5,2026-09-09 10:51:54
3cbe4874-d412-45b9-9ae8-7f3701c89e70,all products best quality 👍🏻☺️,5,2026-09-09 10:49:58
bb21e243-13d5-4313-ad8d-df8da0918ef3,Just love shopping from here,5,2026-09-09 10:49:35
36cf4bb2-429f-40a1-b6be-9f2cb3768205,nice,5,2026-09-09 10:48:51
e5d27785-d09b-4c62-887a-c20d9e223203,Awesome,5,2026-09-09 10:46:40
6c1e652a-ace8-4dea-8c6e-d4cd77cf30fc,it's great experience with Myntra. quality products with reasonable prices.,5,2026-09-09 10:45:29
1a9fedb8-2d10-4c31-8050-252df6360c5d,nice plateform for shopping,5,2026-09-09 10:44:58
ef87425d-ceeb-477d-831a-c7ba289802f4,best shopping platform 🤫🤫🤑🤑,5,2026-09-09 10:41:13
f1c31340-bf96-4bb0-95c2-34c6dd41bc27,"I believe Myntra should be awarded with an award for being the worst at refund policy and customer service. Whenever I call, some AI chat bot repeats the same thing again and again, and will never connect me to live customer support. Refunds get delayed by weeks. Name a thing and Myntra is bad at it. I hope you keep some humans in the customer support rather than replacing them with AI bots. I see the app rating in the Play Store is 4.6. Are those ratings also from bots?(Just curious)",1,2026-09-09 10:38:43
40e1ee23-a7b6-455b-b200-629e154e41cc,good 👍,5,2026-09-09 10:38:13
1ff79cad-3c07-48bb-94bd-a79957692764,genuine and prices are reasonable,5,2026-09-09 10:35:33
50ddf543-c4d0-4bd2-aa92-0a3a4cdb5e46,electrical item showing,4,2026-09-09 10:28:41
0ebf5aad-7499-47b7-8e44-6d8214fecfb9,this so beautiful,1,2026-09-09 10:27:03
bd719c9e-8392-4b48-80c9-1c62b756bfc6,Nice fabric,4,2026-09-09 10:23:01
a2828190-48e9-4f96-abfd-23010ac5474d,Good enough,5,2026-09-09 10:20:52
e813e9c2-c90c-47f6-8609-2b3bb41865b2,good quality products ..,5,2026-09-09 10:19:41
0c09b0e9-ff3a-4079-8d91-673b8c3ae67f,Good,5,2026-09-09 10:18:19
75e54ece-1bfb-450a-9218-40520232027b,nice app,5,2026-09-09 10:16:38
1ec0b4ba-981b-49fb-b493-195b7af4ec1c,good,5,2026-09-09 10:12:33
e3ab4b1b-5c1b-4df8-b342-d8efd0eb95ff,Awesome,5,2026-09-09 10:11:30
1fb8b3e4-421e-4745-8626-086bd44b990e,vary good app using are vary ejay,5,2026-09-09 10:10:50
b4267f5b-e592-4a0a-8843-7e3b9351dc02,best app for branded clothes,5,2026-09-09 10:08:45
f674a0db-e01a-40b2-ba1a-9ef00ccd8fc7,thank Full to myntra,5,2026-09-09 10:08:36
a29da108-7c1f-46ee-bd30-546c8d554d0c,wow super app,5,2026-09-09 10:03:18
4f2d5418-7e30-4701-8101-b7b70e2bf3e8,good interface,5,2026-09-09 09:59:27
4c969eb7-e977-4901-a272-113835890751,very good quality 👍👍,5,2026-09-09 09:58:27
8acdc3d3-ab25-4f9f-866c-0ea7883fe35f,best,5,2026-09-09 09:57:07
c75a83c8-5bcd-4666-b22c-5b75a3e45cba,very good for premium clothes an fashion,5,2026-09-09 09:56:22
a63e8f71-6814-47d7-9a67-8852c4b90d96,this app is good,4,2026-09-09 09:56:04
7b19bfff-da50-4839-aeb4-571b7cf20321,nice,5,2026-09-09 09:55:17
cbfcd01b-915c-43a4-adff-a70e5175ac4b,Best app,5,2026-09-09 09:53:06
a73708d0-3b3d-46ab-a71a-364a66d09586,nice app,5,2026-09-09 09:51:39
0e16c4f7-4bbf-4fdf-9a50-be3427dc14cd,good,5,2026-09-09 09:50:03
b463bfce-9582-420c-b80c-07061ac9bf02,very very good,5,2026-09-09 09:47:02
1008f017-705e-4a23-bc36-8be59187bd5c,I love Myntra,5,2026-09-09 09:46:08
e9966354-9958-4ce4-adfe-42037208397a,best app for shopping clothes,5,2026-09-09 09:40:14
dc34e462-a8d6-4d7d-8088-1680f70c5dc2,I love it 🫂❤️❤️,5,2026-09-09 09:34:30
c4b4e43f-c015-4a25-832d-0a6d71b25461,nyc awesome 🎉🎉🎉🎉,4,2026-09-09 09:32:43
4d0ea15c-8f1a-4308-a938-a406119024e4,very good shopping app,5,2026-09-09 09:32:21
ccde4cb3-213e-49cd-9e2a-13ca1b38ea8a,worst app.,1,2026-09-09 09:31:58
1580400b-be78-48d4-bb0f-73114fdb8ba1,good,4,2026-09-09 09:27:28
98fee617-68c4-4abc-8f26-5720ade7b0ad,I have bought nike downshifter 14....which is an incredible pair,5,2026-09-09 09:26:58
2eff2da3-f0a9-4f0a-b430-696a308e1dda,nice onee,5,2026-09-09 09:24:42
72fa0024-f6f1-4206-baf5-d9ee0d05079d,great app,5,2026-09-09 09:23:33
3b732fe0-46ff-4516-a372-d1c76a3f70a3,good product and nice frabic,5,2026-09-09 09:22:55
d9ef8e18-ec2a-4e34-8ff6-5bb5493dd70a,thanks for sharing,5,2026-09-09 09:20:33
c06165c4-d9f4-4d1c-be64-1044cb3f08d5,Best,5,2026-09-09 09:19:29
6c36fb09-3068-4116-ac59-d389aba98042,excellent,4,2026-09-09 09:16:47
aba4bb2d-208d-4517-b978-52e1f5a6cb97,best app,5,2026-09-09 09:16:39
622ede8a-c8ec-46fc-91d2-c149db252b5d,always late delivery no customer support,1,2026-09-09 09:13:30
7f815154-5724-49b9-9a4f-f34fbdf2f852,Great experience shopping with Myntra,4,2026-09-09 09:12:49
c36f7c8a-2098-4f21-9eac-111c83b52d8e,superb app 👍,5,2026-09-09 09:10:26
3710aca1-67d8-409d-a30d-468b5af99a49,the best shopping app,5,2026-09-09 09:09:39
10824715-b887-4f17-aa26-52de008c91d8,"overall good but for certain clothes ,the size chart are different from the product we get .",3,2026-09-09 09:08:32
50f2270f-7e76-4502-8bee-875c3f7d582d,nice app,5,2026-09-09 09:04:21
d9e9b2d3-d8f6-45da-b571-428f0d7e6795,Worst delivery experience. They just show offers and don't deliver your products. Never buy on Myntra. One of the worst service. Fraud app,1,2026-09-09 09:02:56
03da4c02-e64f-4736-874e-1bda87ee50a1,just amazing collection,5,2026-09-09 09:00:27
fdb55d39-28e4-48e2-b514-ac223087cd16,good app for shopping,5,2026-09-09 09:00:11
467d6d3b-0e0b-4221-ae18-dc814337e2bd,Okk,5,2026-09-09 08:59:56
8f9330ad-a395-47e7-bb46-05f1f918f819,Need to work on many aspects.,1,2026-09-09 08:58:53
4f067eeb-ff65-4d6b-b76c-839d59f5cd8c,amazing,5,2026-09-09 08:58:33
6c9dbb06-6b76-4736-8e9a-4e9f2ce3116d,nice,5,2026-09-09 08:54:07
05d83aab-5ead-4692-b14d-00cbceb56c20,too good to be,5,2026-09-09 08:52:51
4bfd86ee-3a9d-4c6f-a8ab-b4eb9a73bda9,good,5,2026-09-09 08:52:39
74cbdd88-8af0-48e7-99a6-ac3505c8b6bd,worst app ever... their customer care is nonsense,1,2026-09-09 08:50:35
5f617c19-dbd5-438a-995e-2835a0a49987,good,5,2026-09-09 08:45:59
5feff93d-646a-4fe1-a07d-8a3b8459b23c,good one,5,2026-09-09 08:44:19
a27e51eb-1ba9-41a6-9483-464c380a57d9,good product,5,2026-09-09 08:42:19
81b1d284-65ca-439c-82b3-1a61bca9746a,excellent,5,2026-09-09 08:41:46
5732719a-9b7e-4677-9326-6196520ceb2e,wow,5,2026-09-09 08:41:39
f4c1891c-3428-4382-a26d-a045b0c1ccdf,smooth user interface,5,2026-09-09 08:40:40
695ae1ea-ba76-4beb-b0e1-6460edc574d8,excellent,5,2026-09-09 08:39:46
3d7b109e-58d3-4497-b965-a25c5e934144,Good shopping app,5,2026-09-09 08:32:51
a35dbb7e-b6fd-48d9-8c73-93e9d50461ca,very good aap,5,2026-09-09 08:29:04
79247f87-9e9d-4836-8ddb-f7da0d5bb703,good,5,2026-09-09 08:27:27
9ae8b600-8166-4103-9d69-23f5dc42d38d,"It's a good platform for shopping authentic, trustable.",5,2026-09-09 08:27:22
d581decd-bcf5-4190-a401-4e8ccc28442f,Good 👍,5,2026-09-09 08:27:06
1dbcf5fe-1ac3-446f-90eb-b7dc618eb740,this is very useful I purchase one product and I have good quality and perfect size,5,2026-09-09 08:26:06
a95c641b-93b4-4a8c-9c58-dd17142cd4b8,good,5,2026-09-09 08:23:38
d63119e8-41fd-4d6c-b9ca-10690cfc71f0,easy and convenient,5,2026-09-09 08:23:08
7ec14c78-ce81-4e4f-a680-04ed5f503581,best application for clothing 👌,5,2026-09-09 08:21:57
282d5e61-110d-4b20-a8c0-4bf1b0b95879,amazing shopping app,5,2026-09-09 08:21:43
ea17ca56-b3a6-4218-92fe-b669310cb3ad,excellent,5,2026-09-09 08:20:55
bfc73b7a-714d-4e6a-aa55-3cfcd7c8aa36,wonderful 😊,5,2026-09-09 08:19:38
897e2285-652c-4892-8533-6efd97869530,ఇది వేస్ట్ యాప్ . వీళ్ళు ఎంత దొంగ నా కొడుకులు,1,2026-09-09 08:19:32
199fc5b8-91f1-4b74-83ac-756d4055eea5,"WORST! WORST! WORST! NO PROPER CUSTOMER CARE SUPPORT. WORST WORST SERVICE. BETTER BUT ON AMAZON. MYNTRA IMPROVE YOUR SERVICE, IF YOU WANT TO STAND IN THE COMPETITION, OR ELSE DUE TO BAD SERVICE NO ONE WILL BUY FROM YOU.",1,2026-09-09 08:06:09
967fcab9-7bef-44d7-b059-1bcba00f3ee5,quality product received,5,2026-09-09 08:03:39
607bc056-464d-445e-abf5-06a77b5bff16,Good,5,2026-09-09 08:00:18
0dc5c746-4aa3-4a10-8ad0-a1360ce70a98,good,5,2026-09-09 07:57:18
a643d0fb-c9aa-4e06-8fc3-554179fdf0cf,nice product,5,2026-09-09 07:52:13
421c1464-7cca-45be-80ec-cb11eceb5647,"waste flatform,it delayed my order multiple times",1,2026-09-09 07:43:34
dcbcf159-d34f-43ea-94c9-3cff7d242ded,Nice Shopping App,5,2026-09-09 07:41:22
23d005b1-5cf8-49d1-83aa-8918864cd2b0,product🔥,5,2026-09-09 07:40:33
92df15fd-6238-4e54-b5ea-911aed20caa1,good,5,2026-09-09 07:39:53
2892b363-3e98-4e58-ac03-b1f17236b1d3,best app for beauty products,5,2026-09-09 07:39:11
dd56c273-00fe-47f7-85d4-ba306fbc2aaf,myntra is best to shopping each and everything. they give you best and best price,5,2026-09-09 07:38:34
1c8c2c97-c673-4316-adb9-4579bf5652a9,a good experience about purchasing from this app at affordable price,5,2026-09-09 07:37:13
04d2e816-892e-4fa7-b5e7-9cb45772e739,product quality of this app is great 👍,5,2026-09-09 07:36:39
10edc7bb-0113-4f4e-b4cd-e265f0ce64e8,excellent app🤩,5,2026-09-09 07:33:15
d581e168-1144-4cc4-b74e-9a890fd96067,good,5,2026-09-09 07:17:31
69fd6e1d-6834-49eb-8a9a-49b8cacec31b,godd shoping app,5,2026-09-09 07:14:55
3e6d4d5f-47fb-4fb6-8f60-a9e24f3d6f45,where is my order merko mere order ki update he nhi mil rhi 7 sep ko aane vala tha aaj 9sep ho gyi,1,2026-09-09 07:11:33
6debb0a0-a8be-472e-bb83-fb4d0e0616f2,my favourite online shopping app,5,2026-09-09 07:06:54
f7ab0140-de8d-4e82-b1a2-b31bef5731b5,very slow delivery,1,2026-09-09 07:06:19
4dc69265-c0c9-4a8b-bf07-e9307d629d92,This app is very good to buy products I am very happy to buy products from this platform ☺️,5,2026-09-09 07:00:29
ca49b9d4-18bc-431c-9658-52412f729800,myntra my is best app and best quality shopping app.,5,2026-09-09 06:54:10
67c1032b-82f7-4fde-a54a-d50f5b6fd0e5,best app for shopping ♥️,5,2026-09-09 06:36:10
dbbd3233-ec9f-4b17-b77b-6546516e7084,very nice,5,2026-09-09 06:35:27
4822f020-f6b8-4873-bda8-4d808eabc47c,first tym i downloaded this app n it have fantastic options quick delivery n discounts i just love it u eill tel ders no platform fee but always you are charging 23 rs which is not ok,5,2026-09-09 06:34:56
6026143f-eca7-48b6-8954-22509d115ca6,Awesome product,5,2026-09-09 06:22:06
17d476f3-f5bc-4097-b474-1b248e55d7ff,great experience,5,2026-09-09 05:31:42
03225c78-f76a-4995-8e5b-92f05ab72c8e,it's been a year since I using myntra app for every need and I am using it's service very frequently it's awesome for online shopping 🛍 but myntra charge platform fee 23 rs for every single order it's not good but except this overall myntra is my favorite and top list app my first priority is myntra for my every occasion when I am going to buy anything,5,2026-09-09 05:31:33
40bf23d2-b276-4748-814a-0848d5da950f,very gud,5,2026-09-09 04:36:58
eeca8269-ca32-4fea-bd6e-563733205e2c,good cloth value of money,5,2026-09-09 04:22:27
c1b00459-ffce-4f08-b14c-0fe9a5f15a93,Best platform with affordable prices,5,2026-09-09 04:18:11
505f3dd5-e04b-4b0d-8a66-9cc09731c3b4,good and original product,5,2026-09-09 04:01:15
0b4b595d-89f0-4e1e-8aaf-ddc40aa1f629,i genuinely say this words from my heart .i really love this app.it works so smoothly.i love it .,5,2026-09-09 03:11:55
986f5e0d-5594-4d02-a883-e73f8b8a3f8a,"Right on expectation, the product quality good and I love it",5,2026-09-09 02:28:45
8798f4e0-962a-4870-affc-a183284cda47,"Not professional...returns are very difficult.... for returns they are saying "" not valid reason "" what? ...don't like means don't like. called 3 times but not getting my refund ......",1,2026-09-09 02:23:15
4a959aa4-c0b6-4f54-9df6-43a93b6172d8,good,5,2026-09-09 02:12:13
ab3c88b1-14e9-4db2-9710-63729c2f559a,best one,5,2026-09-09 02:07:39
13f21a91-a811-446e-8d29-00022e143bf1,excellent,5,2026-09-09 02:00:39
66431258-d2ac-4de3-9b59-dceccff62a7f,good 👍,5,2026-09-09 01:57:33
21fd0d8d-e9c6-40f1-a3bd-a9407165032c,Excellent,5,2026-09-09 01:47:51
9991ca4f-9e12-403b-93b3-b3f5b4d166d1,very good experience with myntra keep it up,5,2026-09-09 01:47:10
3441087b-6799-447e-9839-2a1133a37c0c,selling quality products,5,2026-09-09 01:46:34
ac59f413-2784-4a51-8554-02baef68e9b4,it is a very good and straightforward shopping experience.,5,2026-09-09 01:40:33
73137783-5014-4d40-bde7-31f7dc02903e,Very very nice.....,5,2026-09-09 01:39:25
6a92d18d-cfef-4ac3-aaeb-bb7731c78d5c,bhut accha app h for quality shopping must try,5,2026-09-09 01:36:27
e2fb6f9e-83c2-443e-a30b-b6f4e8b67d90,"One of the best apps for fashion and home shopping. But there is an issue with the interface now. When I click on filter and select the filtered options the screen doesn't show the ""apply"" option. There's an issue when it comes to applying filters on the app..please fix that issue on the interface",4,2026-09-09 01:31:31
81fc2d87-b541-459a-ba92-b6fb8a4efe14,Really good 👍,4,2026-09-09 01:28:42
e962d63f-11b9-4a00-94ed-d1a8beb3d23e,"Quality First, Customer Always.",5,2026-09-09 01:25:53
c1b4f205-d897-4c5f-ac75-473e94d83b6a,great experience using Myntra always getting genuine products,5,2026-09-09 01:20:32
8cd9609b-cee1-4a83-98f8-bb6c68f26de0,best offer,5,2026-09-09 01:10:30
f94d632f-45c2-4f44-bf03-88bcd07fbd8a,great experience.,5,2026-09-09 01:06:46
07f9d0d2-29c7-4a13-a24a-0e55c971dde6,Good Quality and Less Price.,5,2026-09-09 01:02:31
5de097c7-89a6-4c3d-8331-f294818bff96,"worst of all they said off of 30p on first order but I ordered 600 rs item and it doesn't applied also they said 100 flat cashback on bhim upi but dint get any cashback for that , fraud in terms of offers",1,2026-09-09 00:59:00
d14e8781-f683-4b58-85d1-19d92f6558fb,This app is have very good and very stylish products gave many coupons,5,2026-09-09 00:57:28
18f216bd-6225-485e-bce5-2b053cbace0f,fast delivery great product,5,2026-09-09 00:56:06
cbda85aa-ae9e-4fbf-8dc4-c10f2d04154c,"WORST! Myntra used to be my fav app to shop but since 8-9 months I have had 80-90% of cancelled ordered. when I complain customer service about order being not delivered on time they said it will be delivered in 24 hours then in 24 hours i receive msg saying ""unfortunately we had to cancel your order"" ... this isn't the 1st time it has happened.. it's been multiple times now.... Myntra which I used to trust for on time delivery even early delivery has failed very badly now...",1,2026-09-09 00:55:36
d3f41131-614d-4f58-a1b4-2db27d7138f2,They are doing forgery with their customers. I ordered one kurti from Myntra today. It was size xl so wanted to exchange it with size L. The L size was not available so I wanted to return it but one message comes that I will receive 686 rs via upi and the rest of the amount will in Myntra credit and cash. Why would I take the myntra credit and Myntra cash instead of UPI. It is a complete forgery. They do not have any moral values to their customers.,1,2026-09-09 00:49:53
4a6d1035-0d42-46f0-b4f2-0b0bf848cfd5,great app.,4,2026-09-09 00:42:46
1dbe29b0-5767-4440-890d-430b17f40330,"Everything is very good, quality service and all but this platform fee is not available on other shopping sites.",5,2026-09-09 00:42:07
3d968b4c-344a-47e3-b22d-4f1c0dbb7c1d,awesome services and products,5,2026-09-09 00:38:35
df21a73a-5b85-429c-af33-946223a3d7af,best app for shopping,5,2026-09-09 00:33:38
3b83d52e-fcef-45f2-be1c-2a9afd9e2fff,good,4,2026-09-09 00:12:20
819a1fa1-7d7a-4fc6-ad41-16c4559defee,"worst experience, size exchange request. received whatsApp request from ekart to confirm availability, confirmed exchange next day. delivery guy came same day for exchange. told him to come next day. next day waiting exchange, automatic update exchange failed. call customer support immediately they assured we will have the exchange dine by end of the day. now the whole exchange is cancelled saying I declined exchange which is incorrect. now customer support does not want to help",1,2026-09-09 00:11:06
d8e49d93-57fd-4282-9c1d-e893d6533676,"Very disappointing experience with Myntra. I ordered a kurti but received a completely different product. I immediately raised a return request, but the vendor rejected it claiming the correct product was delivered. Myntra did no proper further verification, despite me having an unboxing video as proof. What more can a customer do? My evidence was ignored, and no satisfactory resolution was provided. It feels like Myntra always trusts its vendors over genuine customers. I have lost trust in Mynt",1,2026-09-09 00:07:39
2aec3659-28e6-4931-b3f5-f5bc76a1cbb2,very useful app thanks you so much,5,2026-09-09 00:06:53
1b097c99-7f3c-4471-8b42-24f74e3b3638,every thing is best quality,5,2026-09-09 00:02:34
d4225bdb-f9d3-4aa4-9fd1-25676617edcd,wonder full,5,2026-09-08 23:58:14
f68cf2be-fccf-4750-af0d-962049bc4ad6,Nice 🙂,5,2026-09-08 23:53:45
bad96de7-af9c-489d-8b60-30aecef1507e,"Agar product Delivery main koi delay hota hai toh iska matlab ye ki - product missing hai , issliye koi copy product milne ka chance hai . Mujhe ye scamm lagta hai . Agar promise date ke hisab se product delivery nahi ho pata hai toh product replace hone ka chance rehta hai . Save Myntra from Warehouse scammers before downfall Don't promise 2 days delivery,if you can't",1,2026-09-08 23:52:21
1bff10e1-049a-4de0-9f8e-610c79671bcc,best,5,2026-09-08 23:51:50
d143c814-06de-473b-8e1b-9eced3dcad7f,awesome,5,2026-09-08 23:47:37
c0621123-aa89-4e45-8ecf-6261c80a7677,"useless app, customer support us useless and dumb just like the dilivery people, the dilivery person is rude and wants me to pick up my order at HIS address and is also shouting at me instead it's been 3 days since my order is shown dilivered yet I haven't received any of my order yet. tried connecting with customer service but as I mentioned they make you speak to AI automated chat, very useless I need my money back you keep your products. and this app is also not letting me get a refund.",1,2026-09-08 23:47:07
a06086a3-9dfa-4114-b26e-10dc8531e2fa,"Totally pathetic experience. After giving me the wrong product, myntra doesn't even come and check my product that I have received... They just checked with suppliers and the backend team and closed my ticket without any intimation. So the backend team is more important not the customer. Customer is there just to scam you of 350 rupees. Okay, got a great lesson cheap. This is why i don't trust any platform other than amazon and flipkart. They proved my skepticism correct.",1,2026-09-08 23:43:39
1193f336-b844-4143-9ba5-5dbd657b0169,great product and great service also,5,2026-09-08 23:35:45
772c1079-f58f-400a-a9ce-5165bef2c56c,superb,5,2026-09-08 23:33:47
22aab2da-ced2-4c1d-bfe5-9afcecbadae0,so pretty,4,2026-09-08 23:31:06
9ac849e8-7971-4f7b-87f4-192dcd9efe24,i like this app very much very good quality shopping,5,2026-09-08 23:30:38
21ef923b-2ebe-41df-a384-c0749b5eaae3,best shopping app,5,2026-09-08 23:28:34
c10da4d5-1120-459a-9857-e985b66fca23,it's awesome 😎,5,2026-09-08 23:26:39
28cc9c37-13a2-4cd4-b905-2723bc9244cf,very good app has the best quality cloths and materials.,5,2026-09-08 23:24:48
485d5dbc-d947-40a6-8363-8314c5c7e6e8,can't receive my orders,1,2026-09-08 23:24:21
f5a7205a-da98-4c76-9fc0-36ff4ee04ed8,good,4,2026-09-08 23:23:11
4f76adfc-bf79-4fb2-bc3d-d24e30d53944,good,5,2026-09-08 23:21:45
4bbc538c-61b6-4b6f-b53c-02f586b3918f,very nice,5,2026-09-08 23:20:59
63fcff41-837f-471d-8d3e-88d460231d98,nice,5,2026-09-08 23:05:51
7fad1fad-c225-422d-8d22-10e6aa593508,good brand 👍,5,2026-09-08 23:04:10
54426525-5344-4d81-9d04-cc5e1c8fe942,"very bad in cancellation and exchange process Still waiting on my cancellation and exchange. Worst process ever. Fix your customer support!......Terrible experience.......... They take your money instantly, but when you need to exchange or cancel, they completely ignore you...... even I also sent them the mail but they don't even respond on it since 3-4 days very very bad experience.....",1,2026-09-08 23:03:59
f7ccaaa9-513f-4571-aa58-de78d7fdedd9,premium quality products,5,2026-09-08 23:03:59
69164041-e4d6-4ea0-a5b4-aba3afd9838f,best shopping app,5,2026-09-08 23:01:27
b798c646-34b7-4c26-bdf6-2bca9a1cd493,"takes too long in delivery, send cheap or close to expiry products all the time AND one time sent the wrong item worth over 3K rupees, filed a dispute, refused to admit their mistake, no refund. idk why ppl hype this app so much. such a bad experience",2,2026-09-08 22:59:42
f360a2e5-7f38-4f31-bb24-33e1ba52be7e,good experience for this app,5,2026-09-08 22:59:04
c6954a31-3bff-4f1e-8682-5c5a16d79060,"various brands, easy return n exchange , fast delivery n exchange & returns overall an excellent online shopping app",5,2026-09-08 22:56:25
d33bc31e-dfa4-4b8e-87f8-cf608bc2c6fa,Good Products and faster delivery. Every time it satisfied me.,5,2026-09-08 22:55:26
48b8a112-c369-49a2-bc33-46f939f5dbb0,nice,5,2026-09-08 22:48:47
ef66a4d8-d9d9-4524-aff6-ee292c6eb85b,Good experience. libas dresses is excellent. Myntra service is very good 👍.,5,2026-09-08 22:44:09
1cbf325a-0b68-42c6-9f72-95eeb9d24c5d,it's very genuine and I had really great experience to shopping on Myntra app. all the products are really super.,5,2026-09-08 22:42:50
44284ec6-d43c-4e40-93b2-86fbd99f8f77,very good,5,2026-09-08 22:41:01
67d66102-5bcb-4b7d-9b2f-dc3f8d58a808,my experience was too good,5,2026-09-08 22:39:50
d703aa49-3450-42c0-b109-013f03021d01,nice,5,2026-09-08 22:39:41
35aa5049-f406-4116-b01e-d294cbe0f940,Good,5,2026-09-08 22:38:41
8b16c407-75e0-4ad5-a0a1-1e799ede6c07,vary good,5,2026-09-08 22:29:09
42065a59-a285-4f5b-8f98-93b779717731,genuinely good products,5,2026-09-08 22:27:33
781a9f86-b832-4c8e-9cd0-09b93332e4b6,nice,4,2026-09-08 22:25:57
9411ca40-d31a-48e9-82ec-9dbc407af721,Best App in whole shopping apps,4,2026-09-08 22:23:05
0819eb6d-80ba-45f0-a081-dd90f2a16123,good,5,2026-09-08 22:21:57
254e392c-c7c1-4792-b5b8-5929b061c0a5,good,5,2026-09-08 22:19:09
19b3e298-fd60-47d9-8d18-bdd7a6c06660,"thik thak hai ,",4,2026-09-08 22:16:30
279602ac-ba10-4daa-81f5-bf3ed9fd589b,"compare to other platform, i feel products are better in Myntra",5,2026-09-08 22:13:02
07632679-62a1-40fb-8202-58572d032b12,nice,4,2026-09-08 22:12:51
11c5dcef-9f5c-42f9-aae5-86c4abcecf0a,excellent app .... hot good quality product... really satisfied 😊,5,2026-09-08 22:12:10
4a600a7b-57f3-4422-9373-ac8645bf1d81,bhai sahab nice,5,2026-09-08 22:10:11
8739afee-f3d9-45ec-8118-f8ceeedaa6f9,best app,5,2026-09-08 22:09:19
561fcdc6-b647-4d59-b362-3ac8d7372f04,very good site,5,2026-09-08 22:06:48
26ec1b33-e219-4016-ab54-08d421f07b57,best app for clothes in comparison of quality from other app,5,2026-09-08 22:03:25
d2756cbf-8a1c-4f10-93ab-7d32b5366084,👍,5,2026-09-08 22:00:18
fc270bd4-dc54-4b44-950d-523e9c28ef7c,very nice 👌,5,2026-09-08 21:59:30
182912fd-49aa-4389-9da6-84eedf3ba25a,good shopping 🛒 app,5,2026-09-08 21:55:11
59c8b62a-c08d-4226-b9bc-0b21b7c1f504,quality product delivered,5,2026-09-08 21:54:50
fc865809-f6c8-4e99-be89-6622ca4051b1,one of the best shopping app ! I am happy from myntra,5,2026-09-08 21:52:58
edabe795-b0e2-4396-a239-32e507d29599,super exclusive experience,5,2026-09-08 21:52:20
3d15a933-2177-403f-be8c-e34360c06248,best shoes,5,2026-09-08 21:52:09
8195dcda-888c-45e6-8059-5583e3598b81,worthy to buy rather than the offline market.specially for the bigger sizes garments.,5,2026-09-08 21:51:37
a1a4e209-4bc9-406a-ae02-85797e2b45e6,very nice,5,2026-09-08 21:51:23
2b661bf9-f0e7-42db-8c69-9d0563211ace,happy to shop,5,2026-09-08 21:49:55
9dd2fd69-5201-4a2b-b5d6-3f417764fc97,very bad,1,2026-09-08 21:47:44
2793aa74-2ede-4b1f-8a17-f19e6a433ef7,I got coupon which helped me to order crickets balls at a very low price after 7 days of delay it got cancelled and when I talked about it in the customer care they said that your order is *lost in transit*,1,2026-09-08 21:45:10
120075a2-8cd2-4227-9ebd-c1288c2528eb,over charge,3,2026-09-08 21:44:49
855d385f-b5cf-4216-81c5-a7f4ce6ae72b,Huge collection of fashion brands and styles Good discounts during sales Fast delivery in many cities Easy-to-use app and interface,5,2026-09-08 21:44:08
67625676-f841-40fc-b722-00aa937966b5,"Subject: Complaint Regarding Multiple Orders Cancelled Without Delivery Dear Myntra Customer Support Team, I am writing to raise a serious complaint regarding my recent orders. I placed 4 orders on Myntra on different occasions. For all these orders, I paid part of the amount through Myntra Wallet and the remaining amount through Cash on Delivery (COD). However, none of the 4 orders were delivered to me, and all of them were cancelled without a proper resolution. This is very disappointing, espe",1,2026-09-08 21:40:32
3bf988bc-0fba-4850-b8bc-36317e8316dc,awesome collection,5,2026-09-08 21:38:30
fa2efc2b-b95a-42d4-97b7-e6d135cf130a,Very bad delivery service my order have to arrive and previous Thursday now it becomes next week we'd now also I not even receive any response from them,1,2026-09-08 21:36:03
3d8c7e34-0ea0-4cd6-bb2b-8b242061adf0,this app is good stylish wearing and also affordable ..,5,2026-09-08 21:33:07
950db731-d373-401e-8978-a220582d5004,best,5,2026-09-08 21:30:34
4c166ee1-023c-4af3-914e-026b0715725c,one of the worst apps for shopping no delivery on particular date they don't even give delivery guy contact and give fake promise that it will be deliver on delivery date I will never shop again in myntra,1,2026-09-08 21:30:13
916a6789-21f5-43a8-baf0-7fc800c0c69e,good,5,2026-09-08 21:26:44
57ff1ea6-d987-4afd-9466-b1ea955775d4,orders does not get received on time,1,2026-09-08 21:24:09
7b9805f3-1d8c-4681-af80-d09e81a6c6f0,"The worst app to buy something, guyzz really now myntra is not that good for online shopping. I had ordered two perfume from myntra on 28th Aug and the delivery was supposed to be done on 4th september but they delayed the delivery time to 8th september but when i wait till 8th sept they just cancelled my order at around 9pm.😡😡",1,2026-09-08 21:18:15
57a5e9a2-fc0b-4f5d-8257-80e77d3b9e43,bahut best,5,2026-09-08 21:17:15
809c82cb-273c-476a-931a-42288e216045,poor return exchange policy. I recieved wrong product. no action is taken from myntra,1,2026-09-08 21:15:50
3b52e82f-dbc1-48f4-a5ac-923db48a592f,nice,4,2026-09-08 21:15:02
5f7a9f72-076b-4ca4-97a2-2feebfb151b4,good app but delivery delayed 😕,5,2026-09-08 21:11:25
5095946e-7f2f-445b-b6dc-af4be454042b,nice,5,2026-09-08 21:11:15
7e7ff400-0c12-401c-969c-f58ca84b96aa,Best App for Clothing and Accessories,5,2026-09-08 21:04:35
28e0b57c-c6a2-492b-be33-955c2f33e44c,Good,5,2026-09-08 21:03:57
a7c3eeae-f609-4cef-b372-08321037d1fb,good app for shopping,4,2026-09-08 21:03:06
87665ec3-c532-4c59-80db-489c9312c8c2,nice,5,2026-09-08 20:57:13
a6b122d7-4d33-4a37-997c-41d5ce1200d2,very good app,5,2026-09-08 20:56:48
000f0738-6f2b-49b7-ad9c-cb75199fe211,ordered 3 times cancelled 2 times and taken away the myn cash then what's the point of giving it and wasting our time,1,2026-09-08 20:55:50
171668ca-5816-4ceb-9c84-171befcf0ab7,genuine products,5,2026-09-08 20:55:44
02d5d490-99f8-4065-a882-723d11183131,good,4,2026-09-08 20:52:55
dbc37dce-e007-49a0-b9de-0a73cf7b6d80,good 👍,5,2026-09-08 20:50:09
3963570e-1c9d-4253-9ad2-e44f19112524,awesome shopping app,5,2026-09-08 20:49:53
a1836226-311f-4e73-8b0c-9233a52f912c,best app for buy clothes and fully trusted,5,2026-09-08 20:48:43
896b5814-99d3-4701-a860-5bba6848e3d7,very nice offer thankuuu 🫶😄,5,2026-09-08 20:48:02
a5df4802-67b6-475d-9f83-4dcbcb0bdf69,"Bad & rude delivery agents when it comes to return and exchange of products as they don't even wait for 5 minutes for the customer to come downstairs and then they just decide for the reattempt pick up on their own without the customer's approval. They come and go as they please. Let me tell you one thing- the world doesn't revolve around you delivery agents and Myntra so if you keep on doing this type of stuff, then I will just stop being a customer of Myntra! Also, the customer service sucks!",1,2026-09-08 20:47:43
63513dad-778e-48fa-ba08-a3a13723ae94,"They promise delivery date but they didn't deliver and not any information about my product. why are you doing this kind of thing. While your name is so big, only the name is big😡😡",1,2026-09-08 20:46:35
24a36e58-17e5-4ef0-a38d-756a075660dc,Nice app for shopping and explore new brands.,5,2026-09-08 20:45:20
2d096bbc-62d9-4d69-a431-b3356d0280d0,good,5,2026-09-08 20:44:49
23513573-fb5e-4376-96f8-461926f85d48,worst experience ever not received order and agent deny to raise complaint... don't use this anyone it's better to place order or flipkart and amazon atleast they talk nicely and provide the solution zero rating from my side,1,2026-09-08 20:44:34
9e72fb52-e0d5-48b0-901b-9a4f71a65785,Myntra Koi shopping mat karo fek hai customer care not a response delivery partner not good not help please koi mat lo,1,2026-09-08 20:43:01
9f2bc635-5a28-48ef-bb56-0ff1ccb0e317,I have ordered a swear pants which size is 36 that is my original size but they ordered XXL size very bad quality very badd app meesho is good than myntra Okk please give better quality and inhance app features,1,2026-09-08 20:35:49
6589c6db-19b9-44f8-b3f1-4c6f0aa10e94,love it,5,2026-09-08 20:35:00
dd19e9d7-5c83-4ad9-91a8-0c961ce12ca0,Good Experience,5,2026-09-08 20:34:20
f510be1c-ec28-4d54-b50f-0856f2a47a97,extremely bad delivery schedules multiple failed attempts when those attempts were not even made never ordering again from this app,1,2026-09-08 20:31:50
66f4d2a5-9c10-48b3-8fbe-3f77438ec112,I like the saree saree The colour was so amazing I'm happy with the quality and fast service,5,2026-09-08 20:29:27
1b721e71-5a02-4655-a098-dc4947add7ef,myntra is the best online shopping aap,5,2026-09-08 20:28:08
fe37c5e9-6acc-47d6-8ba0-fd22dc4f4b63,nice,5,2026-09-08 20:27:32
9a9a1b35-47d3-4d92-9f7a-f047d4c9e0b6,ok,2,2026-09-08 20:25:39
09d26d7c-abe1-41ec-bfad-3d5e06f18a51,👍👍❤❤,5,2026-09-08 20:25:36
e8717b7a-2a98-4b57-82ec-5884f9514148,excellent Products with lowest prices,5,2026-09-08 20:23:56
a687a200-d35a-4484-ae06-9983705f7da9,nice product,4,2026-09-08 20:23:53
34857c0e-8f1c-4dac-a2af-43d1fb34644c,good,5,2026-09-08 20:21:34
0b216dd2-1f6c-4cd4-b4f9-e799c0a3e12f,good,5,2026-09-08 20:21:17
fdaf1ab8-a0bb-4ff1-99fe-ba3ed2d3d1de,Good 💯,5,2026-09-08 20:21:16
8c0a9903-dd57-4544-aefd-adc5a65c2859,Really nice app with exclusive item of good quality product in average price 😀,5,2026-09-08 20:20:45
a9b0c531-a266-4895-80a8-39d8f38bf944,affordable!,5,2026-09-08 20:20:26
afad1359-9872-4fcd-9545-c4c005141459,good app myntra i am happy,5,2026-09-08 20:19:26
93c16dc3-7d0e-4ec7-8703-28d6755e711d,for a stylish look go for it,5,2026-09-08 20:19:02
e7c6716c-df0c-4fc7-80fc-c8e676d41054,loved it,4,2026-09-08 20:18:18
c2b40614-d6e7-45c8-bd16-5371977b910b,app is not working,1,2026-09-08 20:17:07
bdaa87d0-23bf-4161-ac7f-8ef7f4b422f4,"Really happy with my purchase! The product is good, looks nice, and the overall quality is also impressive. It was delivered properly and the packaging was good. The product is worth the price and I’m satisfied with my purchase. Overall, a good experience and I would definitely recommend it. ✨ nice",5,2026-09-08 20:16:48
f73c0cc2-4a8e-499d-8184-9fd62f7b47c2,great products,5,2026-09-08 20:15:10
8d3233e9-d1ed-45a3-bbfb-9d8058b4e88d,nice,5,2026-09-08 20:14:00
4597d0d8-7b7c-4de9-8379-896d5b6c858a,niche,5,2026-09-08 20:12:35
d04b16d6-b14d-4142-8f90-c8ec8fda1a8e,good,5,2026-09-08 20:10:23
c255d33b-5c93-4ce8-8af5-020b9b6b11fe,good service comper to other plotporom,5,2026-09-08 20:09:43
12fd04a8-4a9a-406b-8157-d0c994f50f3b,ordered a staletoe very classy .love tht heel.thnq myntra. ontime delivery & best quality.,5,2026-09-08 20:08:52
d7d71486-f2e5-4963-a919-945f919454db,THANK YOU MAYNTRA🎀💐,5,2026-09-08 20:08:04
5fc4c147-81c0-43c6-ab05-215cbd2361a7,Great Shopping App,5,2026-09-08 20:08:00
90f6e46b-e59b-4db6-a33a-56bd3bd534ab,excellent,5,2026-09-08 20:05:58
40e29940-51ee-462c-bd24-eed52eeaed32,very nice 👍🏽,5,2026-09-08 20:03:55
4fd214c9-22fb-4ae1-8c92-93772c8a48b1,horrible customer service.,1,2026-09-08 20:00:13
01d03362-dd12-421b-8a14-b3d25bef7fe2,Good,5,2026-09-08 19:58:35
dfae15f1-df12-487d-a537-d14491203d9c,worst online shopping app..these guys literally send you different product and when you try to return this they blame us that we have sent correct product even after giving them proof.. they spoiled some ones happiness and expectation.. MYNTRA CLOSE DOWN YOUR BUSINESS,1,2026-09-08 19:58:35
7ac5fe20-a1df-463e-ac37-d3c39d037404,very good,5,2026-09-08 19:54:16
8a2d2077-6c9b-4a74-8283-dd2ea97e7263,it was good experience,5,2026-09-08 19:49:21
3d0a9323-7ac6-444f-b88c-ce422d4a1810,very good,5,2026-09-08 19:48:47
723cd126-a10a-4935-ab82-b7b880db68a3,best app for dress,5,2026-09-08 19:46:11
cef796e6-0eb5-4259-ac3b-0a681d3e0a4e,nice,5,2026-09-08 19:45:43
03638e40-9b07-4b32-94c9-be82755b3b7b,Very good experience for shopping,5,2026-09-08 19:45:36
a095fa19-f6c6-46d3-9f62-5f1f755da38f,great experience,5,2026-09-08 19:38:15
25f637f1-2b7a-4968-ba4e-8a0abbaba9e3,"I’m really happy with my Myntra experience. The app is easy to use, there are so many options to choose from, and the delivery was quick. The product quality was also good and exactly as shown in the pictures. Overall, a smooth and satisfying shopping experience!",5,2026-09-08 19:32:51
7e057348-3032-40fb-980a-afd087d5beed,good app,5,2026-09-08 19:32:38
68dc66a2-3afb-432a-9b82-a7b7c94fa4c2,"so disappointing with refund system...in my condition, my one product is missing but they did not do anything",1,2026-09-08 19:31:03
c19de7c8-70f4-41ad-9020-afcc657da84e,good 👍😊,5,2026-09-08 19:29:54
bd1e8d1c-6e4e-45bb-9174-3ae2d723eaa5,thank you 😊,5,2026-09-08 19:29:33
10fd6b11-1535-420f-9076-de0035256cbf,very bad delivery service 😑,1,2026-09-08 19:25:39
9da5f612-dffd-4e5d-ba22-6b6df50ee5a6,Fraud app,1,2026-09-08 19:22:25
4f827323-9365-4d85-98fe-d33d793c6700,best app,5,2026-09-08 19:21:43
a05cd075-a89f-44a4-b09a-7fc95f077a31,good experience with mintra,5,2026-09-08 19:18:45
91263070-ab8f-43bc-b8e4-1194ffdf48aa,nice app,5,2026-09-08 19:18:31
93a27b32-7eea-4fa2-a887-7246f2ae9945,Excellent shopping app,5,2026-09-08 19:16:43
dad1f298-e7e9-4b7f-a844-6614103a2a3d,Good product 👌 best price 👌 👍,5,2026-09-08 19:15:56
0d585faa-2e11-4446-831b-4de2b3616b56,best in this price,5,2026-09-08 19:12:23
5bde127d-fe96-4ffd-8b7c-9c4b0ef59a00,happy,5,2026-09-08 19:11:18
f599deff-4965-41b3-975a-2d7cd5229287,good,5,2026-09-08 19:11:11
aa5df046-d6f2-467b-b757-cc24dd40cffc,nice,5,2026-09-08 19:06:31
5c83b730-3dbf-4dae-959e-6b377cbb0349,good,5,2026-09-08 19:05:35
1e459dea-1713-4cf8-ac5d-261fafa86600,very good,5,2026-09-08 19:05:13
b676142d-548a-45f1-ac88-607eb2719d35,vey good,5,2026-09-08 19:01:40
5afdce70-c804-4298-afe6-e036a4d4d587,just woow,5,2026-09-08 19:00:17
a9d0982d-db05-40f1-964b-f90f254ebfaf,very nice app easy to find what we need,5,2026-09-08 19:00:15
6f2ebbc0-05da-4844-b829-5bb068c2f36d,branded app for branded people,4,2026-09-08 18:59:40
e645c779-57ea-4702-90e7-348a707cf889,nice app,5,2026-09-08 18:59:30
b6a33873-ebda-4869-a89a-32c911202f49,ik,5,2026-09-08 18:58:22
dbc4dd32-9435-446d-a4b7-ca86e36043d3,Good application for Purchase...,5,2026-09-08 18:54:11
fba18875-f38f-41d8-9e29-455b5a629d1a,nice aap,5,2026-09-08 18:52:59
bab6da2e-e0fb-4b28-90f4-a2fb92218b3e,this one is very good 👍,5,2026-09-08 18:51:19
c14f1be6-a023-4a9a-9575-be62c3199119,best service,5,2026-09-08 18:51:00
efa31b88-eeb0-4c8b-a4a9-73e9502dc0c1,Good shopping app,4,2026-09-08 18:50:41
b395cea0-f5cc-4b74-9a62-b8e7fa170cd1,nice product,5,2026-09-08 18:50:34
aa0760fd-7cac-4955-b712-ebae954efcbc,good,5,2026-09-08 18:49:55
ef753861-235b-425a-86ad-cc80d1f8186c,good experience,5,2026-09-08 18:49:18
b2116d2e-7a4b-4021-bf0d-9fb6fc106423,very good,5,2026-09-08 18:48:56
ddd5a494-2101-4233-a6bc-e64c27d2c2e1,amazing app for any of the product I used to order almost my each and every small things from myntra... literally a worth,5,2026-09-08 18:47:38
85196cb4-4626-468f-9f3a-65a87ad9ceca,endo emo!,5,2026-09-08 18:47:06
de0f53f5-23e6-401a-a523-1e0e633c3ee5,wowwww kapde,5,2026-09-08 18:44:49
cdd1ba85-653d-4c77-9cea-8d0e21acd8f5,very nice,5,2026-09-08 18:34:31
36661fe0-63e5-4f75-9790-422e039fd7a9,excellent marketplace,5,2026-09-08 18:30:08
32b53808-0944-4928-82e9-2ecdeb002ba4,no words to say. truly amazed..,5,2026-09-08 18:27:44
6a9cf49d-943d-4112-9190-28f8cb010320,Great experience with Myantra.,5,2026-09-08 18:26:04
b383bcaa-42d8-4836-98f3-9be3c758b21a,good app,5,2026-09-08 18:24:20
f494544b-4963-4659-858b-2e6db32456e5,"You promised to provide an update by September 7th, but I haven’t received any update yet. It will be exactly one month tomorrow since I cancelled my order, and I still haven't received my refund. I have already sent the transaction details as well. Please process my refund immediately or share the updated status",1,2026-09-08 18:22:55
e3292422-c653-4970-8fd6-173fa91131b2,best app,5,2026-09-08 18:21:36
09863807-3f31-43fc-8576-529650c1ad94,amazing,5,2026-09-08 18:18:56
73f094bb-1ccc-42ac-8e5e-93fd02fa680c,"good, but for my other product of Woxen the PIN given is wrong. still awaiting delivery of the same.",5,2026-09-08 18:18:51
3a5079f9-2b3c-42ef-9378-f97b5474ffd6,I'm very happy myntra shopping app 🥰🥰🥰🥰❤️❤️❤️❤️,5,2026-09-08 18:16:52
de659917-7ae8-4237-8bfc-61d5ab8dbb2d,best app for shopping my fav app,5,2026-09-08 18:12:28
cb117aa0-d22e-4f12-a15a-9281504d0f9b,I received the WRONG product and raised the issue/return request on the SAME DAY. . My return was cancelled claiming the correct product was delivered.,1,2026-09-08 18:08:37
e8b314d8-8ed9-47c8-aeed-98ba62061cf2,good,5,2026-09-08 18:03:18
19e802e1-a005-453d-a16c-a0fddcac5f69,"It is very easy to find out best outfit for yourself with high precision tools provided by myntra in its application like size measurement, recommendation by considering your past purchases and what size model is wearing helps me alot to select and buy the product. one suggestion also, sometimes colour of product appearing is application is quite brighter or different from actual colour of product so kindly fix the issue. Thank you Mantra",5,2026-09-08 18:03:07
8e56a8b4-e0b4-4fc3-a989-e2ae02d62a4e,its very helpful 🙂,5,2026-09-08 18:01:05
f8eda6b8-af3a-41d8-bb6d-11d985a077f5,this platform is very trusted,5,2026-09-08 17:57:03
359b5f86-f57a-4b3c-80e1-a44c47246473,very nice,5,2026-09-08 17:52:54
e9d5a39f-0f9c-4681-9534-e419138ef78b,best app for shopping get great quality product and resolve the problem very fast,5,2026-09-08 17:46:48
670cebec-bc33-4ef2-b48d-fea5af99b9c2,"i had received the wrong product and had already raised a return request. Despite repeated follow-ups, the return pickup was continuously delayed, and I was repeatedly assured by your customer support that the pickup would be completed within a few days. Now, to my surprise, I have found that my return request has been automatically cancelled without my permission or consent. I have neither requested nor authorised the cancellation of this return. It is completely unacceptable that the return",1,2026-09-08 17:43:56
ffd3ed07-df23-491e-8194-dfc65aaab892,🤩,5,2026-09-08 17:43:05
79c113ab-f407-4a16-8285-37cb73d472cc,Awesome,5,2026-09-08 17:42:59
a0adcfe3-b364-4b7d-a569-9f34373ca2b4,Delivery and the quality of the product u r delivering was top-notch,5,2026-09-08 17:41:11
d3fd4f8c-db95-446b-85ad-c1979c489e99,it was a great experience,5,2026-09-08 17:35:24
62cd89c6-8b15-43cc-9faf-faff2fb33984,👍😊 good,5,2026-09-08 17:34:58
f78b2b36-b444-4b20-ae77-cfa8cd44d409,good product,5,2026-09-08 17:34:48
27d0888d-f5d4-423f-bbd1-e4a6735eca4b,one of the best option,5,2026-09-08 17:32:25
7e800c79-aed2-40e2-b6cf-1bc4da40cef5,good app,5,2026-09-08 17:31:19
4b31e449-ca65-4aad-b53c-432609a66333,good,5,2026-09-08 17:26:28
6241c15d-598a-4bb2-93c3-83d24aca3913,osm,5,2026-09-08 17:25:29
761e7457-6887-4aa4-9eac-f36f5f3ce051,their is huge discount and return or exchange in three click only,5,2026-09-08 17:23:47
e2326c20-1951-4da0-b078-7f715c1faf3c,nice experience with mytra thanku 😊,5,2026-09-08 17:23:25
08b94ce0-8002-4527-a97c-611c157ed8a4,"Super soft, comfortable, and perfect for everyday wear!",5,2026-09-08 17:22:57
ebc6ddd8-3a7b-4900-8f0a-b9f23cc0fc93,The tops for formals women where very good and comfortable.,5,2026-09-08 17:21:28
30e24cee-fd05-4ffe-a3b4-76ca0df90bf0,"⭐⭐⭐⭐⭐ Myntra is one of my favourite shopping apps! The app is very easy to use and has a huge variety of stylish clothes, footwear and accessories. I really like the quality and the number of options available at different price ranges. The shopping experience is smooth, delivery is reliable, and the overall service is great. I’m very happy with my experience and would definitely recommend Myntra to others. ❤️✨",5,2026-09-08 17:21:23
1722b625-3a6c-4324-8699-65426a86c460,♥️♥️,5,2026-09-08 17:21:17
ce97c70c-0b04-4959-9c35-33bcb481dc80,Very good product. Real comfort.,5,2026-09-08 17:17:15
703d4476-820a-4d07-94af-eb80e61f70d2,nice app,5,2026-09-08 17:17:01
41ccbcdd-3ffd-4b0d-ac3f-42240796edc3,amazing shopping app,5,2026-09-08 17:16:18
643544b2-c32e-4a89-907d-90d7a289ce73,good quality product and material,5,2026-09-08 17:16:10
3b66d4c4-52b7-428d-8a67-45569b66cf5e,fast delivery i love this app❤️,5,2026-09-08 17:15:57
6c837ea4-0aa8-4827-a3a9-d3276f7c8b06,it's the best platform ever,5,2026-09-08 17:15:52
56cd2c94-857a-426a-aaec-bdf869007b65,quality products,5,2026-09-08 17:14:54
68fa3392-7def-421e-bc90-cac2f389940d,use to like this app until my delivery which was prepaid never showed up and I never recieved a resolution on time now they are telling me the window is close when even before the window closed I tried to ask for help but help services were always preoccupied I never got connected and now that I finally got connected they are saying that its too late... so I dont have the item I ordered and I lost money worst app... I used to like myntra,1,2026-09-08 17:13:45
b15e7861-5b3e-4a86-9389-35c807182760,Good quality,5,2026-09-08 17:12:35
abab6979-db48-4846-a103-a67be5050b6b,nice,5,2026-09-08 17:11:26
35791b94-4ed8-4979-b74c-849af11d212d,good experience,5,2026-09-08 17:11:07
67be05b7-905a-46c2-9f83-321d9c8f4b4c,satisfied,5,2026-09-08 17:09:21
3faad6f4-cc0f-4fe9-b2f3-74b46368bdb1,Track the item is not functioning correctly and not up to date.,5,2026-09-08 17:05:12
b90bdab9-1481-4c3c-ae67-039f90f0407e,very good product 👍 thanks,5,2026-09-08 17:04:17
1cb701f4-2519-4663-bec9-31c70b65bc96,facing cancellation problem for more than 10 times for my ordered products. this is done by themselves not by me also if they are cancelling the product then they must tell me the reason for the cancellation but didn't get any information and also I don't get my full refund. this is so disgusting.,1,2026-09-08 17:01:57
80ce7e41-d951-4fd6-b696-a0cc232cee6f,real product risved good aap trusted,5,2026-09-08 17:00:52
69aae1e7-d5d9-40fc-afca-92f555cb95b5,amazing,5,2026-09-08 16:57:56
75554ffc-9777-496e-ba0c-88120bb69bb9,i like this product...,5,2026-09-08 16:55:46
fdf79e70-b29a-4ab4-93c1-b6d0ea86665c,very good and reliable,5,2026-09-08 16:43:52
10aaa6b5-4441-4106-839d-c362f9cf05c4,it was my first experience in myntra aap and it was great experience I loved it and also really fast delivery as well and also myntra give us few delevery which most aap don't give do it nice and also do affordable price range as well and i hope I'll get more offers in my order of this myntra aap but the thing is which is not like by me it delivered in two say and I was wanting to get on the day i order so hope it will add the option,5,2026-09-08 16:43:09
b1e2dfa9-5ab4-486a-99b5-642ccf829824,"Your chat support do not work. Your call back does not work at all, we do not get connected to customer care executive.",3,2026-09-08 16:41:46
f3891aa1-7bac-4797-abbb-1126362276b6,"Fabric is very soft , elastic,just very glad to purchase this product",5,2026-09-08 16:40:36
280a87eb-c933-4342-8df2-9a02867a571c,good product 👍,5,2026-09-08 16:39:17
d5bd4a33-c29f-4b99-9e09-fa37f25b8c76,helpful,5,2026-09-08 16:37:30
015175e8-b207-4282-9ea0-1637e553026a,"Very disappointing experience with Myntra. I ordered **Yonex Nivis 350 shuttlecocks**, but received duplicate/counterfeit products instead of genuine items. I raised a return request, but Myntra is now refusing to take them back, stating non return policy of product. If a duplicate product was delivered, the responsibility should be on the seller and Myntra, not the customer. Myntra should investigate the seller. Very poor service and a serious loss of trust.",1,2026-09-08 16:36:53
3ba86a82-d26f-4a95-8a72-9c358c371324,good quality,5,2026-09-08 16:36:20
9a259476-a754-412c-acf8-028529f9f2f0,product are really good.The images shown in the app is same as the product.The brand products are also real not fake.,4,2026-09-08 16:35:28
c6bfa3a7-26ae-42c2-be44-cf4b1d338d29,good,4,2026-09-08 16:34:39
ad628ee3-2ad9-471f-89ff-cd460ec2b9e6,Authentic app for Trend lovers,5,2026-09-08 16:32:39
87d31338-75b0-459f-b058-08c59050215c,fantastic experience,5,2026-09-08 16:32:11
bf3aeec9-83c5-4ba7-bfda-5ab3b7c04467,good,5,2026-09-08 16:30:58
13ae7824-87ba-4d7c-b4d4-a6544e4669cd,the only app to get original brands,5,2026-09-08 16:27:43
72040506-04c5-46bc-89e8-655fca51cb05,Best and affordable fashion,5,2026-09-08 16:26:01
41a8b96e-b589-4052-9493-1554b40e25ed,I have recently download the app and ordered my suit first time.. and it was awesome.. and from now it am doing my online shopping only from myntra.,5,2026-09-08 16:25:53
8be7e4cb-badc-4e43-969f-b11b0b5c6206,"Myntra is one of the best shopping apps for fashion and lifestyle products. The product quality is great, the prices are reasonable, and there are always good offers. Delivery is quick, and the return and exchange process is very easy. Overall, I’m really happy with my shopping experience on Myntra. Highly recommended! ⭐⭐⭐⭐⭐",5,2026-09-08 16:25:43
8bba03df-f9ad-465d-952e-c19d0d5781f4,best deal provide for me 👍,5,2026-09-08 16:24:11
f651f5d5-2346-4785-8db3-455b9db0e044,amazing,5,2026-09-08 16:23:39
09fc5da9-df80-48a2-9b54-d963570cd257,no word for this app . all things are very good and well,5,2026-09-08 16:20:38
42bd0192-d86f-48a3-925e-702e75f7f27a,good service and nice quality of a product 👍🔝,5,2026-09-08 16:15:45
44793e5c-ccff-4cce-826e-805daace2fa9,Nice shopping app,5,2026-09-08 16:12:15
6c4f6596-ba60-4b43-abe2-74ebfc76963b,pretty cool,4,2026-09-08 16:12:12
66435607-2146-47cd-a38b-0577c28999cf,"Myntra can't assure delivery in pondicherry, multiple orders got cancelled since they can't deliver (atleast seven orders till now), how do you guys even expect to run a business when you can't deliver?",1,2026-09-08 16:11:51
0cee5278-dd6e-4cc4-91ed-a0e252900dc5,the app is so easy to use with a wide variety of products.,5,2026-09-08 16:11:39
a24b96a7-dbf9-4777-9e9e-7ddbe8afe162,"nice product , well delivery of product ,we trust on website fully,I satisfied with your services",5,2026-09-08 16:11:18
5917b583-bc2f-436f-8d57-01d03fe6c35a,nice,5,2026-09-08 16:08:57
3a687a3a-0a52-4931-a096-877c264b3431,good,5,2026-09-08 16:08:53
9e35401a-801b-4c1a-ac5f-1d0cd4bc9389,"I would like to create the best shopping experience on Myntra by exploring the latest fashion trends, discovering quality products, and sharing honest reviews. My aim is to make fashion shopping more enjoyable, convenient, and inspiring by helping customers find the right products and style them confidently.😍😍",5,2026-09-08 16:08:49
a266acba-ad65-4b44-8245-8fd42d8965b6,Delivery man was polite.,5,2026-09-08 16:08:33
fbb660d1-3ec3-478e-a293-cb015aa260fa,my favourite best online shopping app with a huge offer...,5,2026-09-08 16:07:28
733829df-d2d7-4cb8-a25f-c5d951adccb0,VERY GOOD PRODUCT.,5,2026-09-08 16:06:34
2fe281cf-d2ab-4749-a619-d72fd75d515b,best for clothing,4,2026-09-08 16:03:03
a488b556-3d0a-4143-b7b8-dc2959f7f23d,amazing 👏,5,2026-09-08 16:02:44
5f302160-163f-4df1-9c29-a032c2e6e4ac,best app for shopping,5,2026-09-08 16:01:13
f9389b47-1c32-48ca-a4e4-7d8d2079d3f8,amazing discounts amazing product Delivery is also done on time and packing service is very good.,5,2026-09-08 15:56:00
e149010f-17cb-44dd-8c8f-a5889f8e0375,to good this app must be use this app,5,2026-09-08 15:51:36
1ab0bd86-b4ee-463d-89de-f0bfe0150c17,Deliveres duplicate product and denies for return and refund.,1,2026-09-08 15:49:50
b8289e3a-29e8-4c0e-b488-91baa0fdd127,best products in myntra with affordable prices,5,2026-09-08 15:46:33
e06784de-34d6-4666-883d-dbba2212e2ba,good quality,5,2026-09-08 15:46:18
f07714bf-e672-4a87-b6f9-2caa47562b48,good delivery,5,2026-09-08 15:45:52
1ac8fd1e-d630-4f20-8151-360a03b747cd,niceee,5,2026-09-08 15:45:34
fd962dd3-97f1-494d-8ab7-0546a4e592fb,awesome experience,5,2026-09-08 15:45:18
a8979e0f-4b0d-4f57-a12b-2aedf97974ce,good service,5,2026-09-08 15:42:41
fdb41350-b06c-44df-932f-9ccde133d56d,great shopping app,5,2026-09-08 15:39:51
174e8edc-ba81-41b4-a3e1-bc89346bd4ff,Good for shopping.,5,2026-09-08 15:39:29
fe3a3f63-f78d-4665-be28-092073bc6615,good app good quality products 👍👍,5,2026-09-08 15:37:24
d9bc8a4a-926f-4825-9c6d-8b16544efb6f,best,4,2026-09-08 15:36:07
c06218b6-249b-4ac0-ab67-aed5044216b1,incredible offers with most trusted products,5,2026-09-08 15:35:46
02497560-8ef1-4967-be47-08d4adfdfae7,product is very nice and comfortable,5,2026-09-08 15:34:53
1bb16e87-aaf3-4302-bb36-c60c5e10e973,"very best app for your any time shopping 🛒 party, function,any time all products are very best 😍 and are to good 👍🏻 Thank you Myntra to provide all shoping features 😍🎉",5,2026-09-08 15:33:19
c943e2a5-2e1e-43c8-93ea-fc637b969f23,good,5,2026-09-08 15:28:46
e415ffdb-9dba-45fd-9e19-4d64d687f335,very nice aap and product good 💯,5,2026-09-08 15:28:05
7e6a4ed8-f020-4bcb-bffc-2acb50e6e761,nice,5,2026-09-08 15:27:57
aac7dd34-8d12-4644-8f9e-10c89347aaab,Best app for online shopping 👌,5,2026-09-08 15:26:50
13ea43b1-70b5-41cd-879e-0ff6c5869c0e,"easy to use, get lots of discount coupon and much more facilities for user",5,2026-09-08 15:26:29
078ca1dc-2342-4b06-a312-447067ffa2d5,super,3,2026-09-08 15:25:50
2aa91572-a52e-4695-abe3-1686bec466e2,good experience 😀,5,2026-09-08 15:23:51
f29918d0-7586-4957-8428-d7ca317ac0af,"Absolutely love shopping on Myntra! Great collection, easy-to-use app, smooth delivery, and amazing offers. My go-to app for fashion shopping. ❤️",5,2026-09-08 15:19:25
4f065abe-956c-4c10-9364-5767d78d60e1,super,5,2026-09-08 15:19:22
e9a1877e-17b2-42d7-8bd6-bf001f33ada2,good app,5,2026-09-08 15:16:24
c4177743-e5a6-4051-8abb-3ce43735b7b0,getting daily cash reward in my wallet makes easy shopping,5,2026-09-08 15:16:13
2da39889-a3c7-4ac4-a615-768293d08aab,very real Myntra,5,2026-09-08 15:15:32
a6bf83b8-9bd4-4edf-a399-269616d1cd95,best,5,2026-09-08 15:12:08
a9089007-0970-49e4-a163-77abab96ca89,good quality,5,2026-09-08 15:10:42
a6c4b1ad-3d6a-41d9-9fd5-686d51a9acee,good,5,2026-09-08 15:09:21
478e93e7-133d-454a-ad10-aeec538a18a4,good,5,2026-09-08 15:09:04
64c42bd1-5ef2-4c18-a055-6ce2285d5201,super quality,5,2026-09-08 15:07:15
8c41a4d0-35da-4b06-82d6-e12ad02dddc0,fantastic,5,2026-09-08 15:05:36
782c55ac-6901-4bbc-bb67-2d00214bb2cc,loved it 😊,5,2026-09-08 15:00:08
c9ead9ff-8696-47ab-85ab-c533f7a0ffa9,very high quality products and services,5,2026-09-08 14:58:32
48ba1e86-b50d-4bda-85a2-11e5e4585efe,Very bad app...i never purchase again myntra... because after 48 hours i can't get my refund,1,2026-09-08 14:56:30
81a740b0-6b66-41f3-bfc2-9b05cff3918b,very good service,5,2026-09-08 14:53:25
f695e70d-280d-4aa3-9767-7b32abd72866,best app for shopping,4,2026-09-08 14:51:31
f2b66446-bdcb-411a-950c-2e8da6a128b0,Excellent app.,5,2026-09-08 14:51:20
e0b06535-d063-4065-9a48-c9028809b866,very nice 👌,5,2026-09-08 14:49:07
237ab0f0-5ccd-4c9a-abc5-002cb147c915,good product,5,2026-09-08 14:36:59
3920ad09-a1ba-470b-92de-1e95f4cc4db5,worst shopping app ever experienced... late delivery and wrong product received,1,2026-09-08 14:33:12
5a427626-920e-4788-b8ca-ae8cae5a57cd,best,5,2026-09-08 14:32:40
69e3dc53-0965-4c89-8ead-c046c781be02,"My app is updated, and internet 🛜 is also good net but from past few weeks this app not working in my phone & tablet don't know why.....😤, I have to order something urgently but not able to do so....😭",3,2026-09-08 14:31:56
6cf7e745-3217-407c-8ffd-a482ad9d5d9f,Trustable,5,2026-09-08 14:31:34
1d554365-784a-4f08-8b13-40b2a64bcf57,so nice 🙂,5,2026-09-08 14:30:46
e982160e-4b40-447b-8eac-aa74fbcec462,very good,5,2026-09-08 14:28:39
0c45b802-c474-4ba2-9424-64049b7ae65e,good,5,2026-09-08 14:26:58
df18eb99-c5c3-44ce-986f-7d139a5d172f,excellent,5,2026-09-08 14:25:11
84d5b2df-90ab-464e-93bd-2798bbdae486,this shopping app was very nice,5,2026-09-08 14:25:00
e98a56d4-e8ec-4c99-af61-3f21a1ea5536,best online shopping 🛒 🛍️ platform,5,2026-09-08 14:20:37
6b44dcce-225a-4884-921e-635b84a26900,fast responsive,5,2026-09-08 14:18:37
f8eb5543-0fb5-4358-adb7-f5565b84051c,good,5,2026-09-08 14:16:06
5e0e2dcd-9491-4457-9b85-cbad31ef25f7,"Myntra is much better than other platform, it gives what it shows.",5,2026-09-08 14:15:08
d91e6915-9ca7-4994-b020-b8c1577d11ff,nice,5,2026-09-08 14:15:04
66b351e8-5efb-4e74-9f0b-e02b6769771e,sayan sk,5,2026-09-08 14:13:22
0b47fc37-88bc-4c49-8746-eccb66fd8eea,"Terrible experience with the delivery system and customer service is trying to be way more terrible than the prior. Rewriting the review after a year, still horrible service with delivery and customer service.. horrible shopping experience.",1,2026-09-08 14:12:09
98b806c7-b31a-431f-80e6-e563baf489b8,Very good app to buy anything,5,2026-09-08 14:07:51
1eb7aacc-21c6-4736-beb2-ea1b9d258c31,very good quality 👍,5,2026-09-08 14:07:44
69e54ab4-1d3c-4169-8452-73f05678e8b0,superb 👍👍👍,5,2026-09-08 14:04:52
55e1a540-9501-4089-9ff1-b81abf8e43ad,very nice app.. it shows all type of fashion product.. and with best quality,5,2026-09-08 14:04:05
20922ecb-5b52-485e-ab55-8763fcab89b5,very efficient work of myntra ....thankyou myntra,5,2026-09-08 14:03:50
d6ac4f2a-2514-418c-9514-74d678e0200c,nice UI,5,2026-09-08 14:02:40
a2bc9dc8-d785-44ac-8f77-56081be72b47,good appp and regionable rate😚,5,2026-09-08 14:01:36
bf0fbfd1-80fa-46a6-bfd0-917cf7f9f5fe,too good,5,2026-09-08 14:01:19
8343ba07-8a18-41df-a2fa-130a0b282768,excellence service and good product quality as mentioned in product details,5,2026-09-08 13:59:54
e7dc7deb-aa42-402c-a1fb-c45d12c54ed6,best shopping app,5,2026-09-08 13:58:30
19b99575-6d13-41cb-baf0-a6208b9bdbdb,myntra is very good for fashion and all the need is completed just in affordable price,5,2026-09-08 13:56:36
b61a67ff-3a79-40d8-a4f9-150145618a1e,"it's nice experience with myntra ,fast service and good customer care",5,2026-09-08 13:55:25
adec5b99-7bfb-4056-bda7-a98eb649eb91,"i don't know about any electronic products or any other type of products but I m damn sure that for clothing fashion grooming u can count on mintra ,i mean TOP QUALITY CLOTHES u will get at reasonable rates🔥❤️👏🏻..",5,2026-09-08 13:53:56
41239523-97a0-42ef-bd99-5c31b66e855b,very nice,5,2026-09-08 13:53:44
19ebea64-7e32-4463-b9bc-598077f3a4a8,"Extremely disappointing experience. This was my first order on Myntra, and the order was supposed to be delivered on 7 September 2026 but the delivery failed without any clear explanation. I contacted customer support multiple times, but every representative kept giving the same scripted responses like “don’t worry” and “we’ll do our best” instead of providing a concrete delivery update. A complaint was raised, yet I was asked to wait until 13 September for an update. I spent hours following up",1,2026-09-08 13:50:39
da9f9292-9fb3-4c00-8c57-310c5a082dfb,Amazing experience while shopping with myntra 🥰❤️,5,2026-09-08 13:50:28
37e9b8ac-5573-41d5-a4e5-3634c646fbee,quality very good,5,2026-09-08 13:48:32
b42d4abf-5d5e-4bb5-9fb3-5f1379a48835,very nice,5,2026-09-08 13:47:47
62df1038-ad93-43bc-a8bf-0870e49d6c80,original product app,5,2026-09-08 13:45:52
b0f799af-bd48-4ce9-aee4-afcd11492ab3,This is so amazing app . there is a lots of products which you will love and the quality is superb,5,2026-09-08 13:45:49
bae2d625-6c94-4f14-9765-0795035eff3d,it changes the price if they come to know a person want to buy the product,2,2026-09-08 13:35:01
e3895776-4c5e-402e-aea8-06077f4d3cbd,such a useless app I didn't get refund even after complaining Trust me it was the most useless app i have ever use there is many more apps that works really better than this nonsense app I really suggest you all not to waste your time and money on it disaster app ever,1,2026-09-08 13:32:45
57d7bec0-67ab-47f9-b224-cefc9f8f958c,"all functions of myntra are very easy n swift. specially filter is quite helpful to select choices n preference. keep it up, technical team of myntra.",5,2026-09-08 13:32:03
1b413734-a9eb-4d75-931a-d72f1b99bc77,wonderful app for shopping,5,2026-09-08 13:31:37
d14b7adc-755f-4fbe-a79d-2d05b3467531,very helpful my mantra aap,5,2026-09-08 13:31:37
5d919dda-ea61-4b1e-8100-9b8f73af09cf,very nice,4,2026-09-08 13:30:16
682bfd43-4d2a-40a6-a769-a8b7070c7f7e,Ummmm work Slowly But worked well thanx myntra 🤧👍🏻,5,2026-09-08 13:29:19
9d67f2e5-e96d-4469-8495-d07a6695f9df,good,5,2026-09-08 13:26:48
e9f18370-d922-444d-83c0-615af3e1e0f0,my Preffered clothing partner,4,2026-09-08 13:26:21
3870acef-5da7-47dc-8c2b-1b643c05ed12,good experience,5,2026-09-08 13:24:42
12066a68-1f11-4442-abb9-4096ada7770c,"for dress best app,I like it",5,2026-09-08 13:24:11
cf955e03-dc47-4e8b-b8ed-6747df84dd7b,op bolte chaddi kholte,4,2026-09-08 13:22:49
afa9fbb8-9a70-46c7-baf2-51a204a36a74,My order was cancelled on the delivery day and also the price of product becomes high,1,2026-09-08 13:21:39
87899861-fde8-4363-9415-4ffce86dc802,"Nice, & very good cloth in this lower price very good, thanks",5,2026-09-08 13:21:25
b5a8ca08-1501-4125-b03f-1914b9a59202,nice,5,2026-09-08 13:20:06
7633c04d-0d20-405c-855d-31a5539e8714,nice,5,2026-09-08 13:19:47
8905a2e4-d6e8-447e-b314-7b78db9aa990,good,5,2026-09-08 13:17:28
320e8579-e1ce-43e2-a1e9-995bb3698199,an amaze,5,2026-09-08 13:14:33
15767ce4-4c2c-43f9-8887-7771c520a082,best,5,2026-09-08 13:14:31
d6666f4f-7e56-4620-9b5b-02304c20abc9,fantastic 😍,5,2026-09-08 13:13:56
80ffa3c4-d94e-44b9-a76f-c6c5aa707f4c,good,5,2026-09-08 13:13:30
f757c70b-f5fa-434c-ae78-90f0e93f13c4,good product,4,2026-09-08 13:10:14
8bdcacc9-32a9-4eed-bddd-a0be1299d994,good,4,2026-09-08 13:10:07
f4b22ddb-4d28-4183-8b38-f856c8748acd,good,4,2026-09-08 13:08:54
30f06075-f754-4ed6-90b2-428fa4f5eea4,High quality... Quick delivery.,5,2026-09-08 13:06:35
85760109-18c1-4519-9979-d88df069f6a2,bahut ghatiye platform hh ye sb apna dimag chalate h sb taki kafi log bss inke isss ghatiya coin ke pichhe pde rhe sb meri mane to iss app ko kabhi n use kriye,1,2026-09-08 13:03:11
1d27ba07-f0a4-40a6-ab63-a63d47c17c42,good 👍,4,2026-09-08 13:00:48
00c86822-590f-49a7-aca3-5c989352011a,nice,5,2026-09-08 12:59:00
ac45ffa2-ee48-4add-85d2-87a91453c105,while login app it showing Account deactivated after try to call coustomer care it not connected. dear myntra team can you please resolve this issue,1,2026-09-08 12:57:06
cf4f66c1-0056-4cca-bdc5-e86255abe07e,satisfied,5,2026-09-08 12:56:46
55a1d543-6c33-4b4d-b0b4-34245588c90b,"🚨FRAUD APP. worst App Ever they just Increasing their hype by introducing glam clan it's like a reward game. you have to order ,review it and get prize, so people order products review it and in prize they got better luck next time, and the trap is there is no option to delete the post. you are not allowed to delete it neither they do. It's just a cheap tactics.",1,2026-09-08 12:56:42
bf8fa200-69b8-45d4-b581-de6952db08a8,IT'S SIMPLY JUSTTT EASY TO GO!!,5,2026-09-08 12:55:30
b3b82364-9847-4732-ae05-6116098f6530,good,5,2026-09-08 12:54:01
19226164-d17b-46b0-a422-fb5153cd6e0f,Very easy to use. COD is top handy!,5,2026-09-08 12:52:30
dbefdcb3-c7b8-4bfa-8e27-af4bf2dc6c54,good experience,5,2026-09-08 12:51:33
9b66fc6d-c286-4a07-8260-7c07cb264f78,good,5,2026-09-08 12:50:45
a964313c-1fb0-449c-844e-2c6a44c831fd,"Paid ₹17,535 for a product but received a sealed package with an EMPTY product box. Reported it immediately; the delivery executive returned and took photos of the package and empty box. Myntra repeatedly closed my tickets as “resolved” despite no resolution. Escalation officer finally said, “As per Myntra policy, we can’t accommodate you. That’s our final resolution.” When I asked what I should do next, I got the same scripted response. Terrible grievance handling.",1,2026-09-08 12:50:19
ae3a9c18-4126-48dc-8a8d-e329e752e429,satisfied with the offers applied during shopping,5,2026-09-08 12:50:12
a7879164-f4f6-4c39-a429-426949197d90,very good platform 👍😸 must buy,5,2026-09-08 12:39:54
9f303d66-0d30-4c8f-985b-d14cca08f110,Good,5,2026-09-08 12:39:47
5a524bde-1a0b-4546-85b7-4a203e45c803,worst experience ever they take order but not delivered on exepcted date no customer support just wait and then they cancel your order without any valid reason.,1,2026-09-08 12:39:06
78250882-c7c0-471f-b9b2-1f2f9cb3f77c,Quality product Surv,5,2026-09-08 12:37:55
d77862ad-539b-4828-8249-f7bff328e25e,awesome product,5,2026-09-08 12:37:42
66cf70a7-6798-4a3e-bca5-bccdb64a4712,Diverse and authentic products are available here. I trust Myntra.,5,2026-09-08 12:33:23
e5ee4ea6-7f4e-4ee8-8c7c-b0e911390e59,I love this app,4,2026-09-08 12:31:35
cc1a9160-fb65-4198-848b-fba84f8926aa,"Not getting assigned to proper CC. Order not delivered almost 3 days. The delivery person never called me and mentioned, he had called. Not even chat support is correct.",1,2026-09-08 12:28:40
0a3949f2-ae61-46f1-8946-43cba5f0d190,the products are absolutely amazing,5,2026-09-08 12:26:39
ea85fdf0-1ece-407a-910d-4dab574e6c0f,nice experience,5,2026-09-08 12:25:01
4c099170-4a4c-4cdb-80d9-0e3c86e5b1fb,"Vast & Trendy Collection: Myntra shines when it comes to variety. Whether you are looking for ethnic wear, streetwear, formal attire, or luxury labels, the app features an extensive selection of trending styles and brands (such as H&M, Roadster, Nike, Anouk, and Mango).",5,2026-09-08 12:20:30
2daabe87-8737-4c24-95e3-e77702390ffd,disgusting experience they don't exchange they only give excuses everyday this and that my shoes and money wasted,1,2026-09-08 12:18:00
78ac784f-b6aa-4fa1-8e42-139c82807bc1,nice,5,2026-09-08 12:16:25
b3041bfe-62ea-496b-822f-69897a57e626,the can't give my refund myntra credit,1,2026-09-08 12:14:07
c7f06eef-29a5-4ddb-8da3-0206229a38c8,overall experience is good,5,2026-09-08 12:11:07
6f17459b-30a3-4687-bc1e-84159b3b90c1,nice,5,2026-09-08 12:08:22
6d495187-cc86-458f-b462-377561dc2f4d,good quality,5,2026-09-08 12:04:28
a4670786-f663-44c6-9f62-decb744aa3aa,very spontaneous app with fantastic features.,5,2026-09-08 12:03:54
ed660352-4d36-47ee-82eb-612e233b9eda,nice,5,2026-09-08 12:02:10
bc78f59d-f757-453b-ba4f-5784be78acdd,good 👍 delivery,5,2026-09-08 12:00:34
5b4321b3-86f4-493a-af9c-17bb7a190aa4,I have recently purchased mamaearth anti dandruff shampoo from Myntra where I get discount and I have purchased it at 201 rupees with the help of discount coupon and myntra cash recommend you to stop beauty products or cosmetic related products from Myntra because it is available at reasonable price and we get various discount coupons.,5,2026-09-08 11:59:34
830dbc85-227a-4edb-9346-a3ba82a4c3cc,very bad,1,2026-09-08 11:59:13
152a7e9a-1320-470b-82cf-a13ff819993f,myntra Is great,5,2026-09-08 11:58:50
b7df78f8-c126-42ee-a2b9-85c2c1ff3fdc,best app,5,2026-09-08 11:57:48
f02f3302-aad7-4505-9ef0-0bb078455934,product is good.but delivery service is too late,5,2026-09-08 11:56:57
bece7608-615e-4daa-93c9-f3b2a2191821,"app is too good for shopping 🛍 , rate is also too good and quality also I really love this app",5,2026-09-08 11:55:31
b3581743-5eed-4531-9557-dff2afebebe6,The service of Myntra was very bad I Oderded my product on 24 of August and today is 8 of September i am not revived my personal there is not any kind of information provided by customer support,1,2026-09-08 11:55:10
c67a3430-b37c-4cdf-9f90-818a2d442a38,"Totally fraud app,Scaming,harassing,plz be careful",1,2026-09-08 11:53:40
5b2ecf2c-aa11-471a-b172-45b256b99265,best app for shopping,5,2026-09-08 11:50:59
343f0f9c-274d-4010-b660-ec5dc09b3a5f,my experience was soo goodd as I expect,5,2026-09-08 11:50:13
fa10af9c-de56-4e0f-88a7-dacd22fd63d6,bast quality products,5,2026-09-08 11:50:04
94ac4fd0-7a8d-4129-8d66-294e6914642c,very good,5,2026-09-08 11:44:15
d04d538a-977a-420f-ab14-3bfe9afe8ba7,very good,5,2026-09-08 11:41:42
7e127c2c-c3fa-4159-b841-8fb406ce034a,better than other shopping apps their products are more durable and long lasting also in budget some products are expensive but worth it 😍,4,2026-09-08 11:40:48
22e4669a-c8a9-4d35-85c1-ebed82dbbb1d,"I really love the collection in myntra, the design are stylish, trendy and the quality is really quality is really good for the prize . the clothes look exactly like the picture and fit perfectly, myntra is definitely one of my go- place to for fashion shopping",5,2026-09-08 11:39:43
ff3caac6-fe30-4c3c-a8de-c0eb0f8fa02d,nice app,5,2026-09-08 11:38:25
8836a9dd-6e92-4caf-a276-9dc6e5e13a29,good and very smooth interface,5,2026-09-08 11:38:19
f612d4f1-4c51-430d-8a68-a268d22d0ed5,"delivery is very late and they don't even answer when you ask why is the delivery late, the delivery person assigned also doesn't answer the call",2,2026-09-08 11:36:34
e3744c7e-f648-47d4-b42e-54bab345602c,myntra is no more same this happened second time with me that they just recived the order and they don't deliver it .It will shows in your that order delivery delayed delayed and delayed. it's completely waste of our time and our choices. as I order a product for a function but they just kept on saying order delayed and delayed no proper response and support from team. very bad experience. at the end they will ask you to cancel the order and get refund but what about the time and money we spent.,1,2026-09-08 11:34:26
5d35bcb5-a5ed-4f9a-adc2-0683500ad7e5,good,5,2026-09-08 11:33:10
861ffbcb-9928-40a3-a235-596347e198ae,thanks myntra for sending good quality product.... I m very much satisfied,5,2026-09-08 11:33:06
81046ab5-90d8-41b7-b5ec-eb19ed7b09b1,good,5,2026-09-08 11:32:33
9b05c22f-5ae1-4cf2-9e69-849c9099d0ed,excellent,5,2026-09-08 11:29:53
638bc80a-d8df-4502-a7b0-3be3a6684798,nice,5,2026-09-08 11:29:36
df01d712-948b-4d62-bcfd-8e16a562fe4e,nice,5,2026-09-08 11:24:50
fd0197ee-a9ac-4c0b-b6f2-e5447bc7e731,"One of the products I ordered was not delivered. Despite raising several tickets with Myntra customer service, none of my complaints were properly addressed or resolved. What is even more frustrating is that the tickets were marked as “Resolved” while the issue remains completely unresolved. It feels like Myntra is more focused on closing complaints than actually solving customer problems. Extremely disappointing experience and very poor customer service.",1,2026-09-08 11:24:35
102e49b3-9e38-443e-81a2-2f5490b811ff,worst delivery experience ever,1,2026-09-08 11:18:38
80b3a2c2-b311-4ce4-8514-aa19a4738864,it's was superb good actually,5,2026-09-08 11:18:20
6b554665-75a5-4425-b48d-5ff48ef25f99,super,5,2026-09-08 11:18:09
1fd8dd37-17cf-4f54-9ecb-8ab6130c262a,nice platform for buying clothes and accessories,5,2026-09-08 11:17:47
35498153-5bff-4468-bf1d-4bd4c80d7c5a,good,5,2026-09-08 11:16:14
8b674bd4-ff18-4bb6-9134-5f26e8c67e32,good,4,2026-09-08 11:15:31
2823e060-6a51-4eae-a83b-916ebd49f6d1,nice,5,2026-09-08 11:15:27
65c0c992-b35c-4f33-bdef-fd1be701dcf0,best platform,5,2026-09-08 11:12:40
78f9581d-1718-4e1c-abc2-d79c1dcf7600,very trusted app for shopping,5,2026-09-08 11:12:23
2449549a-28ed-4055-a26f-3bf96938459d,best app for shopping,5,2026-09-08 11:11:48
ce16926d-e3fc-4e70-9ddb-ce582dd4655e,very good 👍,5,2026-09-08 11:11:43
7a4905ad-a2b2-472b-b723-f6b284aacb93,everything in one app very stylish and affordable for any occasion,5,2026-09-08 11:10:40
ae522301-5a1e-4a48-98f5-64fded3eddb0,best app,5,2026-09-08 11:09:48
25d0d1b0-7ea4-48db-b468-d726ec6e9729,awesome,5,2026-09-08 11:09:07
e7ac18f0-2535-45ba-9f33-a2418cf1e1e4,totally branded products,5,2026-09-08 11:06:37
a4487081-253f-4d31-8508-2879d04bd1d0,Myntra app is best platform for online shopping.Delivery in time and reasonable price at all product.,4,2026-09-08 11:05:48
faaf1db0-c15e-4595-8a81-0b8aa5699a1f,i had have use Reequil moisturizer it too good for normal to dry skin,5,2026-09-08 11:04:55
61ba0e46-5c31-42f4-bd8e-9bcb0cefba96,all products are very good..we like Myntra . Because service is very much.,5,2026-09-08 11:04:32
da020692-fb03-4e67-bdfb-0543920d801a,customer service is great n very convenient,5,2026-09-08 11:04:01
26c8ef91-daf7-4ec4-9863-6b2273a3f618,nice product this app,5,2026-09-08 11:03:12
f7d0c9b9-0e67-451b-81a2-cc960022c3ae,good app,5,2026-09-08 10:56:30
21e10494-8758-4b8f-a9a1-002dc25b8dfb,best,5,2026-09-08 10:55:38
4cc5260d-223e-403c-be68-a468475cf5bf,good,5,2026-09-08 10:54:43
ebfd29e4-b73b-41a9-879f-39a646120426,don't listen your query,1,2026-09-08 10:53:16
997ae26a-709e-47d7-b499-fb97e8c85889,nice suit 👌 😍,5,2026-09-08 10:51:45
299531e3-dd40-4321-916d-b22219375355,Great app for shopping...,5,2026-09-08 10:48:22
3f296373-928f-4bfe-8f7b-d47d50da9107,good,5,2026-09-08 10:47:08
cd2c1689-7705-477a-9ecc-e0f7d35ad2ea,best in alll,5,2026-09-08 10:43:45
6328ff9e-0936-47e8-bb10-ef69539d7c80,good,2,2026-09-08 10:43:01
db3635ef-066c-4190-9066-9b653c2bcd05,nice,5,2026-09-08 10:37:12
c1a3ab7d-bbe3-4152-a2c9-b02db90cb633,my second best go to app after amazon. 👍,5,2026-09-08 10:33:13
fa12e866-26b4-4110-b9b3-b25890cb98c9,I am very happy,5,2026-09-08 10:27:48
fa315a0e-5ee1-4d7c-955a-9e535cd15c7c,very good 💯,4,2026-09-08 10:24:24
5105a87f-81ed-4c84-ae97-b51c5740c955,best platform for shopping online,5,2026-09-08 10:24:03
e74d45a3-bb51-4fbc-be3f-43b1f121c028,👍,5,2026-09-08 10:24:00
5257d265-2bf2-49ff-a008-9b0a102f1df5,boht hi ghatiya app odar bar bar cencal kar dete apse toh Dusre log aaap shi hai,1,2026-09-08 10:21:45
2b84bdd3-d720-426e-aaac-3a2ed3957cb1,nice,5,2026-09-08 10:18:36
5ff4bc5b-56ed-4001-861f-ea6a6b189b32,good,5,2026-09-08 10:17:27
b863b74f-cfce-4030-9ce7-1bfa5aa22241,when ever I order products every thing I received perfect,5,2026-09-08 10:17:19
68454b31-f59e-4d2b-b0c1-83ccd74ea68e,awesome 👍 :awesome:,5,2026-09-08 10:17:14
b156c9be-fee8-4af4-8993-28ecd17c8c34,one of best shopping app for me ...i frequently keep ordering and quality are nice and price affordable...thank u,5,2026-09-08 10:14:31
261cbad6-f307-4d2a-9732-f21ee6483b21,"A very bogus app The delivery experience of this app is the worst. You will get no support from their team. i had an order to be delivered by 9 in the morning the package arrived at 7 30 in the morning and i was asleep and couldn't pick the call, my order got cancelled cause i didnt pick the call. Refused to provide the coupon i used . Any other shopping app is way better. Won't recommend it to anyone",1,2026-09-08 10:11:16
d9df784b-2e0b-4a82-b7e5-23b6d626e688,good 😊,5,2026-09-08 10:08:07
689446f6-920c-41c6-993c-1da135a529ea,"Very poor and disappointing service. I ordered one product but received the wrong product. When I requested a return, it was declined without any proper reason. Even after all this, my refund was not processed. Customer support is completely useless and unhelpful. Worst experience—total waste of time and money. Customer care executives put the call on hold and disconnect without resolving the issue. Very unprofessional behaviour and extremely poor customer service.",1,2026-09-08 10:07:02
c3f6e2d8-c825-4132-a128-1b53b94705c3,very nice 👍🏻,5,2026-09-08 10:06:51
b86ecd93-3914-4998-a917-138b92056183,amazing,5,2026-09-08 10:06:04
4e07889e-7fcc-4cc2-bc23-9f1989bcf26a,nice platform for stylish and unique outfit,4,2026-09-08 09:52:03
0e2bdf41-4c19-405c-ae35-4ed663c8dfa7,quality and price excellent,5,2026-09-08 09:50:45
0f426939-a9db-4224-8019-a8d9df76b5d2,all product quality good,5,2026-09-08 09:50:12
dd8e1cd1-fb10-409a-870e-2fb36d4fdb9c,premium quality products 💯 I loved it 💗,5,2026-09-08 09:49:00
e47958b3-8b05-4d53-b527-25340bf955e3,nice shoes...,5,2026-09-08 09:44:56
a71ca19a-c305-4b10-a238-10be54893125,very amazing apps,5,2026-09-08 09:43:47
f21b92c5-d548-463a-8fdc-cad8cb1c87a8,"This has quickly become my go-to shopping app. They offer amazing discounts, flash sales, and rewards that you don't find anywhere else. The checkout process is secure and fast. Saving money while getting high-quality products is a win-win!""",5,2026-09-08 09:40:22
bf579357-da75-4dbd-880a-5f1bde07382f,perfect platform .,5,2026-09-08 09:40:18
70013d72-3a53-459f-8241-ec55a0a73fca,good product,5,2026-09-08 09:39:21
58b76f47-f3da-4d77-b459-4d1b43b05da5,bekar app h,1,2026-09-08 09:35:50
836bb0d8-bb9f-4fa3-90ed-95223f7d0f49,Good product myntra,5,2026-09-08 09:34:09
8e28da2e-41d8-4746-bce4-2958fad52883,great app,4,2026-09-08 09:33:58
b3805bc9-c59d-4fb1-85be-b06359f25f0e,good,5,2026-09-08 09:31:31
e080c108-ff93-490d-9118-364d44c882ce,Myntra mein shopping karna bahut achcha hai,5,2026-09-08 09:31:08
810db69e-ad51-4368-8580-6197129a0c64,"This app is so good. Hassle free delivery, return, exchange.",5,2026-09-08 09:30:14
3ae3176c-9c1a-4e51-82c4-73322aa28298,Delivery partner will not deliver the product. waste platform and time also,1,2026-09-08 09:25:10
d4a342ab-9475-4e80-9787-20fe61dc39b9,superb app,5,2026-09-08 09:24:57
55666b54-d131-4859-a139-2c2f255d9409,nice,4,2026-09-08 09:24:38
77b370ca-d123-4fb5-9731-1784a698104a,nice product,5,2026-09-08 09:20:33
bfc389e1-7147-462b-a90c-09495d34aa94,really a good app and give too many offers 😃,5,2026-09-08 09:19:45
119cbd99-0bfa-4370-99d4-0837786a8bb8,absolute worth purchasing,5,2026-09-08 09:07:08
e7e4c411-afa1-4970-b5ce-a4057225b8bd,nice,5,2026-09-08 09:04:10
24ec9076-2e8a-49fc-82d9-58637ea6c0b7,nice app,5,2026-09-08 09:02:25
f2362af8-e80e-4dc2-b0b4-cd47a42b28cb,superb,5,2026-09-08 09:02:08
4eccea1d-1793-4abb-9f2f-b67c8bdc395e,very nice app,5,2026-09-08 09:01:18
9c62afd0-9e88-40fe-8bf0-35d984dc9dbe,super,4,2026-09-08 09:00:13
124907fe-b9bf-4ca1-a960-f378d8427098,outstanding meterial and good product,4,2026-09-08 08:58:56
36a7d9d7-2e2c-4db2-8974-04b0286296e7,nice,5,2026-09-08 08:57:50
7e7d1cf8-fb12-458f-ae1b-012a3c24db58,very nice app and nice product.,5,2026-09-08 08:56:51
fa919a6e-98d7-4d60-8635-e96a09871d64,nice products and service,4,2026-09-08 08:51:30
d5efafc6-8f98-44e6-9b8f-2cb3ba54a34a,good product,5,2026-09-08 08:50:29
51e022a8-3f62-486e-aeee-efc1a393f356,good,5,2026-09-08 08:48:50
0f01ac47-eb96-4fac-9d68-64ad530358fe,good app i like the now feature,5,2026-09-08 08:43:16
adbfe8e0-4959-425c-bbd4-3699ce26f812,love it,5,2026-09-08 08:42:43
aa975044-51e5-449d-a860-08bed09446e6,I use this shampoo for few days...and this shampoo is really very good product.....buy this shampoo.....,5,2026-09-08 08:41:05
a351a288-2acd-45ce-847f-a73c82511b00,"Day by day Myntra is becoming a faltu app... very difficult to return articles.. While delivery, we are getting calls and while pickup they say pickup failed... be careful while giving orders...",1,2026-09-08 08:38:42
b9f30059-5bc1-4809-abd1-b23957111b7e,okay 👌 wow,5,2026-09-08 08:38:38
02abb76a-9338-458e-a981-aeeef528e560,it is very good and the quality is also nice.,5,2026-09-08 08:32:49
c86dc1cf-c835-401e-8649-d026c9171651,quality product,5,2026-09-08 08:28:46
1e70bd90-8388-47e2-b242-60fd13ff56c6,It is a very good app for Branded clothes for under budget,5,2026-09-08 08:27:45
dcd548fb-f1e3-46d6-8f32-70fbad14dc56,nice I like this product ☺️ thanqu myntra,5,2026-09-08 08:22:51
dc6f0141-af30-4d3f-9f42-518f64b96878,wonderful,5,2026-09-08 08:22:24
dda2149d-21b1-494f-bee1-2bda6243246e,Nice,5,2026-09-08 08:21:56
e0c46332-f43e-4db3-b1ef-5b2d146a9d62,🥰🥰🥰,5,2026-09-08 08:18:54
cdfa8d8e-51f5-4a36-84f1-3e48be1af47f,Whatever products which I have purchased was outstanding thank you myntra,5,2026-09-08 08:18:41
919d6e20-4172-4cd1-bfb0-b73808985126,good,5,2026-09-08 08:15:39
bb8ce10e-4dca-4ebf-8560-30976ab82403,best shopping aap ever . Mai hamesha isi site se shopping krti hu. brand and quality are always perfect. Never disappointed this site,5,2026-09-08 08:11:56
5e1911e1-c0c9-4576-9b25-d2807fe659dc,i i'v thrilling and spacious,5,2026-09-08 08:08:59
5d4acc6d-7bb8-4917-936e-9a6722b445cf,it was really good,5,2026-09-08 08:07:04
fa47aa1e-640a-4161-b1fc-0828c429c950,excellent shopping app.you can shopping here blindly.l love this myntra very much.,5,2026-09-08 07:57:53
d41d6dda-eade-404f-9603-01b4c62483c9,nice,4,2026-09-08 07:56:56
5b9d40e3-0ed4-41b5-81de-bb6a7e82ac5a,very nice,5,2026-09-08 07:42:20
04583860-4ac8-47e0-bb89-2d4503ca63f5,I like myntra product. it's worth buying. 👍,5,2026-09-08 07:42:03
fc461ea3-e39b-4b93-95cc-3313025db31e,good,5,2026-09-08 07:35:33
8ea2d5a1-33e4-4617-bb64-07cb576621c3,excellent,5,2026-09-08 07:31:52
db290a03-46fc-4249-bd68-cb73aa05ee75,very nice app with good quality and trust don't think just go for myntra,5,2026-09-08 07:28:12
a8fe8760-f3c1-481c-85aa-ea112cc79581,very well services,5,2026-09-08 07:27:21
8dabace0-941c-48c8-ac42-20f9f07dedbf,Quality and quantity both are good 👍,4,2026-09-08 07:26:39
d3adc974-5e2c-4f07-b530-96c482b9c981,good for shopping,5,2026-09-08 07:06:32
d1fef1f4-39a1-4d17-bd92-522a71750cd4,"I like myntra ,I gots many shoping offers with Myntra ,so I got my product at discounted price, keep it up with Myntra n product quality also good 👍",5,2026-09-08 07:05:39
5c7c8e84-3961-4592-b9dd-6e774f667f33,perfect fr everything,5,2026-09-08 06:59:05
30b8ffe8-309c-42f2-9425-d89d2d088916,very nice,5,2026-09-08 06:47:56
a0c4ff92-5d43-4236-abb2-403698bd1cda,only to say thanks myntra,5,2026-09-08 06:47:25
bae495a9-6177-4b4d-a097-8b04a06d3002,awesome,5,2026-09-08 06:47:04
0e32405b-38f3-4b20-902b-bbb5169bff72,por app,1,2026-09-08 06:46:33
e3774731-7b0a-44f3-88e2-efc55d552661,awesome,5,2026-09-08 06:40:47
550801af-46da-4b77-bbb2-fde9bbacac55,nice,5,2026-09-08 06:39:47
0a2a88ce-814b-4dd8-88ef-4f34dece8ae2,bast deal 🤝,5,2026-09-08 06:29:34
e5013895-d5b8-4658-bd3c-781a5da27157,they charging 50rs when you return + 23rs platform fees... it's too high than others like nykaa Amazon and any other apps,1,2026-09-08 06:27:35
82ef637c-ef66-47a4-baaa-1b1d0f35dd54,is app mein delivery cancel Ho jaati Hai,1,2026-09-08 06:21:42
de2aa18e-812f-40e0-a48f-b7a2c8838020,THEY HAVE SOME GOODS PRODUCT,5,2026-09-08 05:57:01
e84870ef-63f9-4973-ba17-916441c29a2e,good,5,2026-09-08 05:43:05
c6f55a05-a691-40a7-ba66-96acf91bff2e,good,4,2026-09-08 05:35:58
90e3adcc-3854-4365-97f8-4c64d0f140ac,very nice and fast delivery You are beautiful.....,3,2026-09-08 05:32:55
f2db16e3-0601-4072-ab50-0bee38c860f2,Quality products at nice price,5,2026-09-08 05:01:33
c9b35a54-2b96-4ca7-8097-859d50612d08,very nice 👍👍,5,2026-09-08 04:40:35
cf07e0f4-1d66-43fa-970b-61b0779a12da,good,5,2026-09-08 04:26:11
c7c38cd8-a346-4543-a2b3-2a6e1c876976,Good,4,2026-09-08 04:15:26
cb5dcf4c-1655-457c-b1d8-d5bc54501cbb,best aap and good quality,5,2026-09-08 03:25:18
ebab9bdc-9cbd-43e1-84c5-b8c655c88cfe,I love myntra seriously,5,2026-09-08 03:10:53
0be55012-8bbd-49ff-b63e-388169bb9dee,Some products price and quality just wow.,5,2026-09-08 03:08:36
e1e721a4-3659-41c5-90d3-e858b85ed75b,good,3,2026-09-08 03:05:58
5cb8f2ef-68c4-444b-8973-317c2351a539,nice,5,2026-09-08 03:01:46
1bcffaab-a2d3-4737-87b4-16bbe7f01412,"nice app, wide variety of clothes with various fashion",5,2026-09-08 02:58:01
5935ad5d-bf2f-41c7-9f63-e2afbacc9270,awesome app,4,2026-09-08 02:49:10
b526554b-7d67-4f46-920f-f66529a47f39,all time favourite,5,2026-09-08 02:30:25
e2fbb450-efce-4806-8280-d39407f0b0eb,nice,5,2026-09-08 02:25:32
8544d0fb-63a8-41eb-b47c-b62e2330cf1f,best app for online shopping,5,2026-09-08 02:21:51
f7b81e08-39d3-4955-bf91-2a4c98297b5f,worst service,1,2026-09-08 02:17:48
b0a397da-8dc8-45ae-8e43-d3632bc69cf4,good,5,2026-09-08 02:10:13
56a42c65-bfc0-4a7e-ac68-547f1d00a858,love this app,5,2026-09-08 02:09:36
94a4562a-a0fe-4541-bc42-7ba50225b785,good app to buy anything and everything,5,2026-09-08 01:56:57
8c4347a1-5c28-413c-aec8-c8318ed0b1c6,I just love this app 😍,5,2026-09-08 01:53:32
a1e92b3b-f660-4b67-94b0-578928e4f08e,Very Good 👍,5,2026-09-08 01:53:20
14b64080-ded7-4096-8232-c2d8b1f9d853,quality is very nice 👍🏻,5,2026-09-08 01:52:36
a5dadf09-56b7-42ee-9be0-693eda0908d2,good 👍,5,2026-09-08 01:52:06
5e83cc6e-874f-4f66-a8db-4c60489fa801,mast app. always nicely ordering things recieving it yay,5,2026-09-08 01:33:26
a8582356-5c00-4eeb-895a-2500f4c3baf1,sup,5,2026-09-08 01:29:32
0b0f5f6a-0dab-4bab-9b30-01fad7ed42c9,best quality fabric and stylish clothes,5,2026-09-08 01:29:23
a5865684-5ebb-4ab0-9a7d-a83c6cef5175,nice app,5,2026-09-08 01:29:00
92b84367-38e4-4e45-847b-54819f925ae6,Best shopping app,5,2026-09-08 01:28:31
2df2f89d-9d31-42e1-8faf-bc5dda8eee05,"Myntra is my favourite shopping app! I love exploring the latest trends, discovering new brands, and shopping for everything in one place. The app is easy to use, and I always enjoy browsing. Definitely my go-to app for shopping! 🛍️❤️",5,2026-09-08 01:05:01
149f1595-4ef8-4738-9c20-545fa86d889c,online best shoping apps 1 st amazon and 2nd myntra app❤️❤️,5,2026-09-08 01:02:03
5588e617-88a0-4a3e-a0e5-a03e58908e88,good,5,2026-09-08 00:52:06
c680f96f-0ff6-442a-ba98-5e99eeaf6c21,"There are so many fake products with different brand's image, they are using original product(the actual brand)photo in there fake and bad quality products which is very misleading and confusing between original and it's fake copy . so please track them and take some strict action against them.",3,2026-09-08 00:49:50
1b370909-7b9a-4d5d-a590-85194c42ea38,good 👍,5,2026-09-08 00:49:13
82ecf2d8-2343-4d75-ad14-ccd0b499b8ff,really trustworthy app for online shopping...hope will continue the same,5,2026-09-08 00:42:03
d49eb06c-204a-4f3f-ae90-e30f8ffbc633,great shopping app,5,2026-09-08 00:41:32
66a7b669-371d-4249-8a3f-ef68a5794e5b,pervious years app good working now very very bad service provide by myntra,1,2026-09-08 00:41:00
7a49a177-bb79-4ce1-a5a0-b64464950c11,tooo much good product but prize is little experience,4,2026-09-08 00:40:40
cc6c305b-8517-4000-8fb8-01090e7847e7,thank you so much for finally giving me the refund.,5,2026-09-08 00:35:31
f68ada92-470e-4cbd-9056-b40be7f04dd4,best aap to shopping,5,2026-09-08 00:30:36
7c3384f5-6750-49e3-849d-61bea24fe8fd,the product was very awesome 😎,5,2026-09-08 00:26:00
969a098b-30de-401b-b790-2d9cfc6fe1de,excellent service,5,2026-09-08 00:22:48
5fd0374d-b5b5-4b11-a651-6192f19ab5c3,good brand,5,2026-09-08 00:22:45
9480b6eb-de22-48fd-a4be-66ba37df424c,very good,5,2026-09-08 00:16:52
e350b7f4-e9c3-4a3e-ad46-18b78398efa6,great,5,2026-09-08 00:16:41
0b6884ec-01f5-4558-9f48-0f8ef2830bf1,very good products and all please everyone trying this app,5,2026-09-08 00:14:51
7ecb432a-8865-48a5-9224-a84bfaf8f77d,best apps for shoping,5,2026-09-08 00:14:50
9a2f8237-7c81-4dd6-8abd-e2a3dbf4f3b5,delivery not on time,1,2026-09-08 00:12:24
1662e8f4-41e4-4a82-ab3e-cabd562a7866,"product not delivered on time only extending time day by day for delivery, I even called customer support team even they don't know when i will get delivered my order. when i call They registered complaint but don't know when the product will get delivered date and time. 2 Time delivery got extended, At last I cancelled the product. very very bad experience. never will use this app for any future purchase. This type of experience in had never got from any other platform.",1,2026-09-08 00:11:27
76e4a5db-efc5-4d44-8da1-bf51119d9b64,no control over end mile logistics,1,2026-09-08 00:08:42
920527b5-8c26-466d-90bf-51631bf1682a,after long time I think the app and other issues are sorted. overall 9/10!,5,2026-09-08 00:08:05
b95466d2-8dad-43b1-88bc-43931c0e89b3,good quality,5,2026-09-08 00:06:07
5bccead6-40a2-4387-96e0-c4b9731c3131,good,5,2026-09-08 00:05:39
989019a4-8b8f-4c67-ab01-fce929fa02b4,good,4,2026-09-08 00:05:36
2cf77915-373b-423c-913e-5905b6f2b058,best clothes at least price.good work,5,2026-09-08 00:05:02
673aea75-3b74-44c5-8f00-ebb19ae47354,A very trusted app,5,2026-09-08 00:04:00
6005322a-c6d1-4604-b291-348a7417863c,good very good,5,2026-09-08 00:03:32
942c7da4-2a9d-4e0b-b260-92fc37e42b1c,good,5,2026-09-07 23:56:25
76cfaca4-71b5-479d-992e-d1e5d1427c80,very good,5,2026-09-07 23:55:15
19b53b05-d96e-4092-8325-2f161499ec1c,good app,5,2026-09-07 23:52:12
54119109-b904-4c22-aff5-ca5f530da85b,"Had a great shopping experience with Myntra. The app is easy to use, products have good variety, and the delivery was smooth. Overall, a convenient and enjoyable experience!",5,2026-09-07 23:51:16
7079e1ad-7064-4b70-a7d9-b40c40e3fc4a,very good service,5,2026-09-07 23:50:44
2cf8063a-1d17-4e63-ab5a-4bee6623e192,Good app,5,2026-09-07 23:50:37
415e3f5b-60e4-4d11-9b99-90accabcbe36,good,5,2026-09-07 23:47:47
661a6e60-224e-466e-a236-958a0d6419cc,Super Saving App,5,2026-09-07 23:45:31
52637633-aa34-475e-a935-c7597976977c,nice,5,2026-09-07 23:38:06
9dea7ceb-a75d-4a9d-9a66-7e0d80a0d55f,"Very good app for clothes shopping, very smooth user experience",4,2026-09-07 23:36:16
f298f106-4f77-4d5e-b1e0-8ac5110b2ab3,"I’ve been using Myntra for the past 5 years, and it has consistently lived up to my expectations. From clothing to accessories, I’ve always found exactly what I’m looking for. The app is fast, user-friendly, and offers a great variety of products. What I appreciate most is how easily I can find what I need without wasting time. Five years of shopping with Myntra, and it continues to be my go-to fashion app. Truly a joyful, convenient, and reliable shopping experience!",5,2026-09-07 23:32:21
e5125d46-7685-4d20-907b-5547a76b0879,excellent,5,2026-09-07 23:26:59
f9797718-a387-4c72-820f-74607d38341f,good app but not for clothes,4,2026-09-07 23:24:25
50ac4050-c98d-47bc-985a-ac6d733d3fd4,♡!,5,2026-09-07 23:24:19
b2a00c94-4c10-4759-9a86-196d97b393e5,best quality products in reasonable price at one place,5,2026-09-07 23:21:34
9c7e7b09-0e42-409c-b616-7c4ec673293e,good 👍🏻,4,2026-09-07 23:16:07
80efecd4-f09a-447b-94ad-b5e486ae4534,good,5,2026-09-07 23:15:15
07996498-810c-4ac5-99b7-2b9ce7a29c92,nice app,3,2026-09-07 23:09:56
84ec6530-0bc5-4420-bddd-249f3a104781,Best marketing app ever!,5,2026-09-07 23:09:28
2be9001f-fcef-42cb-a916-18a310ad1cf1,one of the worst delivery service showing oneday delivery but often booking delivery date showing 3days late,1,2026-09-07 23:07:21
b6f49ae7-9917-4041-8856-5915d8329f61,best service,5,2026-09-07 23:05:28
98241bb1-0d11-4c6a-a1c3-6d5a87cbab67,Happy to shop at Myntra sincerely,5,2026-09-07 23:03:29
20105f8f-d643-4663-bcf0-997efb54c187,it's makeup products is so good,5,2026-09-07 23:01:22
519bf8fa-4aa1-422c-bfe6-b4f09f18f6f1,ok,5,2026-09-07 23:01:13
7ec7ab3a-3fac-4775-9046-b2c840a4be17,very good,5,2026-09-07 22:56:46
31f2340d-c232-493f-b724-cd69eee1182b,very good quality,5,2026-09-07 22:55:55
2dd69685-da72-4ff7-a705-eb47a6a65f20,nice,5,2026-09-07 22:54:19
472255a7-9f5a-4d22-9b4a-7ad49cf68503,Myntra is always best for quality. Overall the best app. I prefer it over any app.,5,2026-09-07 22:52:43
a32815bc-12de-4e46-b4ab-922fb6d7fc79,Good,4,2026-09-07 22:45:56
8a52c15f-6324-46d1-9245-92f14178b215,loved it,5,2026-09-07 22:45:31
300a6346-5863-46ed-93ea-d6edddee61b0,best app ever🥰🤩,5,2026-09-07 22:43:55
f07bf05f-cf44-4a3d-975d-e9f023f723f4,great product,5,2026-09-07 22:40:08
447011a6-0735-43fd-8e1d-88fcc37ec3da,"In the filter option, the Apply button are not displayed correctly on the Moto Edge 60 Pro. The bottom bar layout is incorrect. Please fix the UI to ensure it is properly aligned and visible.",3,2026-09-07 22:37:37
d93161c1-ce73-4428-88d4-ee81f3e0245f,good app,5,2026-09-07 22:35:16
22d09ba2-1750-4fa7-8e4d-04016f187285,🥰🥰🥰 woh amazing undar full happy,5,2026-09-07 22:31:42
a649afe5-a128-411e-8bd0-330d82bb3c2e,love it and good for new fashion with all affordable and high price,5,2026-09-07 22:30:21
7721642e-507c-4235-aad0-b6944536c1d4,wrong product recd..I had a function..just ridiculous,1,2026-09-07 22:29:39
62e64b7c-91c7-4d07-bdff-1814f5c8e499,It's amazing experience 🤩🤩,5,2026-09-07 22:25:09
6999b97f-1ef0-493b-9576-9d2937b43e5c,good,5,2026-09-07 22:24:43
82111bcc-204f-4d2c-9698-99ca159891de,best,5,2026-09-07 22:23:15
20d1ac8f-310b-4c56-92f4-d3914faff671,amzing experience,5,2026-09-07 22:19:26
9cd5e909-8025-46f1-8334-f8a7059a82f0,iam 14 old but all type of clothes for me available for genz and also shoes this gives money prize daily to win average money is 8-10 rupees this app is really very good or useable,5,2026-09-07 22:18:51
ab36e8df-b1d6-485c-b970-5cb50ff2e3ce,amazing shyt,5,2026-09-07 22:18:23
cd950c95-7068-4f8b-bc96-54d4440201d9,worst app i ever seen i spent my more then 1 lakh to purchuse products in this app but suddenly these team deactivate my ac with any intimation... trying so many ways to activate sent lot of mails calls so.. still account was deactivated... pedda bokka app... adhey products verey apps lo 30% low lo vastai quality booo.... packing also boo....,1,2026-09-07 22:17:47
8c32209a-f51d-4ab1-97fa-5daaff7e183e,"⭐ “Amazing shopping experience! Great quality, fast delivery and excellent service. Highly recommended! ❤️”",5,2026-09-07 22:15:56
e4e91dee-6c0c-49b9-9e7c-c77e2341929e,very nice quality and original product very accurate,5,2026-09-07 22:13:29
7d1ba1ce-035a-4771-ba42-b7b170fccfeb,Good Product!!!,5,2026-09-07 22:13:26
c9d2621f-bdb4-4154-8210-7206d70ca6ad,nice,5,2026-09-07 22:12:41
2f250325-56c5-47a1-b19c-43eb022cfe8d,Totally festival vibes 😍😍👍👍,5,2026-09-07 22:09:09
65b030eb-d3be-4119-ae12-aa4efa65cd6f,affordable 😀,5,2026-09-07 22:08:20
388c1893-f075-4705-96d4-7df26398d473,best app,5,2026-09-07 22:07:15
de987288-74bb-448f-9fa4-d95885aec4a0,nice,2,2026-09-07 22:06:55
4177cb17-de58-4bdc-be64-ed57a5cbfc28,the best in class,5,2026-09-07 22:05:30
8b050859-b03a-4319-9555-d57aa7a856a0,best shopping app🤩,5,2026-09-07 22:05:29
1161f763-93d6-4cc1-b6e9-05f86dc9da30,best place for dress,5,2026-09-07 22:05:15
5b961863-a903-411f-aa31-dfecc89d7c38,ok,5,2026-09-07 22:03:25
449ab3d7-05e3-43b5-bcf8-a596c22a529c,Best 👌,5,2026-09-07 22:00:28
405b2597-57cb-4aa5-9b28-305ef08cc794,many of the products that I ordered are the same as shown .,5,2026-09-07 21:52:22
ad6f14d6-9675-40df-ad43-07fd839f0dd7,very good,5,2026-09-07 21:51:00
61dce317-0618-4a8d-9d7a-559108a29644,good,5,2026-09-07 21:50:59
5cd520d6-b4f0-44e7-bc46-23a510c5af60,good,4,2026-09-07 21:47:46
e2974e93-c17e-4f6c-8ee8-0f6b76ab374e,very good experience,4,2026-09-07 21:45:31
c657fcf8-1dfd-458d-9b36-f23ad9ffa8b6,helpful,5,2026-09-07 21:45:23
b8cdc922-7901-4c03-87b7-a11fca4d5028,Delivery experience is getting worse every day. AI agent is pain in the a**..,1,2026-09-07 21:39:29
ab0b7862-d23a-477c-add8-ee46b16c3e4b,NYC app quality is good 👍,5,2026-09-07 21:39:11
ee80e78c-b20b-4096-8528-97dc71071145,super product,5,2026-09-07 21:38:43
d37c496e-e84f-4331-bae6-2ad74eb6687e,wow,4,2026-09-07 21:35:11
6f401270-1030-4d6e-a2b7-9347ad2a21aa,nice product,5,2026-09-07 21:33:07
b462e518-0e68-44e4-80bc-68f68c8d1604,realistic things provided to the user,5,2026-09-07 21:30:54
b80cd6cd-7028-43a6-b8ff-2e78f1b09a90,"Leaving one, so far I've an EXCELLENT EXPERIENCE with Myntra. Here I would like to mention about that one incident...""Myntra that too handled exceptionally WELL. Thank You Myntra 👍",5,2026-09-07 21:29:55
4f2deed1-9ce1-4124-b41b-bcbef2171eba,good product,5,2026-09-07 21:28:46
7008e377-41df-43a6-84d0-20ee21559ad8,fast and responsive,5,2026-09-07 21:27:59
4f76a641-707c-4a88-9dbf-d7f7d15ef18c,very good experience with myntra,5,2026-09-07 21:27:03
b8d5648e-2456-4bb3-87a4-ff60728a540f,super app,5,2026-09-07 21:26:48
1733ff34-acde-462e-9b38-408105ef0af8,The app got slowed down way too much after the recent update. Hate to see products only on half of the screen. and the page is always loading and showing error when trying to filter the products.,1,2026-09-07 21:26:21
9f3024ef-b697-4559-b488-c732aaf6c21c,"improve the UI, keeps lagging",1,2026-09-07 21:25:17
c5050647-7f38-4f0a-b646-3cea4201d6ad,Just a few words to describe this app. Myntra is the best and it's my go to app for anything and everything.,5,2026-09-07 21:24:41
2a9d006c-d5f8-4d23-8b48-7aa0e4b192b8,best,5,2026-09-07 21:21:53
6d0b415c-473c-4971-99c2-7f56203b033e,need to improvise quality. facing quality issue since long.,1,2026-09-07 21:21:46
d962ffa1-1655-4588-a568-54aff5fafbf3,nice,5,2026-09-07 21:20:56
1319d9f1-bcb3-42e9-bd7a-0ae4794a5b1a,I like it,5,2026-09-07 21:20:45
41c65c86-c36d-4c83-b517-e9f0014caf83,In the past two orders I was very disappointed due to its delivery partner/agent. right now last 4days I was waiting for my order but still not delivered and reason shown delivery attempt failed how can I believe because I don't have any call from your delivery agent and if I was trying to make a call to your delivery agent your ivr need registered mobile number with code and I entered thn ivr response the pin is incorrect how it can be possible because I was enter delivery agent call pin.,1,2026-09-07 21:18:21
12002e36-db63-4822-9568-0dd037671652,ek number delivery ha,5,2026-09-07 21:18:17
bc7e5f0b-3b92-4f4d-97d5-39b9eae8a8cc,good,5,2026-09-07 21:17:15
1860d388-1c94-47e4-b83b-313618efc6b6,nice app,5,2026-09-07 21:12:54
faea91cb-c74b-4a39-9d2a-46abc3b36aed,best app for shopping,5,2026-09-07 21:09:26
5e6fc61f-2f41-444c-b6b6-63e9d7aab259,good app,5,2026-09-07 21:06:00
7930261a-93e6-44bc-ae51-a8196b40c3b6,fantastic,5,2026-09-07 21:03:56
e64b0394-dda8-432f-80bb-16b838a49f10,It will so much helpful for genzz and affordable,4,2026-09-07 21:03:22
ae3e2aa5-7782-45ba-9c6f-55432b05f177,Cool 😎 Deals Available On Myntra App,5,2026-09-07 21:01:27
19561ee3-3c57-4fa2-aa06-24ddd76fc4e9,better than rest,4,2026-09-07 21:01:11
7597a92e-6cfb-4e99-8dd6-437b0af25ee2,"It's a really good platform for shopping specifically the way I was able to apply coupons and use them, it was never as easy on other platforms.",5,2026-09-07 20:58:50
529365cc-0904-4045-bf36-441020c9def6,good app for shopping,4,2026-09-07 20:58:14
83b53c96-c7c1-43a4-9507-08a584795178,"It is very hard to believe that myntra like companies can't deliver properly, when that's the only one job......it's been two three, i didn't receive my parcel, no messages on later delivery or any other when will it arrive. It's ridiculous how I won't even get know that if i am getting my order or not.........I am one of the regular buyers , I only shop from myntra, but this is just making it hard and looks like they don't care about the customer.I hope myntra will look at this and solve it....",1,2026-09-07 20:57:53
6201524c-43b9-47a5-b64d-42b0beb51d8a,nice,5,2026-09-07 20:56:12
732fe435-5ce5-4d76-bb73-443c85b9186c,excellent,5,2026-09-07 20:54:11
0f8b8f0e-58fe-4b1c-abe6-cf6955d83d29,good service,5,2026-09-07 20:48:53
6edac349-ecfb-42a2-9e6c-9465108e44d6,nice,5,2026-09-07 20:43:50
7e8f9047-a9ef-43b7-bff6-0f4f1c81f958,It's good,5,2026-09-07 20:43:34
8702f69d-5b3b-4ce5-9bf7-e30409578da5,good,5,2026-09-07 20:42:56
b626c074-ee46-493b-88a6-d5074092efe5,nice product 😊,5,2026-09-07 20:41:49
ecd0cc5e-714a-4323-b4fb-2b72f9c1a5e1,best original product website 👌,5,2026-09-07 20:41:20
389c930e-a394-4d26-a531-b183480a9512,"good for the purchases of branded and quality products like clothes, shoes, slippers etc",5,2026-09-07 20:37:28
14d24d85-4e13-42f5-9b22-c7d18730c246,i like it for shopping and style,5,2026-09-07 20:35:49
81323d3f-986c-40c7-826f-29e0f36c4df4,good ok,5,2026-09-07 20:35:07
8843d731-38eb-46ea-8c37-e1dce88ebb2e,without delivering the product marked as delivered by ekart and no product received not the refund. No trust on myntra anymore,1,2026-09-07 20:34:46
e0f3e1b5-f2a2-4229-9d91-4ed0f26c79ae,the best app,5,2026-09-07 20:34:02
52e1270c-6cd8-4f11-a2fe-b6a6efaffe7c,good,5,2026-09-07 20:31:39
217f91bd-ec6a-4b91-8847-114ab9f23074,good,5,2026-09-07 20:30:09
a6acc5d3-18f3-418f-9b1c-613d7c02bbce,very best item aap sabhi le sakte ho 🤩,5,2026-09-07 20:25:10
1cb20a2b-4bd5-4c00-82e4-45f1d564113e,nice,5,2026-09-07 20:24:09
2ce23c0f-5868-4a42-94a8-799d6f336adf,super excellent service,5,2026-09-07 20:19:53
18f8b216-5d44-4a42-abf4-e68191cc3a36,ಉಪಯೋಗ ಇಲ್ಲ,1,2026-09-07 20:19:50
947f11bf-6398-4964-863e-49c6caae736c,The myntra app is awesome 😎👍🏾,5,2026-09-07 20:18:07
14657cf8-d066-4de4-a792-26b3f2d87629,too good quality of the products they are too nice,5,2026-09-07 20:16:19
e0178e07-5934-433c-b901-8de28a80f32b,good,5,2026-09-07 20:14:52
b0df7c93-b941-42b6-956a-a067a70bb11a,Excellent Fitting,5,2026-09-07 20:14:27
7cb5a352-4036-49a2-9b55-153442896929,Till now everything has been going well and smoothly but recently I have got an issue with my one order i hope my issue gets sorted out soon.,5,2026-09-07 20:13:18
bfff17bf-66a0-4096-aacc-abe2e04fa688,good quality and elegant watch,5,2026-09-07 20:09:51
4d43a7b4-8a40-4765-b710-efc52fc7b806,amazing product,5,2026-09-07 20:09:34
875ac955-91e9-4cbe-9f12-207bdc1a9be8,great app better service,5,2026-09-07 20:08:36
c1a4ad15-3c99-4aef-a7c5-5b482e4438df,good,5,2026-09-07 20:01:28
7ce6730b-fe65-48b2-bc51-7fd36ce85e52,Very disappointed. i have been a regular customer of myntra and i didn't expect myntra would do this. i ordered a t shirt for my father .he received the tshirt but the colour was different also he didn't like the quality. so i opted to return the tshirt. when the pickup partner came to pick up he said it's not the same product..and I got a msg that that it didn't pass the quality check ... what is this myntra??? please solve the problem,1,2026-09-07 19:56:12
835b5c69-07f5-4a11-b76c-99c8da81b727,good,4,2026-09-07 19:52:22
abf94269-d05c-4d81-b928-13320226e27a,very nice app,5,2026-09-07 19:51:22
b0a98749-a00f-45be-af1f-c884cce98933,GOOD👍,5,2026-09-07 19:41:39
ff38c320-d8b2-4f1a-9011-41feb612ff2e,Hamara parcel Nahin Aaya Hai aur payment ho gai hai 249 rupees Kuchh Na Kuchh action Ho😔,1,2026-09-07 19:39:08
1f169d31-728e-4f7d-b9e7-5c8314076dec,👍,5,2026-09-07 19:35:07
c13ae3ef-e686-4644-b4e8-77b5658c91cd,please sale on Good quality good product,5,2026-09-07 19:34:39
9b63d243-1827-42a2-b850-418f3df85b0c,good,5,2026-09-07 19:32:21
677a84ab-402a-4f5d-8b0d-87847fd96c41,very good experience,5,2026-09-07 19:30:55
eaf4ddc8-67f3-490d-90c9-bc1ed9bac5d1,"Good app for Clothes Shopping, Best deals and Instant delivery option is also good. Keep Going...",5,2026-09-07 19:30:46
b2f4b095-7a4b-476c-b737-a8fb0f8c975f,good to Shop,4,2026-09-07 19:27:59
add95029-daba-4931-a09e-02c04ecbe750,very great experience,5,2026-09-07 19:26:23
79aa22fd-1746-4344-a179-48c48d6e1c57,"I had a very bad experience with Myntra. This is the second time I have placed an order, and I am facing the same issue again. If you are unable to deliver my order on time, please inform me in advance instead of giving false updates. Every time, I receive a message saying that my order is “Out for Delivery,” but after some time, I receive another message saying that the delivery has failed. When I contacted the delivery agent, they told me that my name was not on the order list. I don’t under",1,2026-09-07 19:24:20
4617a6b1-abe5-4ee8-82cd-8a9588149b8c,nice app,5,2026-09-07 19:19:41
60959cd7-ed40-40f3-a538-e053b860c5ac,offer dena mat bhulna,5,2026-09-07 19:17:35
f14d018f-2b04-4ba7-b46c-8313a2d866d4,I think best aap for shopping as from Kashmir,5,2026-09-07 19:17:00
39b08657-7bcf-4204-8c4f-ef8263fd652a,very good,5,2026-09-07 19:15:45
ed58c4e9-745b-450a-9b9d-d9048842be67,great app,5,2026-09-07 19:13:50
ce546b9e-bc3d-49e4-bcf4-4753df1bdbbe,it's very good product I'm using since 3 years,5,2026-09-07 19:09:39
dc5fa59e-5aaa-4639-bd79-953906c87839,"Myntra is one of the best fashion shopping apps. Products are original, good quality, and available at reasonable prices, with some items even cheaper than elsewhere. Searching is easy, and I can easily choose products based on my size and style. I’m giving 4 stars because sometimes booked orders get cancelled automatically, and deliveries can occasionally be delayed. Overall, a great app for genuine products and good deals.",4,2026-09-07 19:07:02
273cfe53-9b41-4db8-a927-5fdd2629babc,"it's best, giving a review after using it for one year it is comfortable, good conditions, and easy to clean, no issues yet, just one thing go,for one size bigger",5,2026-09-07 19:05:38
0fb06278-2228-4998-94c5-337d5ce9341c,wow,5,2026-09-07 19:05:35
0c1d973b-8316-434e-944d-e260183b9e9e,best,5,2026-09-07 19:05:24
414ae1d2-02cd-482e-a39d-c69a8ab1a34b,great quality clothes,5,2026-09-07 19:04:14
fc5fe610-b2f9-4dd0-83c1-0d513bb58278,Superb App,5,2026-09-07 19:02:13
51dc7694-dfc6-497c-ace2-e6d44cfeeaa5,very good experience with myntra,5,2026-09-07 19:01:44
e89dad17-3928-44df-9258-0d42bee6e4fc,"super app for shopping, genuine products at lowest price ,download now",5,2026-09-07 19:01:10
3545d6a3-446a-4900-8e8e-52ebcb974a03,best 👌,5,2026-09-07 19:00:09
fa88b77b-1a8e-4dc2-9e14-31ed42f92b45,good,5,2026-09-07 19:00:03
1e1afcc8-536c-438e-888c-63dd79edef71,good,5,2026-09-07 18:59:57
ccb9f76b-e9cd-480c-b4c4-715049260ec6,always a great experience while shopping on Myntra,5,2026-09-07 18:58:48
57c71205-80bb-4d18-91d2-d991bed65560,goood,5,2026-09-07 18:58:08
f688efab-6fb6-4807-b4c0-eb96fab2a211,good,5,2026-09-07 18:57:48
aeed9dc8-0478-47c4-a95e-f1c4de1c8c70,quality product,5,2026-09-07 18:52:42
49fd73cc-ecdb-4fae-bc89-f3631340ef94,awesome app,5,2026-09-07 18:51:12
3845c358-5032-402a-a945-60409930e173,very nice app,5,2026-09-07 18:50:24
7240cfdf-59fa-4faa-aff8-eb02f698ae23,nice,5,2026-09-07 18:44:17
ad917afe-6148-4c73-a1db-ef1eb28c887e,Very Reasonable rates and great offers !,5,2026-09-07 18:44:02
e6811f09-ad39-4492-baa3-0ac311631e90,nice experience,5,2026-09-07 18:38:16
82b2a1cc-27a4-4754-b470-011e985c1043,very good,5,2026-09-07 18:37:08
1bd457ee-98be-4e4e-8798-ec0f4c8ca77c,good,5,2026-09-07 18:36:21
1c33f3e7-be38-47f1-82e1-33177a1a45ca,value for money,5,2026-09-07 18:35:28
0973549d-468b-41b2-8964-52322f3a599f,Wide range of selection...Nice app services...,5,2026-09-07 18:34:27
58a40512-1169-437c-a28a-82ccf22641bf,Great variety of products...,5,2026-09-07 18:31:40
fa984b4e-b8ac-4c7e-b367-43526677fbdb,good,5,2026-09-07 18:29:33
5ff2c08c-244d-4ca4-878b-f77069a7e0f5,i hate this app i order items and they keep getting canceled the DELIVERY Partners do not attend calls i don't know what to do its my first ordering and THIS IS THE FIRST TIME A ONLINE SHOP IS DOING THIS to me . im so disappointed,1,2026-09-07 18:29:26
f4858426-958f-4814-89d8-d6f316a3afed,great varieties loved ittt,5,2026-09-07 18:28:53
d5e4a870-04f8-48b6-b840-b0344490fb3b,Good,5,2026-09-07 18:24:40
87e61134-e70b-4a70-bdc4-75296f972ac1,very good product available in this app..,5,2026-09-07 18:17:43
57424dd7-3ef9-4b6b-8b26-c4244e05a9f2,very customer friendly,5,2026-09-07 18:15:42
734d6b6c-bb8d-4e57-9374-5081af5aa872,nice,5,2026-09-07 18:14:58
7d9ce243-319b-453a-86b8-65b28e6f6ff7,This is the best shopping app,5,2026-09-07 18:12:47
522c4501-53a3-469a-a709-0d8f979b6571,Good,5,2026-09-07 18:12:25
1684499d-9187-42cd-87c4-f1ff96447548,nice,5,2026-09-07 18:06:05
1a62e0c8-1539-422b-b267-9b3a5b848133,Good app for shopping,5,2026-09-07 18:01:55
9822ad13-9364-4859-a9c6-f9488d82b9b0,Very Useful App....,5,2026-09-07 17:59:58
e0057304-cf75-451d-b389-185364101e73,excellent apps,5,2026-09-07 17:59:27
23c9587f-b355-4e7b-b517-4438f190ceb9,low price Good product buy easy,5,2026-09-07 17:58:49
0b734e46-6dc6-4621-acff-0a813dbd861d,good,5,2026-09-07 17:57:41
49598890-078e-4cd8-9484-d5d1ffe0efd0,Great,5,2026-09-07 17:56:10
854e74d0-b093-454c-a550-befb5d3e51e9,good,4,2026-09-07 17:54:15
e742353d-d051-4989-85c0-4f76d67a5b68,nice brand aap top shirts ✨,5,2026-09-07 17:53:57
fef85332-2b6e-4681-b209-4a8c733c9914,good,5,2026-09-07 17:51:47
24fec15e-8369-437b-b82e-3b6d4457eff6,i ordered a kurta which was sent in diffrent colour..delivery agent refused to take it return as it didn't match the picture he had..and worst is there is no human connection in customer care service everthing is on AI now,1,2026-09-07 17:50:14
9fa7f6fa-c829-46cb-a7f0-9dad0dd22467,good 👍🏻,5,2026-09-07 17:50:13
c0420bed-a978-4c80-8734-f8692098d722,very nice,5,2026-09-07 17:48:55
d86f245a-5041-4f6b-9d63-58a43a25623b,excellent,5,2026-09-07 17:47:21
29853aef-52ee-45b8-b658-0e38e6da4c91,nice,5,2026-09-07 17:46:11
05384003-194f-420c-93f1-2b47587dc255,Good Quality,5,2026-09-07 17:46:04
a4396e8d-e99f-4fec-bd20-2df453c97e08,fabulous shirt I got ever thank you myntra,5,2026-09-07 17:44:00
180c3ed7-5e73-4317-bf6f-b610cd26368a,Fed up with the delay in delivery and unilateral cancellation of orders.,2,2026-09-07 17:43:02
38c6d637-ef10-4d48-b316-1cc84ab5aecf,"Absolutely pathetic and disgusting service. Myntra has completely failed when it comes to customer satisfaction. The entire experience was frustrating, disappointing, and a total waste of time. Customer support was useless, irresponsible, and showed no genuine concern for resolving the issue. This is one of the worst online shopping experiences I have ever had. I seriously regret ordering from Myntra and would strongly advise others to think twice before wasting their money and time on this plat",1,2026-09-07 17:35:43
43d29397-abc3-4343-9528-ff343e29e649,this is very good app or the discount and all is quite impressive ❤️ but I recommend to work a little on delivery 🚚 like delivered it a quite early not taking too long otherwise it good 💗,5,2026-09-07 17:35:07
8a2c7c08-891e-45dc-a8b6-5e6511ab2617,good 👍,4,2026-09-07 17:32:19
48f44c61-38cc-490e-a586-277fe7470d7a,over all.good,5,2026-09-07 17:31:23
8e72f255-fbfe-4346-baa0-bb40e6c13a68,"this is worst app , said that upload review and will get upto 5000 and what I got better luck next time, i think they are making fraud and manipulating customer through fake promises. they are breaking customer trust , I recommend you to all to please keep this thing in mind while shopping from myntra",1,2026-09-07 17:29:41
db6a5f9d-2130-4d62-8001-9d36c4ff6e50,good 😊😊,4,2026-09-07 17:26:36
311d0cb5-3e78-42a9-b562-99c0cc3cbf1a,super application,5,2026-09-07 17:26:21
47568e79-0af4-4112-821d-e6488c51a762,Love to shop at Myntra!,5,2026-09-07 17:25:22
b94aad23-59a8-44b2-957f-b112e9882998,good,5,2026-09-07 17:25:03
05a96a82-0a1e-44f7-b535-31211480587a,"Best shopping app , delivery and is faster than other apps . Good offers to orders also good quality clothes, Good packing.",5,2026-09-07 17:23:44
5ee87981-a130-4b0a-bfe2-addc2721c922,thank you myntra,5,2026-09-07 17:22:59
35e4ad17-aec6-4c0a-a66a-a3b1f789ffe6,very nice 👍,5,2026-09-07 17:21:00
63f4be53-601b-4b3a-ae03-1970807597a6,Good place to shop for every need.,4,2026-09-07 17:19:39
e8bc5906-24af-4507-8e92-54ecb14e4c9d,Very good. The delivery boy is also good,5,2026-09-07 17:19:31
48fe701a-20ca-4bbc-9d36-f41e9d24388e,Good Quality and comfortable collection,4,2026-09-07 17:16:56
b622800f-217b-4b0f-b911-304013732340,good product on this platform,5,2026-09-07 17:16:38
615b3879-1de6-4cb9-af0f-ff2380f7e993,"Love Myntra! Quality products, true to size, fast delivery. Exchange is hassle-free. My go-to app for all fashion needs.",5,2026-09-07 17:14:53
50ffdc00-dc0b-45a6-8c1b-63e0da18f00b,wow,4,2026-09-07 17:12:30
2fb773e1-193f-43f3-a105-a2b157ede4a2,nice app for shopping good discount,5,2026-09-07 17:11:56
4e399ea6-81ee-46bd-8c71-2079e86f5198,wonderful,5,2026-09-07 17:11:17
13d37fc7-719b-4ce5-a94e-da36d9363216,good,5,2026-09-07 17:11:10
6fc70984-0cb3-414c-91be-76186dc55340,Good 👍😊,5,2026-09-07 17:10:31
ee3dcf7d-48e9-4d8a-96ee-6f024a0756ff,best app for shopping,5,2026-09-07 17:08:07
86a28b1a-6bcb-499f-b49a-79f92967ad36,Best Always,5,2026-09-07 17:06:23
5a8b3e64-42df-4597-8c17-a6f189caa3bb,Items are good but rate is little bit high.,4,2026-09-07 17:04:26
18e55406-ed28-421e-bfa6-677608786be3,I am really happy with the product and experience of myntra,5,2026-09-07 17:03:18
8f21185e-5090-4b45-a76e-26ecd5c4c3a3,supper,5,2026-09-07 17:01:28
599cfa01-939b-4a8d-a15a-d329abcff8ec,"I’m really impressed with this purchase! The product looks exactly like it was shown in the pictures, and the overall quality is much better than I expected. The material feels premium, comfortable, and well-finished, making it perfect for regular use. The fitting is also really good and gives a clean, stylish look without feeling uncomfortable. The stitching, fabric quality, colour, and overall finishing are all on point. After wearing it, I received quite a few compliments as well. It’s one o",5,2026-09-07 17:00:59
fe306079-3e49-46dd-a99e-6e683a89a382,Good,5,2026-09-07 16:59:54
bbf63f15-f396-4c2a-909f-0cba9527f4e0,mind blowing performance,5,2026-09-07 16:57:15
262e1953-6fcc-4289-99d0-bae0e17893d5,excellent fabric & quality. also look decent,5,2026-09-07 16:51:17
f7da71cb-ca41-4bef-9961-f2a4490a19f8,"Worst app in the history of apps . Delivers wrong orders , please don't buy any clothes or anything from myntra . It is the worst app . It just makes you more frustrated so I request every one of you to never buy anything from this stupid app . Godddd I really hate this app from my bottom of the heart",1,2026-09-07 16:50:58
79c7ad69-8cf9-4773-abec-bbbf07e86815,sunder hai ekdum fit material very soft,5,2026-09-07 16:50:08
3a19ac74-8b59-4e32-bf21-e8e7e4c5c66a,Great,5,2026-09-07 16:45:45
b38f1a36-2c69-4bf0-bddf-4e03e823b449,"genuine products best part is review, products receive as shown in review",4,2026-09-07 16:43:54
9554d425-34d5-49a4-879b-1ea4789e0b4d,just love this application,5,2026-09-07 16:42:58
0c3f92f4-254a-4954-b076-af1c8141c145,love you myntra,5,2026-09-07 16:41:04
7db3dccd-6060-42f3-8fda-ac3cd88676f2,superb app,5,2026-09-07 16:40:15
2cdceca0-fa55-47d3-a18c-c38acd5359aa,nice,5,2026-09-07 16:39:48
fe88898f-4395-4080-ba97-3ba8ce7d8012,I had done return & exchange so many time but Myntra always done that thing smooth & fine . thank you Myntra,5,2026-09-07 16:39:42
6d613d3b-dd5a-44fb-a21f-afa08e00b9bf,good,5,2026-09-07 16:39:02
90260a08-ff09-4222-a123-51086f75cf70,TRUSTED SITE,5,2026-09-07 16:37:39
61bc57ad-2589-40ee-a799-ddb145265dbc,this is great 👍,5,2026-09-07 16:36:51
bca7e436-80c8-4eac-8675-78d4fdda5e9f,nice,5,2026-09-07 16:35:18
050ed88a-2cfb-4366-bb06-d235cebf8bd6,good offers,3,2026-09-07 16:33:40
d44ee324-6639-41d6-be08-781fb460c972,Good App,5,2026-09-07 16:33:15
ccb6f94e-d4d2-40fc-b5e7-43b66fd28719,👍🏻,5,2026-09-07 16:32:53
7aeb9339-def7-45f5-ab90-e5ff5e99cff9,Best deals compared to other platforms... just lived it,4,2026-09-07 16:31:03
ca2e9c75-8ad8-4362-b2ba-e0db7bfa1f33,"awesome ""express delivery"" service",5,2026-09-07 16:29:49
b6f782f7-c98f-4d32-9e92-0b4a45e06da5,"Shopping on Myntra is always a fantastic experience. They have an amazing collection of the latest fashion trends and top brands. The app interface is very smooth, delivery is always on time, and their return/exchange policy is hassle-free. It is definitely my go-to app for online fashion shopping!",5,2026-09-07 16:29:27
c66c6033-60d4-4dea-9da9-ed6f933e59cb,best shopping app,5,2026-09-07 16:28:38
479cbf38-1809-46f4-a5a3-49490c7e322d,I love this app but I want to suggest that please don't show AI model images for clothes.....it doesn't look the exact same..... kindly consider this request.....I have only online trust on this app.,4,2026-09-07 16:28:35
da24dc99-785f-4d5d-ac4f-fc6ee0851772,all good,5,2026-09-07 16:26:38
64523c77-e938-4b7f-b25e-0f2d392bff4e,awesome 👌,5,2026-09-07 16:22:41
f9294888-2e35-4ddc-8a3f-09365e71d272,Excellent,5,2026-09-07 16:18:29
87d154ea-4e79-4c0e-aecf-935d213fae62,genuine product,5,2026-09-07 16:17:26
e6dada95-5d08-4586-be9f-b2c405b7fff2,Good,5,2026-09-07 16:16:33
2148c67c-60ef-4df0-8c6c-8c0f960a5e96,lots of options according to customer's budget,5,2026-09-07 16:15:59
a5c3c845-319f-44f7-adae-d75c5a9720a2,"Customer support is not available.. only chatbots are there.. if we have any issue, don't expect any solution from Myntra Team. As you have provided the customer support number, I have tried to call but the result, it's again an automated calling system which is guiding to the customer support chatbot in the Myntra app.",2,2026-09-07 16:12:58
6cee25b0-5a43-4ea7-852c-0b71e2b20a49,smell like very good I love the product,5,2026-09-07 16:12:40
b92e73d3-4f07-4d52-8620-b718dd2365ad,Good experience,5,2026-09-07 16:11:36
c4014aa4-e04a-4540-a6b5-30fdcb1963d0,🤩nice,5,2026-09-07 16:11:33
61495e4e-3a6d-4593-b5f5-930b48855410,good,5,2026-09-07 16:09:52
18c0023e-e3ec-4aa4-8bf5-906a512b487f,excellent service,5,2026-09-07 16:08:20
5967a029-0823-43f8-9c3a-5295e2766b4a,very nice 👍,3,2026-09-07 16:04:58
4e320593-bb5f-4552-bc88-ff7e75c4c1e9,best app other app,5,2026-09-07 16:03:17
ba89f46d-4d69-4563-a81b-8331f2ea35b9,good,5,2026-09-07 16:02:24
306efe18-bb3e-4b91-863c-bc793571561f,very late service product not received the specified date more than 4 days,1,2026-09-07 16:02:19
ef32d540-11c4-4810-afb4-98ae171dc1a9,good to choose myntra,5,2026-09-07 16:00:51
889b3ea8-18c1-4104-8ec4-221877c49e62,worth it,5,2026-09-07 16:00:41
47c34b9f-e344-41ae-8a24-0ee2ab5d22db,best of best,5,2026-09-07 16:00:20
91ed8cd2-a4f0-48e7-bdaf-a3fb2e516250,"Myntra is a good app no doubt, but I had a terrible experience recently. Myntra promised me an additional 30% off on my 1st order and I called the customer care wherein they stated that the executives are occupied and I was led to a robot. In spite of requesting a human executive, the robot misguided me on cancelling the order and stated that I'll get the benefit in the next purchase. Therefore, I cancelled my order and now I cannot find the offer as promised. Do not trust such robots of Myntra",1,2026-09-07 15:55:00
46a4c307-2fa4-401c-b2c0-2ad68542962d,"Myntra is one of my favorite shopping apps! ❤️ The delivery is super fast, product quality is really good, and the overall experience has always been amazing. They are also very responsive and helpful whenever I have any issue or request. I especially love the UGC/creator features and the opportunity to earn through content. The app has so many useful and interesting features for creators as well as shoppers. Highly recommended! 🔥❤️",5,2026-09-07 15:54:53
200a066f-e71e-451f-9fd8-13106430f046,"not good , they don't even have payment option if I don't use phone pe or any other pay app on this Device",5,2026-09-07 15:54:20
f497894f-b2dc-416d-9fbe-262ac9ea094e,great product 😃,4,2026-09-07 15:52:29
5bc83964-c38c-49bc-8b35-3d609393e125,super serum and good myntra service thank you myntra for standard work.,5,2026-09-07 15:51:20
20ab2d6c-a89c-4623-bf89-eb9bda327fc2,Good,5,2026-09-07 15:50:55
ed550b5c-61a8-497f-92ba-f7ed97c887a6,deactivated my account very bad,1,2026-09-07 15:47:35
c6bfbf50-6968-44ad-9472-d7bd5849d240,average,2,2026-09-07 15:46:53
9420ac65-263b-4cff-89d3-401748ba39bd,useful for shopping purpose 😄😍,5,2026-09-07 15:44:14
fc8f649a-7a7e-4d1a-889a-7bc1392d7be1,nice myntra aap ❤️❤️❤️☺️😊☺️😊,5,2026-09-07 15:43:25
d64a2f98-6654-463d-ad93-bdbe4613ae53,such agreat app,5,2026-09-07 15:41:48
772bc76f-7b72-4553-a08c-442fe2b4fec0,worst customer service after 40 days of return request they are not taking any action this app and it's customer service is 0,1,2026-09-07 15:41:31
cd7a5fa3-37b5-4fbd-9c9d-f6dbbb426c3e,bestttt,5,2026-09-07 15:40:41
75aeae91-db3e-4666-8aab-5b5ea0e9e855,good,5,2026-09-07 15:38:16
b909d5d1-4b9e-4a10-aa73-cbf7833a4214,nice,5,2026-09-07 15:35:08
806b8941-df9b-442f-bc0c-01667ec7b1d6,Seamless experience while ordering and on time delivery,5,2026-09-07 15:34:33
473c74fc-e1c5-404f-adfe-aafb946e1a8d,good,5,2026-09-07 15:32:57
e1140d31-c73d-44cf-8e48-390f787b5f3d,nice,5,2026-09-07 15:25:29
91535a68-123f-4c7c-abe3-63b94a3f0f2f,best quality,5,2026-09-07 15:24:08
31bbdafa-d2aa-44f0-901b-e3ac0d749e36,"I’ve been shopping on Myntra for a long time, and it never fails to impress. The range of brands and trendsetting styles is unmatched. The app interface makes browsing super seamless, and order deliveries are almost always on time. What stands out most is the hassle-free return and exchange process whenever there's a sizing issue. Highly recommended for anyone looking to upgrade their wardrobe!""",5,2026-09-07 15:22:52
ad76b90f-b5de-4df9-82a5-e7f9dcb1f934,amazing application!,5,2026-09-07 15:21:23
20304d7c-2775-408c-bafe-953d8f8f5414,awesome,5,2026-09-07 15:18:38
67ef03dc-dc5b-4477-884e-37490a5fd44e,good 👍🏻,5,2026-09-07 15:17:58
3f51b0b4-d339-45a9-b3ee-1fdb81db9d79,"On time delivery,sales,reduced prices and cooperation ,I love how Myntra knows what we want.Additionally,its better and more convenient than other online shopping apps ✨️",5,2026-09-07 15:16:54
e7d89693-8cec-4caf-8f05-c2660f6caeeb,good,5,2026-09-07 15:15:26
92727a15-3140-4685-a151-8c3a1087af54,"lovely collections, in reasonable price, u can get what u want, I love myntra's shopping",5,2026-09-07 15:12:56
fc41defc-2e57-4c8d-8ea7-8ca60f63e61e,super,5,2026-09-07 15:12:03
38a0f066-defb-403a-b427-d5ee4c37a91f,best,5,2026-09-07 15:12:03
9fe31b55-bd2d-4cf3-b0b9-c820ab995e0e,"Myntra has always been one of my favourite shopping apps. The app is easy to use, the collection is amazing and there are so many brands and styles to choose from. I especially love the quality of products, offers and the smooth shopping experience. Delivery and order tracking are also quite convenient. Overall, I’ve had a really good experience with Myntra and would definitely recommend it to others. 🛍️✨",5,2026-09-07 15:10:10
40125e1f-2e92-4551-83ff-057cc79d7b57,good,5,2026-09-07 15:07:32
6f273ece-81e9-4a24-a42d-582105bb9209,nice app,5,2026-09-07 15:06:01
c0496bd6-1076-4455-be12-6db16400cfbf,good,4,2026-09-07 15:04:42
89836444-87bc-4de0-8b50-cafda649efa8,good experience,5,2026-09-07 15:04:37
079ed607-3cb1-4a18-98bf-e43073d58c5d,my shopping experience is awesome with myntra,5,2026-09-07 15:01:58
22ccb5ff-70f7-464f-893d-073bd80f4859,excellent quality product,5,2026-09-07 15:00:46
1c0e6e4c-8a57-4269-8444-4c2332c37f20,very good for clothes,5,2026-09-07 14:56:49
c3e51c30-7d60-4e99-83ed-eb3093e36efe,nice fabric,5,2026-09-07 14:54:34
5042a5c5-1e4c-40b8-bf95-1a4161fcbed3,good,5,2026-09-07 14:51:07
9e788765-5e17-4ce5-b2a5-a2f56c0ee4fc,good quality product and fast delivery,4,2026-09-07 14:50:58
d06f2769-9d3a-417a-bb71-5b96009ec44c,so aminzing aap,5,2026-09-07 14:50:11
8022a7d4-9ad4-4ff4-b393-f26ec5a3242e,you get more better than your expectations at lower price,5,2026-09-07 14:49:43
e5f66a61-a8e1-487b-90bf-6a99869264fb,nice,5,2026-09-07 14:48:50
9b4e68aa-60d7-4f1a-bf7e-81af49bbdd82,Good experience,5,2026-09-07 14:47:55
9a8fc7f3-dd12-4f16-9c08-3876531f2e58,excellent,5,2026-09-07 14:46:53
76afe13b-696d-4d4b-a001-eb987cc58442,nice app ♥️,5,2026-09-07 14:43:22
e622bed4-c8c8-47b4-9dc8-4b4966d9b7c5,Amizing quality,5,2026-09-07 14:43:14
2967a578-d5d9-40d8-8c79-f98be362bcd5,good experience and easy to use,5,2026-09-07 14:40:58
9db62e5e-0218-4893-8fd0-e1711725324e,very good myntra,5,2026-09-07 14:37:18
1d207bf9-b631-426f-b6f0-1ee87d449326,good shoping aap,5,2026-09-07 14:35:18
b03af12e-67ce-4c1e-9192-a9c0df6f4bde,costomer service is useless . I order a trouser from it . I got different colour. so I exchange it. but when dilevery man came and see it . he. called this is different colour from pic so we can't say return it. after I call to costomer service. but also not solve problem. even they didn't try to solve it.,1,2026-09-07 14:28:56
a5fc5f79-59f4-4152-8218-5b6d8d12048a,awesome experience,5,2026-09-07 14:26:21
a17ab1ad-a22e-413e-a50f-0c998469757f,wonder,5,2026-09-07 14:25:16
74cd91b8-27fd-4a1b-a223-35a44b2dda31,amazingggg best app...amazing quality....fast delivery....,5,2026-09-07 14:21:53
793f4a66-21b4-4411-b8ab-6756aaa6df0d,Superb,5,2026-09-07 14:20:43
4684bef3-50ea-441e-b08d-0237c62926b5,good,5,2026-09-07 14:19:32
a49307f3-ca70-4338-ac69-9f20d149d476,usefull very good,5,2026-09-07 14:16:52
4c20fc9a-d20b-487e-8e43-3fac05a9e209,good,5,2026-09-07 14:12:04
54d1e753-0269-4c70-959f-f1c80c8c62f8,good produced,5,2026-09-07 14:11:49
5f261fe6-c888-44f8-887a-b9b9d623fb04,this app is very good to buy things,5,2026-09-07 14:10:21
41f6814c-f7a6-4e88-8afd-e027892b7776,awesome,5,2026-09-07 14:09:57
5e97ea43-41f6-4275-a556-1328e299f707,💓,5,2026-09-07 14:07:30
9373b452-9646-4287-bf20-30aa714d4861,very good,5,2026-09-07 14:05:48
ce488ba1-ba0a-4d29-97b4-f1b304fa9db3,"extremely pathetic app. they keep on either sending the wrong product or the return issue is there, the delivery is never on time. the exchange gets cancelled itself, the customer care is pathetic as they only keep escalating complaints don't know where and how as it never gets resolved. not a very professional app.",1,2026-09-07 14:01:32
074d8f06-6f7d-4c32-b9c4-b2139daa6931,good clothing application,4,2026-09-07 13:59:41
e1ca0287-6481-4ae5-b8c5-338c34684d92,love❤,5,2026-09-07 13:58:03
7d463f18-4b4a-4820-87b9-44ece3dd9ea2,nice app,5,2026-09-07 13:57:29
0086f810-361d-4587-8525-a42f65b597a2,genuine products,4,2026-09-07 13:56:57
75ec004b-6ad8-4bd2-802a-1861330fd5b3,nice,5,2026-09-07 13:53:52
d72f74da-5448-4cc2-9232-4704c0b24300,good,3,2026-09-07 13:53:24
71e8823d-2e13-4029-b3da-2e5ff124c27b,sometimes the items are good but sometimes it is really disappointing and sometimes the delivery person are very bossy and rude,3,2026-09-07 13:50:43
c952fdfb-2c82-4279-91fb-b819df510c88,nice experience,5,2026-09-07 13:50:06
aba411ec-02a5-45e4-811c-05c146f030df,good super luck,5,2026-09-07 13:48:00
f7366697-d4a1-4608-be67-324e128a9b17,excellent,5,2026-09-07 13:41:40
5841ae52-c5ad-4077-a2ed-9ca5ca69e2c2,great app for everyone and everything,5,2026-09-07 13:37:06
822cdc69-7177-4d55-8834-14f067fdf365,okkk,5,2026-09-07 13:35:19
c1562e89-a57d-4de0-8ff4-8aac9dcec716,nice product.. I love myntra,5,2026-09-07 13:34:22
c6c94de8-ab6a-42b0-ad4b-53bc424f2baf,Good Purchasing app with more rewards,5,2026-09-07 13:31:34
9e3ee2b3-6165-480e-bf14-b2317f0fbe27,amazing,5,2026-09-07 13:31:19
3b35cdae-ff67-459c-aee9-5e59695eba90,best app for clothes bag and shoes,5,2026-09-07 13:30:28
0d5e0dc2-2a81-4358-bac9-7c9f589e3036,good quality products,5,2026-09-07 13:27:09
160f59ec-0136-4935-9cf2-57c0a069de13,very fast delivery,5,2026-09-07 13:21:49
c5951ca4-d2f9-42b8-a31d-41d60ac12f07,really good aap,5,2026-09-07 13:20:22
f0abbb3a-8c4b-4338-a4e8-7d103ae9f9c1,it was my first time ordering anything from myntra and first they sent a large size instead of small then in exchange they sent me completely different product and not even accepting their mistake and not even given the refund they completely ruined my event .worst app in terms of customer service..,1,2026-09-07 13:20:10
0a0dbf7c-c49f-4954-bb2f-2de59e28d45c,nice shopping app,5,2026-09-07 13:18:20
e5ce31e8-82bd-4f39-912f-1ca63640df50,nice,5,2026-09-07 13:17:59
966fdaf0-f5dd-46d8-b00d-3810d0209482,fabric are so good,5,2026-09-07 13:16:59
06892ff8-9bad-455d-9b35-3987c5f84855,best app hai,5,2026-09-07 13:13:20
91fe7cb8-e37e-4c01-9b66-e5f3605bdeb3,nice experience,5,2026-09-07 13:10:45
fae059e1-f1f4-4a02-be9b-b57d69328c60,nice for shopping,5,2026-09-07 13:09:03
e3913d2c-a8a0-4d5d-a311-c76d77657ee2,awesome,5,2026-09-07 13:07:51
1b557c70-4551-431b-ac83-913845870a3b,best app for trendy style,5,2026-09-07 13:06:46
78643285-08ac-4ded-96fd-274f4f3b5962,easy to use,5,2026-09-07 13:03:34
e073dc42-8bc4-49de-b7b8-d00177e0af9c,nice shopping app,5,2026-09-07 13:03:33
d61856cb-8d6a-4c93-8858-f24332cdebd3,worst customer service and I will never ever recommend anyone to purchase from this app very much disappointed by your service,1,2026-09-07 13:03:08
18eac454-d3d7-41fe-a766-1e2981de1521,best app,5,2026-09-07 13:01:43
25fcd78f-a268-4b28-94fd-299fb0deabdf,previously myntra was so good all reviews are real model photos is real but now days after AI now experience mostly model photos are AI and also some Reviews photos of a girl or boy also AI. before AI everything looks real but now everything is so artificial reviews should be real.,3,2026-09-07 12:58:23
b2d869c3-8431-4aa5-80a5-1f25b3ca2d50,best app for clothes shopping genuine products selling,5,2026-09-07 12:56:20
96ff5e3a-212a-4b3f-9922-220ae1c7a152,i ordered highlender shirt from Myntra the clothe is absolutely fantastic 😍 I loved it😍❤️,5,2026-09-07 12:54:30
2d7c4f0d-f60c-4f02-9b5b-a8d3fef02bae,smoth and ezy shoping process,5,2026-09-07 12:53:33
99065e65-e81f-4d32-b256-58a27ee3e7f5,very good app,5,2026-09-07 12:53:27
b91733e0-7ec3-492e-b37b-c0c63660ac42,outstanding,5,2026-09-07 12:53:26
102b186a-b420-42f7-99ac-f6a4c45c3114,Nice app.,5,2026-09-07 12:52:46
bb41c849-3e7a-485a-bad1-ee8c790cd4f2,good,5,2026-09-07 12:49:55
5ca8e14b-c2e6-49d4-b786-0db39bf3fdaa,i got genuine products here unlike flipkart where i got fooled 3 times by both vendor and flipkart on 3 different products. i finally left flipkart . the only complaint i have about myntra is that they did not have otp system for a costly g shock casio watch but i think they will improve over time.,5,2026-09-07 12:48:37
ef6917da-a1dd-4547-a112-cf946e3af5cb,ehehehehhe good app👅,5,2026-09-07 12:45:31
f1b778ed-6026-43dc-8ad8-b9c519435d5b,nice dress,5,2026-09-07 12:40:21
27c3e812-f2bd-4818-a536-b20bda8adafe,👍 good,4,2026-09-07 12:31:22
1985f409-fc46-47e1-a283-474a060d2a72,Good,5,2026-09-07 12:28:05
9ad660a6-ca5d-40bf-9166-96ec2effb9f3,nice,5,2026-09-07 12:27:35
e637baff-12d6-4fc9-8d25-b6a71bc75b52,good use,4,2026-09-07 12:26:12
c69ebff9-7b4f-47cb-afc3-b941a38890e0,best app for shopping.,5,2026-09-07 12:22:47
83360b38-d0ca-4952-84e9-656aab7e1b7e,good but price little high,4,2026-09-07 12:15:54
cd8fd01f-fe43-459e-80d4-9a8dd5f02180,Best shopping experience.,5,2026-09-07 12:15:37
d0ed43a6-6fc0-4b41-bc77-c9a04012e79f,good app and easy to use,5,2026-09-07 12:15:10
1787f304-a81c-4e0f-bfc6-cdf8048ed652,valuable products only found on myntra it has latest styles for everyone better than other online shopping aap,5,2026-09-07 12:14:56
8c0a027c-4744-43f5-aed0-b7c605d42c69,good customer friendly.,5,2026-09-07 12:14:38
0170f283-9a98-42fe-866f-c5dc1405b30a,ok,5,2026-09-07 12:14:10
505dc6f6-43a6-4afa-bf4d-824019882cff,good,4,2026-09-07 12:13:36
97f9bd4b-6a99-4f4b-a575-c011d32b39dc,nice app and fast delivery,5,2026-09-07 12:12:55
51b6592c-249e-4f84-978d-2912f988ad65,Allways best service,5,2026-09-07 12:06:07
fea9dc41-f258-4953-8607-b8db985d178c,wow,5,2026-09-07 12:04:34
9dc7c9e1-9266-45ae-a5e7-6c1d613af111,good app,5,2026-09-07 11:59:22
a8f2b4cf-2af8-43d5-a3b5-b67f006b969a,"Wide range,easy process, quick response",5,2026-09-07 11:54:01
e1a567d5-957f-4a9f-be43-473600d1065f,very trustable app,5,2026-09-07 11:53:26
16061723-9f2a-4f96-8405-d2db2f4f9bf3,registering now,5,2026-09-07 11:47:13
b6983623-3737-4a24-9ed8-d44e542b04fb,Excellent Quality Product. Thank You Myntra for offering such a Beautiful & Classic Product at the Most Reasonable Price Keep Supporting Us by offering Most Value for Money Products at the Most Affordable Prices. Mynta - The Best and Ultimate Destination for Latest and Global Fashion.,5,2026-09-07 11:45:46
64c13f8c-c1ff-4ccd-9611-40187bb35cb6,perfect Fitting and marvellous Product,5,2026-09-07 11:44:43
2d2a529c-8f01-4235-a70f-1b13ff2dde42,awesome,5,2026-09-07 11:43:05
4e1d06e0-bdd6-493c-9f11-0f35d4678c60,Why is my payment option not working,5,2026-09-07 11:42:02
3fa75e1f-aac4-46d0-8446-aec585c6273a,soo good products are in this app.,5,2026-09-07 11:40:03
a302f7f6-684a-44ef-8488-7393d0f69b4c,nice,5,2026-09-07 11:37:20
ec44e6e2-37bd-4f6c-946e-43bbc74dce3f,very happy very very good,5,2026-09-07 11:37:13
44a9964f-2514-4f08-b1c6-95edc8f68ecd,Very Very Useful Shopping Aap In India,5,2026-09-07 11:35:07
29756f6e-8a54-4dfb-945f-0283783d7723,5 star,5,2026-09-07 11:34:59
6958532c-3b31-47d9-b822-02b98343f050,very bad app.. cheap app.. they dnt back my full amount. never suggest anyone,1,2026-09-07 11:34:45
c50a6897-6a71-4b3a-acde-f2e52b01d3c3,i m a regular customer of myntra . i returned a product but delivery boy cancelled it . now I m unable to process reqst for return again . unable to contact myntra support.,1,2026-09-07 11:33:40
a5349f67-dcde-47e0-a44a-aea193087981,Excellent service & best price... large collection.. and most important on time delivery...,5,2026-09-07 11:33:40
14d7e714-4905-45ce-b03b-07f5d205e64c,good,5,2026-09-07 11:32:44
b6b3c371-1315-410e-8c11-7b8ec4475ebf,good app,5,2026-09-07 11:30:36
26881da9-0d78-4383-bb82-9021b5ceabcf,nice,4,2026-09-07 11:29:01
8d00926e-54e9-4645-a7b5-5f8b17d043d5,my all time favorite shopping app,5,2026-09-07 11:25:48
8c7522ec-74d9-45bc-bb07-e6ce323c5182,Good,5,2026-09-07 11:21:57
dd8dacac-de00-4853-9ee6-7c3e6d426929,All coupons available but not working,5,2026-09-07 11:20:52
26ee9873-ff37-4c2b-be49-5a58c3af60cc,best services,5,2026-09-07 11:19:25
0769a06e-4db2-46ed-9861-c4342d5d49da,nice service....,5,2026-09-07 11:17:16
e1ce1a11-5b09-47f1-9850-198ea8842669,awesome experience of shopping on myntra,5,2026-09-07 11:13:54
73cfedd3-e957-4a38-a482-cee51f491421,best shopping,5,2026-09-07 11:13:49
ab850a0c-fe23-4940-bad1-2f6550af3e0f,I've been using it for a long time. Really good experience,5,2026-09-07 11:11:17
b9710797-7d12-493a-8727-d9f5202a3718,always provide wrong size clothes and I can't even log in,1,2026-09-07 11:09:17
358ae34c-c394-4e26-a55b-dc72f8b4ebf6,nice app,4,2026-09-07 11:07:53
e9e636bf-f691-45a5-8a59-0076162d66c0,a order some items and there quality is good also app good,5,2026-09-07 11:07:25
1d625f1a-45ca-424f-9411-5a484ee568c3,good,5,2026-09-07 11:05:16
2ba39f81-eff6-443c-8ae9-7c22e0562ff9,good,4,2026-09-07 11:04:54
5619ec56-0596-4f6b-af00-46fd6f8f3908,I have used this app last 6 years but now I am very disappointed from the service of mantra. I have purchased a item from myntra but item quality was very poor then i returned item. on 2nd sep 2026 I have received a WhatsApp and text message from myntra that your money has been transferred on your upi number. but I have not received my paid amount till 6th sep then I chat or call to myntra and also mail to myntra but no any response given by myntra. They send me a reference number,1,2026-09-07 11:04:18
622e2a35-5270-46df-ba9f-2450500f3989,"poor service, orders delivered after 15 days and then cancelled👎",1,2026-09-07 11:03:42
891d664f-2eb6-4687-9113-3496561e37ea,"wonderful experience. if delivery timing can be reduced, it will add beauty in the service.",5,2026-09-07 11:02:56
11237953-6069-40e9-a8b3-1736f1307809,very bad quality and service,1,2026-09-07 11:00:32
cf066e79-053c-4017-a230-52dbfaadac0c,nice application,5,2026-09-07 11:00:00
3388f46c-54fb-4f81-969b-d97b3ba82cd9,💖💖,5,2026-09-07 10:59:09
10c794e1-4f48-43a7-b49c-6bde4318591f,dhurr,5,2026-09-07 10:58:11
c6a1646b-8ffc-4a41-8059-f566b09f7f94,please stop using ai as models it is annoying,2,2026-09-07 10:57:18
332198e4-1eab-4e10-858f-9b93a8771d76,mast,5,2026-09-07 10:56:41
20b5b985-723a-495b-bd7f-40fb0979f739,best quality,5,2026-09-07 10:56:03
1ca5af17-5b0e-467e-a85d-c74b0d079f28,Nice app for original shopping,5,2026-09-07 10:55:40
58676f09-6724-4785-badc-277b853c9e2a,very nice,5,2026-09-07 10:54:02
49018cc6-7804-4a7c-93a8-5735593e8917,nyc fitting,5,2026-09-07 10:53:32
057e9753-f0a5-44be-afbb-edeaf63cac32,nice,4,2026-09-07 10:49:20
9c13e1cd-668e-4380-9b9f-564a8e3754e9,"it is fabulas and you will find good brands with such price here, they provides such good packging as well as , thank you myntra!!",4,2026-09-07 10:48:13
46f57333-3922-437c-8941-c0720952e38e,100 rupya mila h guyss rating dene ke liye,5,2026-09-07 10:47:44
9711ca58-e870-427c-80f5-e39af7d0b1a1,good,3,2026-09-07 10:47:11
4f593584-1138-415e-a59b-3e25e2836cbe,A1 quality clothes,5,2026-09-07 10:45:53
2c22055b-c8b7-4873-9698-f239db894043,my Always fevour u❤️,5,2026-09-07 10:40:45
60a40e1e-c0c5-4cc8-8cab-3411c173795e,response is superb,5,2026-09-07 10:40:16
4368cef5-b5be-4379-b6fb-703606937492,good,5,2026-09-07 10:38:24
28a4c364-7abb-4fbe-89ab-ede8da21b6be,"The most incompetent agency refusing to help customers for a mistake they did. Scammed me for a product worth 17k. The shameless people don't even respond. Customer care is a joke, emails bounce, so there's no way to reach them.",1,2026-09-07 10:36:27
54855be7-ba8c-408d-aa3b-01971a6ecfab,nice fashion,5,2026-09-07 10:36:22
267aad66-b795-479d-867f-f7fa90842438,"Lot of collection, reasonable price...",5,2026-09-07 10:29:04
458453db-db48-4acb-8380-83a0bfccfe7a,"Myntra is a reliable platform, safe and secure for the consumers/customers.",5,2026-09-07 10:27:48
57d81d82-66aa-4c82-9d52-9147b8522e0d,ok,5,2026-09-07 10:25:52
edc19b28-aff6-40c2-bed8-4260089ce82e,to good acha he❤️,5,2026-09-07 10:25:26
78169915-d2be-4b24-a4fe-e3058f26f2b3,bahut achha product hai sab hi,5,2026-09-07 10:25:09
9a691ca9-0a57-4b35-8e5e-9f8c880beace,good platform fmto shop and trustworthy,5,2026-09-07 10:22:45
68aadde6-7387-4574-9be4-315b19b1bc75,nice ગુડ વર્ક એન્ડ ગુડ ક્વોલિટી એવરીથીંગ ઇઝ અમેઝિંગ,5,2026-09-07 10:21:18
2638d5fc-1cfe-469e-bf9c-66f8670f019a,good,4,2026-09-07 10:21:05
5efb2923-2ed9-459f-8bbd-1eedcee805a7,good Product 👍,5,2026-09-07 10:18:28
f3ae222b-d6ab-4d71-baca-bf62ab2962c4,affordable and fast,5,2026-09-07 10:16:02
1580cb9c-bc1b-4943-a998-ae394410f957,good,5,2026-09-07 10:08:40
9fc825e2-35fb-4f6d-95ed-24a9ccc63106,nice,4,2026-09-07 10:05:58
ea0f2bce-6baa-4f73-8df5-a61372aed181,"it's my first time , duhhh",5,2026-09-07 10:05:54
f89030bf-cf37-467c-8e46-4248805cef6e,good and genuine products,4,2026-09-07 10:05:42
e8b6a800-3a0c-4bff-bba3-7c04b03f6bad,"Discounts and Offers: Many reviews highlight good seasonal sales, brand variety, and competitive pricing.",5,2026-09-07 10:01:48
29e78d89-f991-4f93-8c15-ec294423d270,good,5,2026-09-07 09:56:41
22d95a37-b3eb-4378-b4c2-87bd1939b5ed,"amazing shoping app, good brand available in this app and good quality product/clothes available in this app",4,2026-09-07 09:51:47
4e09a9be-af15-400a-a541-71c5ed78d93b,good,5,2026-09-07 09:51:00
7b142c81-dc04-4aae-af02-b3febc987a70,great shopping app,5,2026-09-07 09:48:29
7c7ff300-7e4c-4d5b-9def-8c2d864195fd,good,5,2026-09-07 09:39:05
29a05a27-2add-4515-af0d-b00a55a4b888,it's a awesome online shopping platform...love it,5,2026-09-07 09:39:04
54b06fdb-ce64-439f-9478-0c36ee4c2907,"best app for online shopping, especially for cloth purchase",5,2026-09-07 09:35:20
ab68590d-3ae9-4632-9b59-78c346b80411,very good app,5,2026-09-07 09:34:28
ae313805-5bfe-4607-98a0-b6d86a897b4b,good💯 end,5,2026-09-07 09:33:11
be34d02e-56e4-4dcc-87b4-4413c75c4377,I have placed ordered on 28 may 2026 and still waiting for delivery and customer care is forcing me to cancel the order as they are not able to deliver the product on time and I have placed 3 more order with this product those were delivered and now when I am cancelling the order they are cancelling all the bank discount which were appicable on other 3 orders it's myntra fault and I am bearing losstoday is 7 September 2026 brilliant customer service,1,2026-09-07 09:26:35
f09dce53-b420-47db-8648-0a05385e9746,This store is awesome 👍,5,2026-09-07 09:26:31
42d9ffdc-cec7-440e-a71b-9bb2f2ed3122,"Myntra I had a good experience with your service but the past few days what is wrong with your service!!! I'll uninstall the app if you aren't working properly. This is too much you aren't even dealing with customers properly, the exchange process is delaying.",1,2026-09-07 09:24:58
6aaf340e-97b3-41e5-ab12-21b965f551b1,very good,5,2026-09-07 09:24:05
651d9eac-68d4-4293-bc37-0e4971dcc0ce,nice,5,2026-09-07 09:23:53
95052ee6-2f06-4f27-80d2-3b4d27aef1ca,Happy to shopping,5,2026-09-07 09:17:57
ab46ca33-1014-4841-bcd6-2fa9ef0c00c4,Good One,5,2026-09-07 09:17:11
f3b7d044-097d-432a-bf4e-674b0db9197f,गुड बेटर अँड बेस्ट,5,2026-09-07 09:16:07
e8876d97-beb3-434d-81f1-2b4cc240aab4,Good Platform to buy Clothes.,5,2026-09-07 09:14:39
d634baa9-671c-4aac-b6c2-674a799ed163,good,5,2026-09-07 09:05:45
49d88bd4-7141-41be-80ea-95f218db5754,That's Great App with offers and discount,5,2026-09-07 09:01:03
46149685-7c6d-4464-b65b-2c13138960f1,app is good and also the products are good,5,2026-09-07 08:57:22
70c4771e-1e72-4c44-8902-ab3f0500cde2,vv good,5,2026-09-07 08:55:37
4298d710-8672-4612-a1d6-5e06c65cd7e6,nice,5,2026-09-07 08:53:11
6991358a-6ee1-4e25-ac5f-c8e3c7bbcd14,"Very disappointing experience with Myntra. I received an incorrect product and raised a return request, but instead of resolving the issue, the return was put on hold due to a quality check.What is even more frustrating is that customer support is not responding properly, and I am not getting a clear resolution. I received the wrong size due to a delivery/order issue, yet I am the one facing all the trouble.Myntra needs to improve its return process and customer support.",1,2026-09-07 08:47:02
faa67b16-2cb0-4bc4-944c-e77da0379762,amazing service and great products,5,2026-09-07 08:33:02
a0234c1c-d0a8-47d0-8919-f334daa28bc3,delivery should be free,3,2026-09-07 08:29:22
0f4b9415-282b-40a4-b9c1-acb63b26bbe2,good,5,2026-09-07 08:26:57
4e8635d9-a0c2-4c7b-b241-16e6eacbe58a,"I am very much satisfied with this app from very long time. I purchased hundreds of things. In one word, I'm very happy 😊",5,2026-09-07 08:25:47
8bb9710a-e587-4f30-a58e-daff350d4e1c,very nice app,5,2026-09-07 08:25:38
15645f1c-a190-410d-996a-64f5e8429056,nice,5,2026-09-07 08:23:21
ecb3373f-1bbd-4cd1-89e9-5955eabc0a8f,bahut hi sundar hai to,5,2026-09-07 08:22:53
ca434039-8d69-4742-8068-d96012e7d685,no fake offers no fake products very good delivery no duplicate rates or offers thnx myntra,5,2026-09-07 08:21:04
5a7c9306-86d9-4d0c-8365-d21809f2abff,best shopping app 💗,4,2026-09-07 08:18:24
01d9ebef-139a-42a5-9303-ac85cc9c6913,the worst app waste of time with these app,1,2026-09-07 08:14:34
116cba7b-34bf-49d3-9092-0cbd189126fe,well maintained quality product but late delivery,5,2026-09-07 08:06:37
5fe53761-ae47-4eab-997e-571c173d6110,Good,5,2026-09-07 08:05:42
7ccb64cf-9f30-4681-b53d-a9d4a616e3fc,super,5,2026-09-07 08:03:22
b1c210e1-f780-4ce7-afa3-e6545d82283f,best online shop,5,2026-09-07 07:59:35
c7c558aa-769b-4801-bd22-5ff05486b529,It's great to have a shopping experience in this app 🎉🎉🎉,5,2026-09-07 07:57:04
c077d1f9-2060-4723-9dbc-1690093db7d8,good for fast forward fashion 👏,5,2026-09-07 07:57:02
fe70ee35-17bf-4136-8ecb-3b44f1dfa10c,good 👍,5,2026-09-07 07:55:21
1a6ff5b0-7119-49eb-9153-a5de749aeeef,good,5,2026-09-07 07:54:58
8fdc20fa-5ad4-4bdf-afa9-84e93b2d0f9d,good collection as well as quality also,5,2026-09-07 07:52:54
f9e81f9f-c669-44f0-9343-cafd1415fc0e,10/10 quality and abundant store,5,2026-09-07 07:47:57
4499ccd0-426c-4195-8d66-3f1b5f38cb92,💗,5,2026-09-07 07:37:20
375458eb-04e1-4e22-922c-dbcdd57d0e7b,good,5,2026-09-07 07:34:18
aade8030-4432-46e6-806b-1d1a2f18315f,good app,5,2026-09-07 07:34:15
e7a925d1-fba2-4d3d-b55b-47c229956d03,good,5,2026-09-07 07:17:33
2777479c-1dc6-4cb3-ab53-9acbebe57624,Very friendly app and easy to use. Quick filter choice available to select the product of your budget and choice in seconds or minutes. Thanks to their hardworking team. Keep doing the good work. All The Best !,5,2026-09-07 07:15:59
91f508ea-e537-41c4-9509-809480e6282a,wonderfull,5,2026-09-07 07:11:12
46897ef9-9f32-4d6b-bee2-aa9dfa1c5f31,"perfect fit, worthy",5,2026-09-07 07:09:59
0d450088-7af6-445a-a81e-e8599295f1d3,wonderful app for clothes,5,2026-09-07 07:05:12
98287607-f497-411e-9d3e-f73c0c845d36,awesome,5,2026-09-07 07:04:54
ef101312-f3cb-41f0-8316-2db1a27823fc,superb product,5,2026-09-07 07:01:35
a1a1058d-2543-4097-b3db-05d5b010e2a9,good,5,2026-09-07 06:56:09
afb63520-f65c-4c4d-bde8-d77e18da324c,myntra now delivery is really quick,5,2026-09-07 06:56:03
4187065a-a214-44e5-9799-9f98759a7d89,great superb,5,2026-09-07 06:28:29
3d20a314-6d32-4512-8795-28346dae9580,badhiya product dete hh myntra,5,2026-09-07 06:21:27
e59f5ab3-52fa-410e-b96c-d05468ece194,material is good and comfortable 👍🏼,5,2026-09-07 06:10:43
de260974-9056-429e-9f15-e784021b64bc,good product with fast delivery,5,2026-09-07 05:59:32
3210d26e-627e-458a-9e14-94e355fe70ae,I love Myntra 🫠❤️,5,2026-09-07 05:35:50
02fbc268-abc2-43fc-a386-db6ded36ce2a,I like it,5,2026-09-07 05:20:09
0b3e1a50-2cc1-4412-8634-acc6f26785da,osam,5,2026-09-07 05:09:45
76fc913c-039d-4d47-9fdb-269982e12ac8,genuine products,5,2026-09-07 05:07:46
5b0f9746-9469-425d-a76f-f76109f07adf,i am not getting myntra glam credit clan it has been more than one month,3,2026-09-07 05:07:33
7acb84b1-0c25-49a0-a21a-eebc28f36858,very good experience 👍🏻😃,5,2026-09-07 05:02:36
41f17dde-0d39-49e9-8a22-a7fff51a88a0,l loved me,5,2026-09-07 05:00:49
60b8daaf-dfdc-4587-8689-5dca50cbf0fd,it is reliable and convenient.,5,2026-09-07 04:17:39
5a9626e7-deeb-4d21-905a-9d21eda6fadb,Best App and Also get offers alot do consider this while shopping everything in one place makes more Convenient and Better',5,2026-09-07 03:44:31
043d06f8-79e0-47e4-b400-d8f721c2a2ac,over all it's good but sometimes it lags and please upgrade your delivery to every pin code,5,2026-09-07 03:43:42
e5e47273-0669-4adb-aeec-3c219e36d76d,best options for sopping,5,2026-09-07 03:13:19
94e87f47-8828-4aec-802b-5d9bb57c22c3,satisfies,5,2026-09-07 03:11:07
56dbd538-d67b-49c5-b6c7-94a8131a6fa8,good 👍👍,5,2026-09-07 03:04:11
d64fa2bd-b332-473d-8676-467a969c6c62,good,4,2026-09-07 02:28:04
29b37b3d-31dc-44bd-b286-561c414669af,Amazing🤩,5,2026-09-07 02:12:10
ee31e5db-237a-4860-9067-0f9041b4519f,"good experience, good products, good interface Good good",5,2026-09-07 02:02:40
19755a73-aef6-46a3-9560-b24be379dac0,superfast delivery it's worth it,5,2026-09-07 01:53:01
8e8f9776-8f66-4084-97be-44931aeceae2,nice,5,2026-09-07 01:47:22
a51d1d83-bb23-4694-b91f-162a01803cd1,excellent 👌👌👍👍👌👌,5,2026-09-07 01:44:32
69ec585b-a567-4731-9602-f42262617c05,nice app,5,2026-09-07 01:44:09
de0b9e7e-c063-4897-bbef-94429c53e4bf,awesome for shopping and beauty app .... I got much offers now and quality is top class 😀 Always been greatful 💓,5,2026-09-07 01:42:21
ede00cc5-6b97-4cf0-b5ae-bf262b35ade6,wonderful for averything,5,2026-09-07 01:30:29
7610ae4d-1737-4703-a8db-bd7ba675a8bc,good,5,2026-09-07 01:28:46
75015959-a7e8-499b-a282-bd914c722e72,"myntra always good quality product bhejte hain,, thanks myntra",5,2026-09-07 01:26:56
046b5b85-f19f-459d-ac78-7052a7eaf0ac,"very good ,sorry ,best shopping app ,where you can buy any brand and stylish, trendy dres with best quality and low money",5,2026-09-07 01:22:43
d741f0e5-33e3-4ba6-ad06-e560d086c905,good app and more discount,5,2026-09-07 01:12:44
e172e707-f807-4531-b61f-9999efdd307b,very good product and packaging 😍,4,2026-09-07 01:07:54
8cc110dc-d74e-4ece-87d3-d3f46f745f2f,good,5,2026-09-07 01:02:11
316c9573-1485-49b2-ae80-c75444406a4a,"⭐⭐⭐⭐⭐ Myntra is one of my favourite shopping apps! The app is easy to use and has a huge variety of clothes, footwear, accessories, beauty products and more. The discounts and offers are really good, and I also like how easy it is to track orders and manage returns or exchanges. Overall, a great app for online shopping! ❤️🛍️",4,2026-09-07 00:57:55
6b87cdf1-a2c4-4734-8c28-3a306a35b931,Myntra is Best fashion shopping app,5,2026-09-07 00:50:00
698ecfad-4560-4f13-bea4-0c28f41a3573,Nice 👍,5,2026-09-07 00:49:18
5e55738e-91c2-48d0-acaf-f97ca54ca5e8,Good shopping platform...,5,2026-09-07 00:47:37
38f43fc8-43ee-4927-a5fb-04a3a7d51120,nice aap 😃,5,2026-09-07 00:43:28
e86c0601-fffc-4dc1-b6bb-633dff4c5e47,good products,5,2026-09-07 00:42:42
f001b82e-20a9-41ab-9ab7-8ef892b45c2f,good prices,5,2026-09-07 00:41:22
86961269-6da2-4c7d-befa-5b6b3243e27b,Bakwas customer support.,1,2026-09-07 00:38:22
66f9674a-3098-48fe-ab29-47ed311af68e,Trusted,4,2026-09-07 00:31:14
66b73bec-4bb7-4361-967c-428c97b3baea,great app for shopping many discounts available all time,4,2026-09-07 00:30:50
449cb7a5-b494-414e-b7f8-c1c2460b3388,good options for shopping.,5,2026-09-07 00:30:32
052c76f6-6eb0-40b0-b488-7b3439841ee7,good app for your style,4,2026-09-07 00:25:16
5e291c57-3e8b-48e6-a18b-4f85a159ce8a,very nice and genuine app,5,2026-09-07 00:21:23
0bc7cd2b-7320-45e2-92f5-53b036e08b19,"This is extremely disappointing and unacceptable service from Myntra and boAt. I have already exchanged this product 5–6 times, and every single time I received another defective product. Despite repeatedly contacting your customer support team, team members, and even the manager, no one has provided any proper solution or support. This was supposed to be a Rakhi gift for my sister, but because of your poor quality control and terrible customer service, you have completely spoiled the occasion",1,2026-09-07 00:16:06
cabbad8b-e38c-4b99-bc9a-c003c3b9e32f,very suggestible app,5,2026-09-07 00:15:39
4b46601b-fd80-438f-a2fc-e3dbab0ed2ab,nice,5,2026-09-07 00:13:13
526464ed-9f0a-42ac-b478-487722f54519,very nice and adorable price budget friendly.....go for it....,5,2026-09-07 00:11:39
e5089689-ff39-4edd-88e4-77ee1956081f,love this app experience soo helpfull and budget friendly,5,2026-09-07 00:11:06
5cf7302a-0ffc-42f6-841d-b627f56cb088,very good 👍,5,2026-09-07 00:08:23
728cb599-0b36-465e-a784-49376e20b2c3,good,3,2026-09-07 00:08:13
4e302989-4fdf-43ca-be62-29b8965171fc,good,5,2026-09-07 00:06:42
cdfc68a4-4ce9-4404-92f4-c3a7a62f0ab4,good,5,2026-09-07 00:02:11
18cd8f1b-aea4-4a36-b546-986a5ff9b6b6,great,4,2026-09-07 00:01:29
b56b28a6-5ce0-403b-96c8-17ff532d5380,excellent,5,2026-09-06 23:57:10
0b436bae-d8ac-4723-88d6-68cb1ce304a9,worst aap,1,2026-09-06 23:54:16
ab0979a1-450d-4160-b367-c6f1959172ca,very good experience,5,2026-09-06 23:51:38
4576a3bb-bdbe-4c3c-9e88-1950af13aef3,i like this app,5,2026-09-06 23:38:31
5cd9b4cc-f05b-4ec6-90b8-237563a5d016,good 😊😊,5,2026-09-06 23:37:45
b53aeae7-fd4d-44d2-b66b-4e2405bd39dd,awesome app😘😘😘😘😘,5,2026-09-06 23:35:09
8dbfd73c-82bc-42ac-bb90-440d66e0801f,good,5,2026-09-06 23:32:33
9d875c6c-94b7-42fb-b411-276d25c15d3f,ultimate experience,5,2026-09-06 23:31:26
ce0312e1-d182-4c21-b768-dc5e4d67f33d,Nice shopping Apps.,5,2026-09-06 23:30:05
887ddd0f-708d-4bab-a48f-d27b27c54341,good,5,2026-09-06 23:29:36
2a47141e-9f52-45d2-87c1-429ab3d76436,nice 👍,5,2026-09-06 23:28:44
d4469bde-aed0-4e4a-b824-9f89f8fabb23,Nice,5,2026-09-06 23:27:48
74d5efbf-78a4-478e-9537-c5d003a8d6a9,no words just say trust and buy what ever u like,5,2026-09-06 23:26:21
59f37412-7186-4518-9a35-c8dc377c606e,very nice 👍,5,2026-09-06 23:25:29
5af545fb-0dbb-4a5b-9669-b6e4000b6484,this is good app,5,2026-09-06 23:25:06
831d50d0-34ab-4801-91a5-e7d13e4dd4c5,Best shopping app,5,2026-09-06 23:24:09
da4a10ee-e584-4397-b317-8a22f367ee78,good,5,2026-09-06 23:22:55
a12e8721-0b69-48f0-a720-86169e2618a1,yes good,5,2026-09-06 23:20:38
7ac644e3-6cc4-4231-a368-8cf09ed6d9f7,I'm very thankful ful of this app this make me fashanable,5,2026-09-06 23:17:46
0296af79-9f1b-4d36-b671-f93ee2a2d6b0,very good app with cheap pricing.,5,2026-09-06 23:17:12
9693f240-e962-4634-8c70-67cfeeae45c1,"“Myntra is one of my favorite shopping apps. The products are good quality, the variety is excellent, and the delivery is usually fast. The app is easy to use and the offers are also great. Overall, I’m very happy with my shopping experience on Myntra. Highly recommended!” ⭐⭐⭐⭐⭐",5,2026-09-06 23:15:32
eabe270c-49fb-4a77-96f7-77e11de3e43e,good products,5,2026-09-06 23:07:08
36b38525-2702-4f79-8451-02e0c53f74cc,"Great shopping experience overall! Lots of options, good deals, easy to order, and delivery is usually smooth. 🛍️✨",5,2026-09-06 23:06:26
fe255896-36bb-4708-8d4d-f9f1ec411df4,best 👍🏿👍🏿,5,2026-09-06 23:04:28
cd343738-0108-4215-8186-ece1fa3f33b7,One the best Application for buying cloth related stuff. Has the newest and trendiest stuff for the cheapest of prices. I used it to buy Football Boots and this is one of the most cheapest places to buy. I got boots with nearly 3000rs-4000rs discounted than other websites. And everything is verified if it is real.,5,2026-09-06 22:58:57
3c5ed278-832d-4100-846c-29b710dc64ac,"fast delivery and worth it purchase, appreciate the same service delivered on upcoming orders",5,2026-09-06 22:57:27
3759f113-781b-4b0b-bc75-19d86af8ace3,nicee products,5,2026-09-06 22:57:16
a1ecb822-c8f6-4bd0-9492-7d93c1106a0d,💴💴💴💴🎀🎀🎀🎀🎀🎀👍👍👍👍👍,5,2026-09-06 22:55:04
8a738664-656e-4951-8ad4-87ae3836e3c6,Myntra is best app,5,2026-09-06 22:49:13
9344c83b-a68d-42fd-b396-cc325d1e7913,This is really so useful that I cannot tell you enough. You should download it and try it yourself. ❤️,5,2026-09-06 22:48:17
08a9441f-fccb-4013-988e-2463469b2e07,hhchgggg gh jyshwuwhbwhavhwbwhww we w eejwneishe wienw wuen jw.eje.wje eje.eje.emw.wjm is aja a aja a aja aja aka aka aka ama ala ala.wns aka a aba.am N.. .n. JNaka.a.a.a.a.a.a a a aaa a a a a s fc c c zjs.ziznzgs.samz Uz zIyana Kzusa a akHaba ajHaa a aiqquqmq q aj.ajBnHBsiag nyt gvk nu given mnun hii NCL kuchh mmm maubaja. Kanaiana why do jw susnayas smsusbsts siahaya S a.w w w whanamua ajahanaja shabaga.aua.ayajaa ah Aaj au,3,2026-09-06 22:47:07
1328416a-b607-4a1d-a481-a7a4f5be422a,link app love app,5,2026-09-06 22:46:24
73e7e451-1c19-44d8-9bc6-629ad8bdf7ad,"amazing wonderful experience, absulote product genuinely",5,2026-09-06 22:45:20
df5d7b0a-e105-4734-9999-766df323d00c,fabric is very soft and color is as shown in the picture.I liked it.,5,2026-09-06 22:42:14
ff3ea35e-ffe1-4332-9391-3daa11793831,really useful app. all in one platform.,5,2026-09-06 22:38:23
bf6735c4-abb4-4077-a748-c686c69bb0fa,good service by myntra,5,2026-09-06 22:35:16
4ca581fc-ea31-4bcf-93c4-14556febda25,Nice,5,2026-09-06 22:33:12
9af600cf-1239-4f54-b421-0769000622bc,Nicee,5,2026-09-06 22:32:04
08ded83f-dbd6-42b6-926d-dd6d88af4923,nice app 👌,5,2026-09-06 22:30:12
c39207ab-6308-4768-ab77-09eff1aab098,"Great shopping experience, Good quality, perfect fit, and fast delivery. Very happy with my purchase. Highly recommended",5,2026-09-06 22:28:26
49cb467f-7763-4d16-a5cf-5d04028bdc36,superb collection of attires,5,2026-09-06 22:26:37
01ed5357-5d90-40ef-af50-21fbd906c752,I love shopping in myntry best offer n products are good quality,5,2026-09-06 22:22:46
11df537c-0862-4fcd-8b49-0bfd5c8f68ed,this app is genuinely great 💯👍,5,2026-09-06 22:21:42
1a357908-ff1b-4592-8b2a-b35f1611be65,"worse customer care ever. i ordered a shirt, but shirt was too loose,so i decide to exchange to different size on same day. the new sized product was shipped and on app it showed that it reached the nearest hub, but delivery was delayed and today they canceled exchange.now i cant even return or exchange because app shows return period is over and is left with a oversized shirt.exchange is scam,never do it,cause they will cancel exchange after some day, by that time return period is over. worse!",1,2026-09-06 22:19:29
5e201eec-6276-45a5-9f06-2c12417b84c6,nice 👍 product 😃 any item,5,2026-09-06 22:18:31
840dfaf6-c4d9-48d1-9706-23ad17432960,"worst shopping app ever. ordered 8 pairs of footwear. 3 of them were of other color from which I ordered , 2 smelled like fungus . the customer care is horrible. ordered a faux leather jacket , got it with white moulds . the exchange was a big headache. the shopping is below average. hate it. I had ordered these items because I was travelling for studies abroad. ended up taking nothing from this app. horrible. I wish there was a -5 star",1,2026-09-06 22:18:05
b86e5ed0-5d47-4041-911e-6778eafa1e09,nice product and nice clothes im very happy that,5,2026-09-06 22:16:57
eb057837-b64b-4e52-8f0d-5ad2527772dd,very good app with a wide variety of products. Easy to use and reliable..!,5,2026-09-06 22:16:12
1764bdb3-6fae-4a56-8863-3862373d984c,good,5,2026-09-06 22:15:44
906c50ab-00eb-4f5b-bd09-6642f0a57f2d,good product and good service,5,2026-09-06 22:15:12
9ea8c17b-a05b-4f16-bfbe-948c5e7a8bfd,product quality and service top notch vera level pa guys ✨️✨️👍🏼👍🏼👍🏼,5,2026-09-06 22:12:03
ce133730-b57d-4db0-8ebc-3577ba2add3a,nice,5,2026-09-06 22:10:31
16e4ac50-5ae5-4ca2-85b1-4681a752e88b,very good aap,5,2026-09-06 22:10:25
5c61f95f-2250-45ea-b5ca-f84bd34d0116,bohot hi acha kapad hai,4,2026-09-06 22:09:58
a38f020d-664b-4ee6-99fd-502ee8dd5aa4,nice,5,2026-09-06 22:09:55
d758ca10-12dc-4cd4-9473-c0aca4b8d918,items took time but the quality packaging was good,5,2026-09-06 22:09:51
6e696ae6-3c0f-442f-8fd3-54ebbf1ab7e7,"amazing plateform,amazing products",5,2026-09-06 22:08:05
3af0c239-4629-40af-8787-d0835ce4a539,Nice 👍🙂🙂👍,5,2026-09-06 22:07:53
faebe2cc-50f5-4bb2-b758-e240fe141d54,good,5,2026-09-06 22:07:28
8e2e3466-eb3a-43b9-b68b-1136348dcfa7,"amazing experience ,one of the best apps",5,2026-09-06 22:05:21
96ca5c89-50f0-49e0-b781-0b46f8ad27ec,"Myntra has a beautiful and unique collection of clothes, accessories and everything you need to style yourself differently. The best online shopping app. I just love Myntra.",5,2026-09-06 22:04:13
fc1579a5-f1c6-42ac-acdd-9fb9918d2cc2,best product available but delivery many times is very late,4,2026-09-06 22:03:30
7712f53b-42b7-4625-adad-ccbd9cd83653,good 👍,5,2026-09-06 21:57:21
97772fd9-2d01-486b-bb0e-faac6835d1ce,good product,5,2026-09-06 21:56:22
9afa77ec-add0-4642-8968-a8c890242105,dear myntra I'm really disappointed in ur service I order one comfortable chappal around 300 it's should be come Tommorow but it's hasn't shipped till now I'm really disappointed please do something,1,2026-09-06 21:54:46
f2ac5ef9-b65e-4508-b3f8-fb18b0e30133,very good app for fashion,5,2026-09-06 21:50:51
00623a3c-8214-4c4e-aa6a-373c5791f10d,Verry bad,1,2026-09-06 21:50:50
19dcbdd4-7e39-4f4a-b253-9f4d1436ca59,😡😡😡😡,1,2026-09-06 21:50:35
9eb31a20-5d02-4bcd-8a88-b0575dd05cce,best products,5,2026-09-06 21:48:56
0c12e48a-148f-44e6-be23-ccec6695dfb1,myntra had good quality products but it's expensive a little bit,4,2026-09-06 21:48:46
87609173-0e1b-4cdc-981b-cb776d8bf36f,good product,4,2026-09-06 21:43:58
030c642d-07e9-4ac6-b61e-ae771fdaf161,iiijk,5,2026-09-06 21:41:20
0c134cfe-6ffa-468d-8429-cbfbba1b7cf8,good,5,2026-09-06 21:39:50
619a71af-84bb-41bf-ad32-a8df615bc262,good products,5,2026-09-06 21:33:31
28fd1c99-c4e3-4fad-8112-4e7a682a2179,this app is a mind-blowing. and let's shopping,5,2026-09-06 21:30:45
e9241630-37ab-4e76-ab81-bb2b7bb2c64b,"“Myntra, respectfully… this wasn’t a purchase, it was a personality upgrade 😭💅🏻 The outfit ate so hard my wallet had to file a complaint. 💀✨”",5,2026-09-06 21:27:51
1bb13637-dc2d-45de-945c-01522a80319e,good,5,2026-09-06 21:27:25
0d4c7aea-17cd-4b97-b5eb-2cb2c3c86677,good products with affordable prices to buy,4,2026-09-06 21:27:16
c6de3f04-5415-4663-a034-73cea344effc,good product,5,2026-09-06 21:26:11
29e18a2d-d420-430a-8684-288dd0eaa3c9,good 👍,5,2026-09-06 21:24:30
28ef7582-cc85-404b-a1c1-bda7d8b557f0,This app is amazing and I found it very good and the products are also in good quality .,5,2026-09-06 21:23:52
cf8ba296-12f2-4f84-ac5b-139f4d6e06f9,nice product.,5,2026-09-06 21:20:54
814e3e6d-d6ca-416e-a8f6-121573dc76f0,greatful app,5,2026-09-06 21:13:42
9d06508e-9946-45e3-96d2-e4c7ef95af06,good,5,2026-09-06 21:10:38
8e2d61e7-1373-4199-b32d-8c685b8ca49b,Good app,4,2026-09-06 21:06:55
0f96bd16-5848-4e72-aa23-4e4a95113dac,Good experience and get great deals,5,2026-09-06 21:01:21
3ec91dcb-1152-4ae3-bf6a-b1df9338bdd6,good,5,2026-09-06 21:00:42
5cb24ce6-f3b1-4f9a-94d8-c1868f2a8aec,good app,5,2026-09-06 20:58:50
1ebf50c6-8e7b-4b53-9120-4a07b68864cd,Myntra is a very good platform for online purchasing of cloths. Recommended,5,2026-09-06 20:50:37
240d604d-c879-4ebf-a81a-1735cc9817f8,Nice to meet you,5,2026-09-06 20:50:34
c43e2669-131d-4580-97c3-91957f91092e,the app is too good,5,2026-09-06 20:49:34
236d3352-b76f-4e3f-9c6d-6a923c621be4,NICE PRODUCT,5,2026-09-06 20:48:04
53b49581-45f5-4183-92cb-df54ebfc4dd5,this is one of best clothing and other product shopping platform. It offers versatile products at good cost.,5,2026-09-06 20:46:53
4710dc52-53ef-4efd-97cf-024f9423d8b4,good quality 😍,5,2026-09-06 20:46:49
d5d6d06c-171b-43d4-906e-900b1ab07eec,"It did not provide any help connecting with a real human agent, rather provided an automated bot who kept repeating the same thing and did not help me in anyway",1,2026-09-06 20:45:05
dd962a74-f4ec-425f-af79-0882f481100a,"best offers , best interface.absolutely adoorreee it",5,2026-09-06 20:43:03
40dc0ddf-40cb-4622-a37b-0cf7ff4bd85e,best dealing aap,5,2026-09-06 20:37:43
4a839ebe-5ead-4778-8a04-420e04a2d255,Very good app for all the products,5,2026-09-06 20:37:30
a9b283d1-d853-4dfc-b083-e8958fc57756,Best quality product,5,2026-09-06 20:36:34
15159077-14c2-4f30-a25d-51dfe0b6fff9,very nice and useful app.... genuine brands and top quality...✨,5,2026-09-06 20:30:17
ffdc08ca-8409-44ed-ad3d-6384709812c6,"This app is the best shopping app I have ever seen , The quality of the products are excellent , it never disappoints you and you find everything in this app 👍🏻",5,2026-09-06 20:30:04
b84493d4-10a3-4b21-8b9c-c80b64664d37,"Honestly, I don’t know if I’m the only one facing this issue, but my experience with this platform has been extremely disappointing. I have ordered multiple products, and time and again, I’ve received either used or damaged items. I really don’t understand why this keeps happening. What frustrates me the most is that this isn’t a one-time issue. Does anyone actually check the products before sending them to customers? Especially when a product is returned or received back from a supplier, QC?",1,2026-09-06 20:29:03
ca904369-e806-47e2-a520-5ea14b1b36ec,nice product,5,2026-09-06 20:27:48
c4b14515-bc57-485b-a04b-e036cb6d990a,best,5,2026-09-06 20:26:25
4368741b-2e64-4b83-af5f-2be2ff67efb9,very nice app,5,2026-09-06 20:23:48
054aab06-b043-4ee5-bb63-4e80ae2d0414,buying on Myntra is such an amazing experience . just go and do the experiences of fashion.,5,2026-09-06 20:22:10
6baec819-e072-4949-986c-eb7cc598f212,best app for clothing,5,2026-09-06 20:20:47
a03c2e63-3c33-4c6e-8e64-608d126b520b,Nice experience. The quality of the fabric is excellent. I personally recoment to purchase this product from Myntra.,5,2026-09-06 20:18:50
ce13a33b-90c4-43d1-9117-9430f161e404,good,4,2026-09-06 20:18:36
02f986bf-96e1-41b7-8d09-d6faa0e3a340,got wrong size and exchanged the shoes.. after 1 week my account is blocked saying too many exchanges.. I'm quite disappointed and surprised for 1 exchange u blocked.. no worries there is so many shoping platforms.. madichi petko ni app ni...,1,2026-09-06 20:12:55
7af29af7-bb80-4aa6-a82e-cef10b04087a,amazing product branded products at low cost love it,5,2026-09-06 20:07:00
f9238de6-5559-489c-a680-638c4fc99f8d,very good experience,5,2026-09-06 20:05:54
567c646f-e5e2-4b03-8390-7c8b2df2be98,okeis,5,2026-09-06 20:03:23
513c55b0-4b81-4f2d-9df8-fcda49b6151a,best shopping app,5,2026-09-06 20:03:18
bcd7b494-6fd8-4690-80d9-b96a8446705a,good,5,2026-09-06 19:54:59
281c0f9a-f180-47c0-a0fa-e0f3843c280d,good,5,2026-09-06 19:52:57
5afe1f00-69e7-46d3-ae44-1c89bafd4b9a,all quality is best,5,2026-09-06 19:51:25
bf37a168-a504-4ee7-81a2-7dce745b7228,fast delivery,5,2026-09-06 19:51:20
4117d411-9763-4fe3-94d7-d9bf17d0d97d,i like it 👌 and i love ❤️ it app 💫 I'm very happy 😊 for myntra app ☺️,5,2026-09-06 19:51:12
5071a741-f794-4766-af2a-34b9c76fd400,"it was great ,I got my product the next day i ordered",4,2026-09-06 19:50:42
f98e9728-d64c-419a-adc0-58b7d1f51c9d,🌹,5,2026-09-06 19:50:27
7060143d-76bc-46a5-bef2-82b7c3cd6d03,good product,5,2026-09-06 19:44:07
6dd7a048-334d-4099-b1d4-c89809371e8a,Myntra is a trusted site,5,2026-09-06 19:43:23
db2d987d-896b-4e73-bc7d-185569d625d8,"Myntra has always been the best shopping experience for me! Every product is of great quality, and I get amazing coupons and discounts with almost every order, making shopping even more rewarding. Truly the best shopping app.",5,2026-09-06 19:43:11
3b3186ae-ea35-4416-85df-1e796a9cf0ef,tooo Goood appo for real must download,5,2026-09-06 19:40:41
c0572d8b-a3eb-4dc4-ac22-7ec62d205318,excellent app,5,2026-09-06 19:39:48
a3f056f5-8365-4cbb-b385-ca52df9b51ba,Nice products with affordable prices,5,2026-09-06 19:38:35
3001db3d-cb47-4597-96a0-c9c68f3f09fc,nice 👍,3,2026-09-06 19:38:06
844487a7-113f-4435-96b6-8561d6b9e2fd,nice,5,2026-09-06 19:35:42
22779674-d6e0-4767-bdc1-7d1f79214bb9,quality is so good,5,2026-09-06 19:35:27
8ae0919a-ffd6-4850-bd36-109981f02e62,good app,5,2026-09-06 19:33:36
51d39de1-802e-4b4d-b0f8-12101bd30a35,good app to use,4,2026-09-06 19:33:30
6e523231-0a89-4ed6-8f12-bd4c1ee434d8,23 rs platform charge on all products?!😂 what the,1,2026-09-06 19:31:35
b0cb1bde-e4ca-41fe-b306-e693f5710ed4,good product at affordable price,5,2026-09-06 19:29:20
42efe652-b6bf-40f8-8eeb-69246ecf3b14,good 👍,5,2026-09-06 19:25:27
0f7fad76-99af-44fa-9c3e-00a4539f2242,I like this app its good,5,2026-09-06 19:25:18
cb74fe53-d56c-427b-8c89-42a2101b229f,nice shoping app,5,2026-09-06 19:24:42
3727a3c8-d130-4a22-902c-212c81fa8a1c,"even if internet is properly available this app or it's website does work well. Just everything goes smoothly but cart visiting and try to place order seems impossible! Really feels I'm trying to place my order without internet even having internet. Also, myntra's help center is useless for me most of the time and product's colors shown is always different than received, that specific shade is not written.",1,2026-09-06 19:22:53
c79f64aa-289b-4bfb-9303-3f471c283c5d,very good,5,2026-09-06 19:21:07
7fe2fc09-13ee-4725-a0b0-bdd1efca53df,i loved it,5,2026-09-06 19:19:07
d6107570-b4fa-4b6b-a311-2c18d78e38c6,great app for fashion,5,2026-09-06 19:16:52
8c502e29-bd69-497b-b0b6-473c8c0e2ac9,good.,5,2026-09-06 19:13:18
323a22e9-99e8-4feb-8128-c6d7f0a22c4e,I'm very happy 😊,5,2026-09-06 19:11:18
3855c0f6-7467-4203-b90c-6bb7e84d2d1c,Thank you Myntra. Application is awesome 😎👍,5,2026-09-06 19:09:07
40724bf9-12c3-4907-8bda-6ba131843c22,excellent app,5,2026-09-06 19:06:26
1a1c618f-c1d5-468d-8bac-47530eb22b33,I have been using Myntra last 2 years. Amazing experience,5,2026-09-06 19:04:17
6e104289-2037-4548-9f32-4df68b34d2ae,🥰👍,5,2026-09-06 19:01:42
9b5f0469-1dad-4072-a53c-174f3bf8fddd,good,1,2026-09-06 19:00:50
0ed79a9a-bca8-4b43-aa6c-6fd4102da6d9,wonderful app for shopping,5,2026-09-06 18:58:08
09b19a59-c661-4909-a7f8-8f7633abd225,best online shopping app,5,2026-09-06 18:53:12
9b643648-1b0a-4a1c-b199-1b0674041d61,good app for shopping,5,2026-09-06 18:52:50
d20d7e7a-387c-4a47-8a6f-a11f5f6898a5,super,5,2026-09-06 18:51:36
4cc158e9-346a-41a4-b6d7-dd9229ac5bd8,very genuine and trustworthy app and the clothes I brought from it was worth the money.,5,2026-09-06 18:49:16
d4ff9d25-a955-409b-ade1-7e22bf0845b7,good products 😄 👍🏻,5,2026-09-06 18:47:54
8a08c43b-50e7-4369-a46e-386b69d22fe6,I am fully satisfied with all products which I bought from myntra.......and the only platform who gives you rewards for your feedback...i love myntra plateform for online shopping..I am so so so happy 😌😁,5,2026-09-06 18:47:35
7d6b2ad4-3486-4fac-b1c5-72458f0078ab,"lovely app, but we need to make right choices,good cancellation facility,fast refund",5,2026-09-06 18:47:29
4a81016b-4333-451e-80e5-cda41568601e,amazing 😍,5,2026-09-06 18:44:03
24ec5e98-1874-4b62-bdf6-31f10245b5aa,very good,5,2026-09-06 18:42:31
e101532b-947e-44ba-ad0a-fba79b55f2e6,super,5,2026-09-06 18:42:16
106137d0-a06c-447f-84aa-65a2f98878e2,nice,5,2026-09-06 18:40:48
e18416d0-b740-4895-aa7e-0dc0d9d76edf,nice,5,2026-09-06 18:40:19
726b061a-4d18-4b32-8c7d-9a5ff11b1b68,original product,5,2026-09-06 18:38:16
ebce3518-3807-4173-9b7f-4bad00592349,"the agents don't try to resolve issues. They only says that issue will resolved in 48 hours but its been more than a week, and now they don't even respond. I ordered two rakhi for my brother who lived away from me. he got a mssg of out for delivery, then I saw delivered status on my order. but when I asked my brother to call delivery agent, he told that there is no such parcel with him. from that incident I seek help from helpline agent,they keep promising to solve the issue but didn't solve any",1,2026-09-06 18:37:44
e47b7599-fdb8-4623-a401-78e3542642f3,super,5,2026-09-06 18:37:36
e6fc2e7b-05c8-4f3c-93b1-24fba7774ac5,good 😊😊😊,5,2026-09-06 18:34:43
6f8741bd-c9ce-465c-8a59-9731973fd7c9,bahut accha drees diya,5,2026-09-06 18:32:26
fa63a441-a6b4-45a4-8330-99d8b5b0ac4e,Best appp,5,2026-09-06 18:22:17
c1d28c5e-0c24-4573-9b2e-66b7ac59fbaa,worst app.. site ever.... didn't give the loop tag on my item and... hence on exchange didn't hand over my exchange item.... and also not receiving calls... and not giving refund... worst... app.... never gonna order this.... FRAUD APP.. 😡😡😡😡😡😡,1,2026-09-06 18:21:31
2b1b6593-d79a-49df-bf91-632016403462,excellent,5,2026-09-06 18:20:54
3c87f9ce-9353-44ae-a7fd-515ba9ecc285,Nice product brand availablity,5,2026-09-06 18:18:01
36e7e56b-62f1-4960-8893-0ccfcf15dd98,fast app,5,2026-09-06 18:17:27
57448a38-76ac-47cf-8381-3df0f905176a,Great App with lots of collections,5,2026-09-06 18:16:37
7bb4717a-909e-419f-9f08-1fe62bc83142,Nice,5,2026-09-06 18:09:16
eabd3e68-543b-4ee8-bd74-d329986c6599,Bad App UI. sluggish and always show unwanted pop-ups.,1,2026-09-06 18:09:09
f5018435-2f54-43d9-9d11-2e2754578779,good,5,2026-09-06 18:08:08
2fe3e4e5-8352-490e-9861-deffb022f5d9,chuttiye sale product to deliver hote nhi location pr,1,2026-09-06 18:03:32
5ee0e23d-2bfd-425e-966b-adc450f6822e,good brands and products quality is also good...,5,2026-09-06 17:55:28
55697fb4-c28c-46c3-872b-9d939d248d96,best app.....,5,2026-09-06 17:55:04
a2f657aa-ff9f-4118-a0a4-80547ee77c11,very good,5,2026-09-06 17:51:41
18a1415a-ce5e-4ce7-816d-4235998fca11,best feature myncash,2,2026-09-06 17:51:16
fb83a107-10cd-4a5f-83f0-ff65b73e31cd,GOOD,3,2026-09-06 17:50:16
e1d8240f-d0c0-423a-a3c0-2c4410a8a25c,so much fun to order on this app and I am so loving in this and love you Myntra just love ❤️❤️❤️ I am so happy and glad to to download Myntra and now I am just loving it,5,2026-09-06 17:49:59
73417093-32d6-4481-8b01-c19a32b2cdf6,this is very amazing app and product is very nice i love it,5,2026-09-06 17:48:00
5ff01fef-9fe8-47bc-878c-9a40560fb58d,Great experience,5,2026-09-06 17:45:05
79c9e1c4-00b5-4b41-8ab9-3ec346b4d420,good product,4,2026-09-06 17:43:23
9f03cb99-ec0a-4882-bd88-94c0f6cc3f7c,fantastic,5,2026-09-06 17:42:24
74e345af-4461-491f-bb5f-b1f57b914202,fast delivery original product,5,2026-09-06 17:28:05
94da001b-bc57-497f-bdb0-1363b22d2397,love the way that I got my deliveries on time and hassle free returns or exchanges,5,2026-09-06 17:26:48
d0fa242b-c568-4de4-a7de-1cf4d2acbcfb,best delivery experience,5,2026-09-06 17:23:52
0b83b692-a515-4b65-a901-f0f7fad990e4,superb product,5,2026-09-06 17:22:52
7e9c18bd-952a-42c0-b3f1-920be089abce,good,5,2026-09-06 17:18:24
5fefcd53-d97a-4e06-aab1-5dd3b4fb0528,good shopping experience,5,2026-09-06 17:17:30
0a785542-c147-4f09-98e1-1341b112fcae,"“Worst experience with Myntra! My order was returned, but ₹841 refund is still not received even though Myntra shows it as credited. I checked my bank/UPI and the money is not there. There is no proper customer support or response. Myntra, please provide the refund reference/UTR and return my ₹841 immediately. Very disappointing service!”",1,2026-09-06 17:17:04
43d86cd1-3a47-4861-90fd-264b685ea546,very good,5,2026-09-06 17:16:13
d18312db-9bc2-4df6-9ff5-58d431916b7b,great,5,2026-09-06 17:15:25
a4566862-cfee-4b24-bc3e-b139503a7c0b,very good products,5,2026-09-06 17:15:06
d8699af0-aafc-492f-a1e9-3b0dcf87e66c,Good,4,2026-09-06 17:14:46
fe4450db-c0b0-4c39-ae10-69fc3d8dbbd1,good,5,2026-09-06 17:13:54
c2372088-e49e-4e60-bb91-0dd535cbe33f,myntra is so good 😊,5,2026-09-06 17:12:14
58cefe54-5676-4b6f-8702-ecc4dd410080,👍,3,2026-09-06 17:10:54
de394427-700e-4e9e-9c7e-86ec8bcbf293,nice,5,2026-09-06 17:10:22
0aff2e61-91ff-4fa9-846d-36ade371d2a4,best,5,2026-09-06 17:10:06
381f0522-205d-4fc7-9208-338dd5559923,good,4,2026-09-06 17:09:58
7a4deb3b-67e7-4614-9a6c-7c9529b6d6dd,great platform. Don't have to worry about authenticity.,5,2026-09-06 17:06:12
d84291b2-867f-4c9c-8a35-1e13fb753275,looks good,5,2026-09-06 17:04:04
8faa4b90-1a37-437c-814f-501e149e107b,very good app experience,5,2026-09-06 17:02:42
6bb9b97c-c735-4f0b-816d-2b8615aa55c2,good app for branded shoppings,5,2026-09-06 16:57:29
f436478b-087f-4165-8a8e-9eb3dc64490c,excellent po,5,2026-09-06 16:56:05
176f64c9-b658-4aaa-9c2d-ce0bbfe9946b,nice,5,2026-09-06 16:52:30
7f6266e5-cfe4-4d04-b42c-2f02aee589d7,nice,4,2026-09-06 16:50:24
ea2dc910-aa98-47e4-ad9e-f86c12e88f37,Nice,5,2026-09-06 16:49:09
e2a36629-3d59-4a20-bcac-2c27ad8b6c98,I can't open my account on myntra,1,2026-09-06 16:48:42
0e174d82-9c2b-4a3c-830c-445ed50432b8,Trendy style and best quality ❤️,5,2026-09-06 16:47:43
8cd417e0-2f72-45bb-9150-5e7647a27f84,my shoes are coming very late,4,2026-09-06 16:47:03
a3c657df-f7bf-454f-b8d3-4940a3c2eaee,good app,5,2026-09-06 16:46:15
2b3fbd3d-df01-4add-9bac-0549f9967a4b,best app for clothing for festivals and others also,5,2026-09-06 16:44:58
b84024f8-bf0b-4056-8437-144c9d6d01e2,very good app,5,2026-09-06 16:44:05
41acd00a-f9df-4c7a-b5cf-130ed23cf924,nice,5,2026-09-06 16:43:44
24a63150-a5d1-40ac-8ee1-719954b5ee78,very good,5,2026-09-06 16:43:38
b006f3ec-a69d-4cce-8f67-5dd6ad64bedc,excellent service and experience,5,2026-09-06 16:42:41
e6e6030c-d463-480c-a5ea-04bb95b7abe7,nice,5,2026-09-06 16:38:53
d4837734-26a6-406d-9157-847b397d186d,saree was too good,5,2026-09-06 16:38:45
0d4232eb-3618-4f7b-b4a9-791703ee189c,ek number,5,2026-09-06 16:35:05
ad31a5fb-de41-4c33-88ec-12e16190fd82,Great Experience 😃,5,2026-09-06 16:32:04
2e41f87f-2f55-4f7f-8fc5-6002a86f212c,superb high quality product's,4,2026-09-06 16:29:34
3539531e-02b5-4d2f-ab73-74503ec887c5,original product only one myntra. shoo size chart sometimes misleading.. best place 4 fragrances/perfumes.,5,2026-09-06 16:29:10
97d99346-722e-419f-9e0a-5cf6375d0f93,it was comfortable 😆🥪👍👍🎉🎉🎉🎉🎆🎆🎆🎆🎆🎆,5,2026-09-06 16:28:49
98e0183b-b527-4ac0-a34f-b3dcd21fd03d,"nice clothes,worth it",5,2026-09-06 16:26:03
704002c7-4bda-4f2b-9ca2-aa867c5a7868,nice product,5,2026-09-06 16:21:18
e0996c34-7757-4621-96e2-e46696fd2659,super,5,2026-09-06 16:21:10
2bceb8ce-c748-4242-a7e5-19d4863120c1,Best app,5,2026-09-06 16:20:04
cc3cb3be-c23b-4375-ab3e-06ced60ea18a,Good 👍,5,2026-09-06 16:17:00
1e0ee2ad-b0f4-4586-8e9f-9fa8c9132dab,good,5,2026-09-06 16:13:39
026de72e-fcab-4743-a19c-fcf7a95e3566,best product best sarvice,5,2026-09-06 16:12:43
c3f524af-ffc7-4174-ac3c-a921e0588537,very nice,5,2026-09-06 16:12:30
6521ae6c-b850-4609-9d53-7f2e9db7644c,Nice,5,2026-09-06 16:12:12
4bb0dfdf-69d3-4cf4-ae4c-b7ca544df1c1,good quality,5,2026-09-06 16:12:08
5f421aca-3aaa-4838-aed2-517ab35f0266,excellent,5,2026-09-06 16:11:54
5bcd64a5-5eb6-4082-bc8b-d14ff86b5b13,nice experience products are all genuine and good exchange policy,5,2026-09-06 16:08:40
92467191-8870-44dd-9a55-4a3d33009583,good,5,2026-09-06 16:06:38
97e26db5-31bb-4736-9353-b03cd76bed79,good,5,2026-09-06 16:04:57
fc0b8d47-d358-4a82-af75-186b916d3c2a,very good 👍,5,2026-09-06 16:04:30
f6834123-c80c-4cd6-8263-7565fd8283f2,absolute best app for shopping product quality is good best customer service I love,5,2026-09-06 16:04:16
3d5b20e8-f782-47e6-9904-042053859eee,very helpful app I am satisfied this app,5,2026-09-06 16:03:58
324ec631-a792-4d90-aff3-fb20ff6ae0f2,nice app,5,2026-09-06 16:03:10
dcfaa8c6-084c-4e64-8997-c1842f123d34,nice product,5,2026-09-06 16:01:48
33d079bc-9e7d-4e2e-8e5c-ae7933559d96,Quality of product and service of myntra is awesome,5,2026-09-06 16:01:38
07a68989-07e3-4206-bf15-33add1cb9985,app is good and products are reliable,5,2026-09-06 15:58:37
9e49f19d-752f-436d-ad66-ede343f011c0,m totally satisfied with myntra. thankyou myntra,5,2026-09-06 15:57:27
2678c7ff-48ce-4d10-80c9-69abf3609313,feature of exchange I just loved 🫶we can totally exchange product if we not like and I got Myntra cash many times so product made budget friendly,5,2026-09-06 15:52:00
289ec905-052f-428b-abb8-892970b76323,its best app fast and responsive,5,2026-09-06 15:51:15
651d7347-19bb-4495-b410-e66d9bd5f093,best app for shopping fashion products,5,2026-09-06 15:49:19
335cb7ea-5a07-45e8-a448-9da983ecb975,good brand products,4,2026-09-06 15:40:28
509c633c-884d-4b7b-b1f5-a98665f1d80a,super,5,2026-09-06 15:39:02
65a946e9-96ba-4fe7-87fb-03fbfb548471,amazinggg,5,2026-09-06 15:38:24
bfd1ee18-dc2d-4753-bbb1-923a60a0cf49,very good and premium,5,2026-09-06 15:37:22
608da45f-0db9-43b2-b1b9-5e696cdc75b3,Amazing Shopping experience everytime,5,2026-09-06 15:36:32
9d3f0e03-6417-406b-898b-661ac2e16584,💝,5,2026-09-06 15:36:28
46bf77d2-e633-4ba3-99dd-28d9b78305d2,I didn't get any refund I've complained many times but still there is no solution what the hell is this,1,2026-09-06 15:34:28
0827aee3-9cc3-466d-8e86-776f9199a896,good product with affordable price,5,2026-09-06 15:34:05
ecce2fe1-75fb-4f74-a5f6-c31249b5f3ad,"Myntra is really good, I have always received really good quality products, with timely and safe delivery.",5,2026-09-06 15:33:58
b7e12c09-1057-4b73-b950-7c750d8eae38,best qwality,5,2026-09-06 15:32:04
cda3395e-d8bb-43d4-9b9e-9d9ccce4194d,The app is awesome and the packaging they are giving are phenomenon and I loved the customer service of it.,5,2026-09-06 15:30:49
fdf7f9b0-9c0e-4277-8d50-87ae8384f88a,best quality and reasonable price by myntra,5,2026-09-06 15:30:21
9c4e4aee-de97-4a1a-9aec-9ea5f479ff07,awesome app,5,2026-09-06 15:29:30
b7cdb8bc-1fbc-4675-98e8-0bf4cdd97f40,good quality product ease of buying and offers are exciting always,5,2026-09-06 15:28:16
a5136197-4d46-46aa-a18c-758a8ee3cbc9,very nice,5,2026-09-06 15:27:33
f3113aec-be53-4d06-97b8-ea545c5a9680,love u myntra,5,2026-09-06 15:25:59
1ea3c638-abc1-44c1-a230-2a45a3b4ebb6,"very nice app, service, products",5,2026-09-06 15:22:56
f3975f36-39ff-4970-b1ce-cf2d64a0b90b,This is the best app i have ever used for online shopping Their service is so smooth and always on time.... Thanks Myntra!,5,2026-09-06 15:22:51
d92888b4-46a4-4239-82f8-2b2dabf70fee,wow this is very nice app,5,2026-09-06 15:21:44
1b45d62f-249a-4806-ac1f-6edae124093c,great,5,2026-09-06 15:20:30
ba3e37e2-d4d6-4794-9e63-eb6b01bd3d53,nice app,5,2026-09-06 15:16:41
b85dba14-5c23-48cb-a939-5b2a904b79ef,very good product,5,2026-09-06 15:15:30
1f051d65-0693-4a3c-9949-be66baf99798,best app for online shopping,5,2026-09-06 15:14:35
02e34dbe-61a8-48f6-b015-90b7301265fa,amazing app,5,2026-09-06 15:12:21
905ce0bd-74f3-4171-be85-d7b11aea9460,"I haven't received the refund for my cancelled order, even though it has been a month.""",1,2026-09-06 15:11:05
a3ad2ffd-c13f-48e0-b7d3-3ffb078a2fd3,good quality products and trendy design,5,2026-09-06 15:10:17
97ca0585-370a-4337-b427-16920df86f5b,very nice,5,2026-09-06 15:09:43
d1af95e1-6553-42e5-8546-a1e9ca3e616b,best quality products mostly satisfied #myntra perfect,5,2026-09-06 15:08:09
c6f6ff28-f544-434f-8d1e-536434997031,very easy to search.,5,2026-09-06 15:03:24
0de63e1d-0d4a-4b11-9c10-f86c9ae628d4,nyc app,5,2026-09-06 15:03:08
cdd7b034-1919-435a-bae2-83c3e38db59e,nice,4,2026-09-06 15:02:53
6ab84d2d-87f2-4784-9858-23b803f1cebf,very good app and excellent branded quality clothes are available,5,2026-09-06 15:01:15
18ab7d2b-70b2-482c-8840-88c83acd7b38,good 👍,5,2026-09-06 14:59:52
119673eb-61d2-4059-8df2-fe5fbff0d425,good,5,2026-09-06 14:58:26
d9d33a76-4645-401a-8201-104c818dfcf5,"Highly disappointed with Myntra. A pickup agent previously forced me to select ""Wrong Product Delivered"" to accept a shoe return because of the brand name mismatch.Later, when returning an ill-fitting sweater, I used the same reason following their staff's logic. Now Myntra has put my return on hold! I am being penalized for following instructions given by Myntra's own delivery staff. I feel completely scammed and my money is stuck.",1,2026-09-06 14:58:05
7fb689c4-c9b6-475b-8475-db492980c93f,super experience,5,2026-09-06 14:55:32
00bf3e2e-d697-4cb3-a401-af02c04367cd,amazing,5,2026-09-06 14:54:43
872a15a9-1670-4862-92a9-a79ad0c1433d,Nice app with best deals and prices,5,2026-09-06 14:50:01
917c8667-31f1-4336-a6cd-7835018d6700,love the products,5,2026-09-06 14:49:22
d320223a-9211-448e-9c31-ee2bf5fba0ee,good,5,2026-09-06 14:46:47
259fff1a-3084-4eeb-8772-ea3a0dcf5163,best shopping app for fashion and comfort also it's service are really good nd fast keep it upp,4,2026-09-06 14:45:32
1504aa37-6331-4f5e-980f-5c4c922027e8,nice app satisfied 😀,5,2026-09-06 14:45:28
5ce5fc61-e211-4522-8f83-56b26e9a3aa3,nice app,5,2026-09-06 14:45:24
a9f5e240-779b-4690-a39d-47ff4a3fa15c,great!,5,2026-09-06 14:45:01
c3ebd836-6bc2-4233-aab4-d0268e73de47,best shopping app,5,2026-09-06 14:43:05
6568e3dd-a8a6-4126-8208-5f459108a4db,i ordered watch and they are not able to deliver by promise date and now am trying to connect with the customer support but there bots are telling me again and again that our agent are busy on another call from last 5 hour's what is this service totally your wasting my time so disappointed it's horrible at list connect me the call shiti service,1,2026-09-06 14:42:06
ec3dc34c-a623-43f0-ae2e-d45dec56d68e,beautiful,5,2026-09-06 14:40:31
bb5360e6-23aa-4433-bc25-2e9990b8eaa6,good experience,5,2026-09-06 14:40:17
c51b1c18-372c-416d-8024-456ec68e61ba,myntra is the best fashion shopping app .,5,2026-09-06 14:40:16
4cecfb58-dcb1-4bcc-aced-dfe5fdcc41bc,super dresses,5,2026-09-06 14:38:56
39927148-104d-44ed-bc98-4b2470d698a7,very good,5,2026-09-06 14:33:26
e99414ff-6ada-45b2-8ec3-db946464560f,vary nice,5,2026-09-06 14:32:23
c6446117-3791-4a96-bb87-15249228fcd2,good product reasonable rate,5,2026-09-06 14:31:02
8eefc62d-3f64-4300-8802-d9cabfda79f6,Amazing shopping experience on Myntra! The overall experience was really good. The product quality is excellent. It looks exactly as shown in the pictures. The material feels premium and comfortable. The fitting is also very good. The product arrived in perfect condition. The packaging was neat and secure. Delivery was quick and hassle-free. The product was delivered on time. I really liked the design and appearance. The quality is definitely worth the price.,5,2026-09-06 14:28:34
c7bd4eb8-ea59-426d-ab4b-27fa675eaf29,nice,2,2026-09-06 14:28:28
2507143b-7f2b-4137-a565-5e15e2d087cb,❤️,5,2026-09-06 14:27:14
b2ec3633-155d-4d43-bc17-6a1135fe1cc1,very bad experience. poor customer services support.poor return policy.they never gonna help you for returning your refund and return your product.,1,2026-09-06 14:24:19
e8036312-d6c2-4e81-a320-9036e6415e81,quality products,5,2026-09-06 14:22:44
ffa9bd1f-e4fe-4d2a-a116-537bc77b6649,wonderful half shirt,5,2026-09-06 14:19:25
8cb59054-c553-4f13-9db2-753ba0235bec,nice product,5,2026-09-06 14:18:05
f1a7648b-c07c-44f9-b01c-05fd4e204e20,this are best app and branded clothes,5,2026-09-06 14:17:01
ec296564-884c-4c68-a6d6-bc64902f4861,very good,5,2026-09-06 14:16:22
528c2f8d-5ae6-4456-a44d-f62f3ccd9468,better than flipkart n amazon,4,2026-09-06 14:14:16
8569e696-08cc-4c3c-bb22-5f0d8aade79c,Very good site,5,2026-09-06 14:13:29
b6c1afc1-73de-4eca-95d1-e8634838a560,"“Great shopping experience with a wide variety of products, good quality, attractive offers and rewarding benefits. The app is easy to use and makes shopping convenient. Overall, I’m very satisfied with Myntra!” ❤️",5,2026-09-06 14:12:35
cf3eaf35-718d-4d10-9c0b-0e3984922cd6,mast,5,2026-09-06 14:12:04
f13db616-4323-45ef-a052-5011c8325789,prices are reasonable with good quality with widest range of all commodities available .very handy and quality is very considerative with a lot of offers🥰,4,2026-09-06 14:11:32
ac6822d3-4196-4996-8e2b-8d805f8205e3,Best,5,2026-09-06 14:10:48
4cd82a23-0f95-401e-9490-ff4364bd1141,awesome,5,2026-09-06 14:10:04
828289ef-4fdf-4235-a626-b49d6e916493,nice app,5,2026-09-06 14:05:07
1073ed98-2f9f-436a-a0d3-e58411fd22df,super,5,2026-09-06 14:02:46
8d63ac2c-47d5-4a58-883e-9919f62f5957,great stuffs,5,2026-09-06 13:59:08
b98e4b5d-bffd-49ed-8829-c0c09e80e72d,good service 💯,5,2026-09-06 13:55:08
f88e6eab-7925-4914-ac58-187fa00472b6,very very good,5,2026-09-06 13:52:34
fce5f555-07f9-4d09-a022-b70fc803f69d,selling genuine products,5,2026-09-06 13:52:17
7ee75053-acb8-421a-b191-38566f02062f,good 👍,5,2026-09-06 13:51:41
9e0567c2-afbb-4c31-91b3-c76560b8565f,good,5,2026-09-06 13:51:35
7ae44862-62de-42e6-ad97-2cf770eed686,Very useful,5,2026-09-06 13:49:42
1c282908-ef72-4f47-959c-f901f6dbb80a,amazing one,5,2026-09-06 13:47:27
69b137a8-d4b7-4109-ba5e-a227572746c1,अकॉर्डिंग टू प्राइस गुड प्रोडक्ट,5,2026-09-06 13:46:32
32893998-f6b1-4082-8baf-f2d3f3b67678,noiceee,5,2026-09-06 13:46:05
ca734fd1-26dc-4e11-a1b9-637134ddec7d,super quality products,5,2026-09-06 13:45:04
f0727ba8-3f08-4cfe-a39f-56fd0e7dcb6f,nice,5,2026-09-06 13:44:12
325afe10-5bfd-4d8a-9a7f-6866538f56c5,first order comes good now i don't know what will happened with next one,5,2026-09-06 13:43:02
92fb17f7-3504-4fe8-85c8-384e46802c1a,Good product and Good price,5,2026-09-06 13:42:45
490949c4-4f71-4976-9795-43d23ca82e7b,My experience with myntra was very nice,5,2026-09-06 13:40:00
7ea9d946-caf6-4930-974b-b2b874fd4fce,good platform for shopping,5,2026-09-06 13:39:40
42abf808-145c-40b2-8777-6d80ac10bedb,very nice delivery,5,2026-09-06 13:38:45
6cc91796-b55c-4d1d-89de-ad5c9aa98ca6,excellent excellent 👌👍👌👍 thanks to myntra,5,2026-09-06 13:36:50
d2b36b18-3457-4e11-b884-0db06844bbcd,worst service,1,2026-09-06 13:34:24
69c02e4e-f9d1-4b9f-bf02-e279439fc1ad,so good,5,2026-09-06 13:31:33
c6fb15cb-6a39-4716-a43a-8ac8a8c11817,good quality,5,2026-09-06 13:29:57
e7f0e097-51b9-4ff5-899c-d9aa4b8ae65a,very good app,5,2026-09-06 13:29:46
cd044bea-ac5e-491d-8591-922d84fe0344,good,4,2026-09-06 13:25:29
c6f67d27-374f-46b9-beb7-063f8b5cb2a6,amazing app,5,2026-09-06 13:25:19
dc7ae7ae-d5c2-435c-8b30-31bf9774193b,So good,5,2026-09-06 13:21:51
8a9f16ba-d0a5-4a4b-84b8-e069c137f897,verry happy crazy and fentastic experience from myntra,5,2026-09-06 13:21:34
481ec478-21f8-4187-ac2b-ab2029230f5f,this is the best app to buy fashion things,5,2026-09-06 13:20:37
a6cae261-c92a-4fcd-9210-e007dc8cf854,nice app,5,2026-09-06 13:20:01
b307b93c-d632-4cff-a9e1-c0ef6ad2865a,excellent,5,2026-09-06 13:17:33
e9cd9e8a-fa30-4d17-aaf4-7b81a83e6bd9,"⭐ 1/5 Very disappointing. The product I received had a noticeable colour difference from the product shown in the listing photos, so I requested a return. But Myntra rejected my return request because of that same colour difference. On top of that, the quality was poor for ₹1000+. If the delivered product doesn’t match the listing, why should the customer be denied a return? Completely unacceptable.",1,2026-09-06 13:17:00
dccc3639-4552-4bf0-b0b6-0ed929cdaf80,I love it,5,2026-09-06 13:12:41
f45c711f-307c-4629-bb40-36dae2eae9c3,My experience on Myntra is too good 💯,4,2026-09-06 13:12:15
71da0b7d-9283-4bd3-ad36-5785e60dce8f,"I really like this app. I have been using this app for a long time it is easy to use , the products are good and I like the return policy So yaa..my overall experience is very good",5,2026-09-06 13:11:38
7fb6f103-6ff9-4722-a156-2c64e404add7,super se uper very friendly app and January Quality products 👌 ✨️,5,2026-09-06 13:09:37
1b57217e-25a9-4c6f-97f3-26d87ea56800,good,5,2026-09-06 13:07:05
247e1079-580d-4dad-a91d-f6006a111100,Marvellous🤩🤩🤩,5,2026-09-06 13:05:37
f6d6f3b4-6fbe-44e7-b840-53533d3d76a5,this is a biggest shopping app and it's a trending apps,5,2026-09-06 13:04:13
54439d21-9e26-4a29-a4e8-fba029fadf9e,it is very good app for shopping anything you want. I just love it 🤩,5,2026-09-06 13:02:32
86be2793-8726-4f23-8700-9a2d38b3a4af,best experience. convenient to use.,5,2026-09-06 13:01:45
972b3a69-e472-4b2b-a6b3-63e22a6d77b2,best for authentic and genuine product,5,2026-09-06 12:59:37
fccacfda-c2c4-472e-a421-c195d663ca13,Nice,5,2026-09-06 12:58:47
f3be4194-fc75-4be7-b444-ced86fef0d8a,myntra is tha best shopping platform.,5,2026-09-06 12:57:24
4ad45404-7e79-4863-b025-a9d8f71ecaab,nice,5,2026-09-06 12:56:17
b45bd53b-2aaf-498e-bf1e-56082b22384a,"Top-notch shopping experience! Myntra has an amazing collection of fashion, footwear, accessories, and more. The app is smooth, user-friendly, and easy to navigate. Product variety is great, prices are often reasonable, and the overall ordering experience is seamless. Delivery is usually quick, and returns/exchanges are also convenient. Definitely one of the best fashion shopping apps out there. Highly recommended! ❤️",5,2026-09-06 12:55:49
fc930dc6-09aa-495c-834b-fbd9448bb62c,great quality,5,2026-09-06 12:54:21
542916da-6f8d-413e-a56a-1fe745cac372,super,5,2026-09-06 12:53:25
9db11edd-98c6-4d02-9615-04bb92225ceb,"I always shop from Mantra I have complete trust in their beauty products. the quality is amazing, and I'm always happy with my purchases .",5,2026-09-06 12:52:17
1d31daa9-66f7-4269-b2ad-ce549042c303,when you buy things on this they will assist you well and say 10 days of hassle free exchange or return but when you file a return they won't pick your order and make it delay,1,2026-09-06 12:51:57
e7992df3-32e0-443a-a49d-4b49dcc16668,"It's cool, awesome response , quick :) Lovely I always get amazing dresses from Myntra. The platform process is very quick and easy to order. Always deliver quality products. just wow. All product quality is awesome.",5,2026-09-06 12:51:41
b8b71574-1498-4b64-b5b6-66b037dfddfd,Customer service is very bad return products not pickup after 10 day very bad service,1,2026-09-06 12:51:12
ecb081cc-e9aa-41bb-bb27-2355b08a9bdb,it's good,5,2026-09-06 12:50:58
4f0562f2-e2da-4d7e-a0d5-55a6576e3407,good,5,2026-09-06 12:50:23
53ad4d45-9782-40cf-ba13-2b89859933ef,satisfactory,5,2026-09-06 12:49:48
1794d273-71d8-475f-958f-cd12779965b9,great one!,5,2026-09-06 12:49:26
bbb47d70-cc56-4a50-ab28-ab6817b1c9ef,Acha hai bhai log...,3,2026-09-06 12:47:46
48356822-fa8f-46d1-87f3-e2f7807d16e6,Excellent plateform to collect our favourite things within a min time zone. I love it Very much.,5,2026-09-06 12:45:30
e2f118e2-ba9f-4d9b-85c6-083fdbb9619b,Product quality is best price is high as compared to other platform but new product and many product are available here not any where I like it most,5,2026-09-06 12:45:22
50261f9c-c8fd-431e-a06d-fff76c029e2e,good,5,2026-09-06 12:44:25
7a8f2a98-ea8d-4c19-9495-cfefef436cbb,best app,5,2026-09-06 12:44:18
7b666a8f-dd80-4389-afd9-ea377e620cd8,extremely bad customer care service chat section is trash wanted 3 digit pin to call delivery agent but didn't get it 😡 other apps are far better,1,2026-09-06 12:43:10
ddb32eb6-39a7-482a-bcb5-4aed4a492fdc,I like order from this platform,3,2026-09-06 12:42:46
a24fddcc-3a20-4a9c-b3f8-79ff33f97b85,good customer service,5,2026-09-06 12:40:39
0f0e19c1-48a1-4ba5-b0de-25da99d61a0b,nice product,5,2026-09-06 12:39:37
38f65d49-6db3-4105-a709-7ef465d58f17,delivery bhout gandi hai khud hi cancel kar dete hai order,1,2026-09-06 12:39:34
25ff495b-bac1-424c-8b26-5bfa07c281c9,good service 👍,5,2026-09-06 12:39:09
674638b2-0a8c-41e7-9460-21950b25337c,very worthy,5,2026-09-06 12:38:32
373ed44c-d5b0-4113-988a-0b9e0778644f,very good,5,2026-09-06 12:38:00
514c6571-665f-4fa7-a5b3-450ba6f0b581,"Very poor experience with Myntra. My Skechers order placed on 20 Aug for ₹4,171, promised for 25–27 Aug, is still undelivered. Tracking stopped updating around 24/25 Aug. Customer support keeps extending the deadline instead of resolving it, and my previous complaint was closed without resolution. Now Size 8 is out of stock and they are asking me to cancel and reorder. I want my original order at the original price. Extremely disappointing support.",1,2026-09-06 12:37:09
f01c18f3-6b8b-4e7f-9cd3-de9061bc38db,nice,5,2026-09-06 12:36:34
fe018720-912b-47ec-ab45-defd4c1541ab,ok,5,2026-09-06 12:35:32
3deaf3a5-213d-443e-ae76-6897a154d4d4,good shopping 🛒 experience,5,2026-09-06 12:35:16
22edbe3c-c303-4a51-9197-e4b04c39bab8,verified quality products in discounted price,5,2026-09-06 12:33:27
fdf6f14f-fc0b-48f7-b9e1-21a06c1007a5,great,5,2026-09-06 12:33:22
eb439318-15a5-4457-91be-6cfe595511b5,super super,5,2026-09-06 12:33:22
8adcf721-8f12-4b04-b898-7b239acf0dc7,overall good product receive hote h,5,2026-09-06 12:30:31
9e82087d-67a0-4da7-bd5b-0f2e819a4908,best shopping app,5,2026-09-06 12:22:31
47df08f5-b758-4ee4-888b-a166870754cd,🥰🥰,5,2026-09-06 12:21:31
49166a46-68c2-4fa0-8d94-4a5def5d4110,nicee app,5,2026-09-06 12:21:26
90c42bcf-01f1-424d-98fb-498671dca3bb,very good app and very helpfull app,5,2026-09-06 12:21:07
331a7c9d-23cf-4af2-a7f5-b217b3fc5923,excellent 🥰,5,2026-09-06 12:19:06
8204d026-8eca-44f5-85a5-797f5f9dac41,great experience with myntra,5,2026-09-06 12:15:01
04b43fa6-786b-427c-9a86-bf49aa192b1c,best app,5,2026-09-06 12:14:45
960fee5c-ccea-4586-a230-328489a39f64,best aap,5,2026-09-06 12:13:06
84b5200f-c6b6-424f-93a9-d0daf7d8fa90,best,5,2026-09-06 12:09:11
d5ac46dc-062a-4a62-8786-1537f8e7f1f1,Just amezing app . Thank you Myntra for all the good and best quality products,5,2026-09-06 12:08:30
c10bd784-5714-467c-88b9-d83992a0d145,this app is easy to operate,5,2026-09-06 12:05:52
9f6c3ac1-efc9-47a5-bfcb-722c574698c2,quite good experience,5,2026-09-06 12:04:48
fd7fcc9a-7690-415a-96cf-680f023d70e1,Nice collection in this range and should buy. 👌👌,5,2026-09-06 12:01:59
383f2aad-bf23-4e77-bed1-b04d3aec536c,very fashion and speed delivery,5,2026-09-06 12:01:54
778e68fa-64ed-4926-9794-0f4aad9009a4,good,5,2026-09-06 12:00:44
8537bd1f-1f6f-44d5-840d-9767c7e1442e,good production,5,2026-09-06 11:59:48
bb20a855-4722-4e16-b274-d4231144b8f5,worth it,5,2026-09-06 11:57:04
79a4f65b-7d10-4cc6-b0d8-48904394ffaf,excellent service and Wonderful quality,5,2026-09-06 11:56:46
7d4fe45d-dfbf-4f89-8a73-be89f2c32e02,worst app never deliver the product at the said timeline and always delayed the product After writing this review team responded to share the details but there is still no resolution after 1 day such a worst support team and app,1,2026-09-06 11:51:56
d42814bc-9f58-4183-b095-fc1b0b884f62,awesome 👌,5,2026-09-06 11:51:26
5a58b610-2b22-4aec-9130-0fff6930c074,all products are at genuine price and original,5,2026-09-06 11:50:48
71ac3cc7-67fb-4962-8bb9-927f49b9c817,Good 👍,5,2026-09-06 11:48:34
d9f63716-92ac-4a03-af5e-968553c4d84b,good,5,2026-09-06 11:48:06
2862cec0-212d-4348-8e31-c65e3ccdc0d9,okk,4,2026-09-06 11:47:53
d697fa49-db3e-49fa-b5d9-d4e52b2e3b10,excellent,5,2026-09-06 11:46:07
815344f6-c53b-42d7-a637-6a5140236aeb,very good,4,2026-09-06 11:44:54
1e9e73d2-bb86-44ad-91f6-9f9adfe60e32,"In recent days..order is getting delayed and it is never deliver, at last I'm canceling it. it's not first time continously this is happening in my recent orders",3,2026-09-06 11:42:25
2e42318f-2876-4dd4-8a37-d83489934ad9,great experience,5,2026-09-06 11:41:54
76e3b704-6202-4a2a-b0c4-2c2bc03266ba,nic,5,2026-09-06 11:36:39
3e4ebff4-bdc9-49d1-81e5-993cd548761f,good product,5,2026-09-06 11:36:12
615fec5c-c9d1-4bda-b6a8-1d28475af440,quality products,5,2026-09-06 11:34:18
c3c7c63a-e98f-4497-957a-66fc6108fffd,best quality items for myntra,5,2026-09-06 11:28:40
1e4472eb-fd41-4cdf-bdb7-46673b67e517,amazing application with amazing collection,5,2026-09-06 11:27:37
97512542-4512-4abe-9d29-8008a75b923b,good,5,2026-09-06 11:27:14
11d65dc7-1dc0-4f29-a7c6-8318abd73416,nice,5,2026-09-06 11:25:43
8b2a4f6e-0007-4de8-82a3-fedf9a78b636,nice app,5,2026-09-06 11:21:44
032570f4-99d1-4554-9516-8625e288264b,amazing online shopping app ❤️ also bhut kam chance hai fraud hone k aur best quality of products receive hoti ha toh i must recommend you this app,5,2026-09-06 11:21:08
0e60a5b3-e59f-4d6b-8829-2f8806140887,Just be genuine with you Products don't show the product which doesn't match the expectations in reality.,1,2026-09-06 11:17:23
af6fece8-e7f6-4e9f-8e14-8072760a388e,baala app not working pay on delivery,1,2026-09-06 11:13:38
7b362887-ec7b-4541-b5c6-51ee16a27cdb,nice App,5,2026-09-06 11:13:30
c5f57767-e299-4aa1-91c4-90220d464f16,great 👍,4,2026-09-06 11:13:11
862b2841-8c7a-4c88-95d0-62976bd4d295,nice,5,2026-09-06 11:12:21
a3616c00-42af-48eb-ab6b-6027babbb32e,nice,5,2026-09-06 11:10:27
11d8dcc4-c0d8-4821-bb37-f7922bb5f272,super,5,2026-09-06 11:06:48
e00a6bc6-de3c-4b7f-b38c-87f9c9d48e60,best clothing app,5,2026-09-06 11:06:41
d7f00a2d-78a5-4d85-927f-b255c73155b8,saree bahut hi achhi aayi hai I'm very happy ☺️ thank you myntra,5,2026-09-06 11:06:27
9e0baec1-2a06-490c-9289-73c86ddd1bc0,best,5,2026-09-06 11:03:28
0ab989cb-b3e0-4cc5-8c3f-177a37ffb1d4,best of online ma market h,5,2026-09-06 10:58:39
93a4f202-84b2-497c-919e-ad5dc888584b,very much bad,1,2026-09-06 10:54:15
89227f8e-ecfc-4a95-9486-fac04b035284,good,5,2026-09-06 10:53:48
04a08f1b-cc8d-4d48-8807-b3d2fe905412,this was my best experience on online apps,5,2026-09-06 10:50:40
98000d97-db4f-4012-aa22-6f8b98731d22,nice,5,2026-09-06 10:49:10
04ae2a23-7032-4e49-aa89-2f1e882783be,amazing platform,5,2026-09-06 10:48:14
e862996b-71f9-4da5-be8f-522ec9970e9b,"High price but good quality product I received it, if Myntra reduce the costume price and give good quality products, they customer will be more happy to afford it.",5,2026-09-06 10:46:24
1e02c4a2-9c28-4e78-b44a-9516987e6bf8,"Great shopping app with a huge variety of fashion and lifestyle products. The app is easy to use, products are well displayed, and delivery is generally smooth. Good discounts and offers too. Overall, a convenient and reliable shopping experience.",5,2026-09-06 10:45:47
032541ab-42d7-43f8-a0ba-aa082d17b3f1,lovely,5,2026-09-06 10:43:58
71f72351-50c2-40e3-96d5-9a9ff756beee,best for shopping,5,2026-09-06 10:43:37
c1ec55ee-77bc-453f-99bc-12cb51c74188,I am using this app from a long time and the quality of its products is excellent. The packaging is also very good.,5,2026-09-06 10:43:13
8b9b4b94-48ab-49e8-9d87-763a73e832b5,wonderful experience,5,2026-09-06 10:42:26
5241fd9a-ad75-427b-9cfe-c70a0f68b9e8,good,4,2026-09-06 10:38:52
be873bd3-78a3-4bd9-addd-d7adda250f33,good,5,2026-09-06 10:38:20
64ae9d8c-db18-4447-839b-bca9bf0cb2be,good,4,2026-09-06 10:37:14
3b5af83b-f960-4a3f-9c3e-7aaad499970c,good experience,5,2026-09-06 10:36:21
464464ba-779d-45ba-ad70-aa8dcd0a4116,very good 👍🏻😊,5,2026-09-06 10:36:06
1deeab24-9e53-42fd-8237-e4096335583d,"Amazing shopping app! The interface is simple, products are easy to find, and the ordering process is quick and hassle-free. The products are good quality, prices are reasonable, and delivery is fast. Overall, a great online shopping experience. Highly recommended! 🛍️✨",5,2026-09-06 10:35:29
00346d54-2404-4a2a-a158-35b73907855d,BEST Quality,5,2026-09-06 10:34:14
0f825f74-1f18-4461-8e28-7ebddca39821,nice,5,2026-09-06 10:30:12
ee56769f-532d-49d8-830b-128da194dac6,good 👍,5,2026-09-06 10:29:43
ee072bb2-3c1b-4d11-a4e9-7463ea88dfd1,Good 💯 Good 👍,5,2026-09-06 10:29:12
b5abe87d-f681-4fae-a4bc-b71db52f72b7,done,5,2026-09-06 10:27:27
069c35fd-0f84-45dc-9634-bace42fed0c0,order ko apne app cancel kar diya jab ki main uss order k liye 5 din se wait kar raha tha,1,2026-09-06 10:27:04
5262e821-948d-4828-a23d-bab164d87a44,good experience myntra app,5,2026-09-06 10:21:19
8a5768e7-9227-47b6-b270-f8277b31a3d7,"great app, best discounts possible",5,2026-09-06 10:17:00
bb706e69-99fb-497b-a774-1bbd8b600e1e,there is no login by my no. dimak ka dahi,1,2026-09-06 10:16:41
e06de82a-c613-44cd-a21d-7d78a4e0ae5a,nice.,5,2026-09-06 10:11:47
29ce04ff-f0c4-40b5-a3ab-aca871749bca,excellent app!!,5,2026-09-06 10:08:58
dcba53ab-26e8-44c8-89f9-029f32a092a5,quality products,5,2026-09-06 10:03:37
776bb0f3-7c57-4e81-b566-4174250a74cd,very nice products,5,2026-09-06 10:01:31
912734d5-3dd0-4d25-b53e-3b79235f6655,🫶🏻,5,2026-09-06 09:58:23
f56930a5-3bd2-4190-8fb4-0e4838899fb9,Only Trusted app through which you can buy original products.,5,2026-09-06 09:57:33
ad36dd3b-72cb-453a-b8ea-990091f568c7,this is a very reliable online shopping app. until now every product I have ordered has been as shown and same quality. this app is highly recommend for online shopping,5,2026-09-06 09:55:51
dc29062c-3c50-4d0f-bf1c-e941ff78e560,best products for good ratings,5,2026-09-06 09:52:14
5acb79de-579a-4771-8d43-69c8acdebe8f,ok,5,2026-09-06 09:51:33
9b6e442d-b071-4eba-8c91-58e63fd5e3ad,Very good,4,2026-09-06 09:48:43
db496990-c439-4113-b320-202d7316a446,myntra best,5,2026-09-06 09:45:56
35b80407-8ce7-4ba3-a3df-4be51cb0b7c9,very useful app,5,2026-09-06 09:45:54
e3aad6d2-22d0-4c57-bd6c-bd19bd321da7,good quality 👍,5,2026-09-06 09:44:25
c72ed241-36d2-49fc-a45e-a9bc555c88b7,good,5,2026-09-06 09:42:52
cfea28de-f8e8-4647-90ae-13c45c780602,Best shopping app,4,2026-09-06 09:41:34
f363cb93-cec0-4102-b704-5247d0b40a4d,Platform fees should be removed. If is too much.,3,2026-09-06 09:41:05
73f7f96f-d2d1-46cd-a8cb-049494a19d32,"9 years on Myntra, and the experience only gets better and worthwhile with time! No other Indian online shopping platform can replace the service, style product quality, and customer satisfaction of purchase that Myntra offers! Absolutely in love with it!",5,2026-09-06 09:40:29
6bdab13a-a36a-4f8c-bcf7-47a243f252b3,"give me option to attach screenshot here so that people can know how you people are playing with public money . you have sent me wrong order later on complaint return is approved on 18th of May 2026. Since then I have complained about 15 to 20 times for the items to be picked and return my money .But you people are least bothered. if we as a customer can be late in seconds to create a return ,next day you will straightway deny for refund or pick up. now in my case you are late to pick up by mont",1,2026-09-06 09:39:09
17526020-f59f-480c-8e67-8c6ca90f2850,Good,5,2026-09-06 09:38:38
3120c6f9-4c51-4dd9-a0e1-1cb5476757ce,nice experience,5,2026-09-06 09:37:22
a8bdb220-cc5d-4d6d-be5d-c99ef9f014bd,nice,4,2026-09-06 09:36:02
8e89f120-33c3-4803-91e7-d00dde367831,nice app,5,2026-09-06 09:31:22
f1bc1eb6-e1c3-4c4d-bd53-1de20773d5ca,Super quality perfect fit,5,2026-09-06 09:28:35
16b2604d-c7fb-4e0c-9c61-a2ac7758af36,too fast ..too good,4,2026-09-06 09:27:24
6e863ef4-e1cf-4d87-889b-e2ba33185ed6,good,5,2026-09-06 09:17:11
9b9a6f32-1b37-447d-bba4-504342684796,tooo cheap,5,2026-09-06 09:14:51
46aa8636-b5a2-43bc-b78b-8a167e239a3e,👍 Good,5,2026-09-06 09:12:30
8b7cd412-1b14-44e3-a9a8-20d71b2e161e,Best app fpr latest apperals.,5,2026-09-06 09:10:59
e9692d8d-1601-424f-a294-92c156a01ac2,this app is awesome 😘,5,2026-09-06 09:08:03
f0ec1970-0a3c-404c-8158-db9732174fbe,this app is good ...but sometimes my order get delayed and cancelled,4,2026-09-06 09:06:53
0c6e6c58-fd75-44a0-af2f-ae1107bb44ef,very nice,5,2026-09-06 09:05:31
cb1dec1d-2075-4044-8f42-fa29e4ef96fc,Nice,5,2026-09-06 09:00:11
0a35f489-304d-4521-beb9-7657d26169cb,very good 👍,5,2026-09-06 08:52:53
3d3620d1-72db-41c4-b0cc-02b88d0a36f0,bhai sabse bekar aap h na to customer care wale aache na hi ika koi response milta h Mene order kiya bss galti ye ki payment phele kr di to order ko deliver hi nahi kiya or muje app pr order deliver successful dikha raha h ab na to koi action h inka iss pr na kuch or na hi koi agent se ye baat kra rahe h na kuch or sb se bakwas app 😡😡,1,2026-09-06 08:52:04
e09f1232-acd0-4602-9351-62e274aa0510,this is the best experience I always get the right material on myntra The fabric quality is always good,5,2026-09-06 08:47:49
a5abad79-d747-4efb-b75f-024b9bec7a20,super,5,2026-09-06 08:40:22
5a34efb5-1280-4809-b0c9-f7e86303836a,good,5,2026-09-06 08:33:09
112b5024-7d53-489f-a475-5f0b0493397e,Very poor service with late delivery and delay the delivery anytime and late delivery and some products quality are not like the shown in the image,1,2026-09-06 08:30:23
8c0ddf7f-994b-44b6-b95f-5344afe14f4b,very attractive deo,5,2026-09-06 08:27:55
c4556387-5b59-405a-96c5-8975c2a9f802,nice shopping 🥀🥰🥰🥰,5,2026-09-06 08:27:43
e3f7e59e-7a6d-47a5-87d7-db35f4ef51f1,awesome experience ...we get different styles and good quality materials in reasonable price,5,2026-09-06 08:21:57
05736b99-19f7-406c-a661-4f0af3ae1cc1,"its my first time order from myntra so idk what i received, that's it 🤍",5,2026-09-06 08:21:50
0a1081c4-5858-45ec-99de-8cf9078f8c52,goog,5,2026-09-06 08:14:45
14e9ce7b-ce41-4fc4-9b5d-c9bfbb116a96,I love this app,5,2026-09-06 08:12:54
a9d2f2ab-5a70-4af7-b29c-4450aacb7878,bahut badhiya,4,2026-09-06 08:09:29
ad3aa4d2-1fc0-4908-8121-68a2164224d7,excellent,5,2026-09-06 08:08:04
f99e3243-3c88-41bc-9cf8-35cc57bb4bcc,good app,5,2026-09-06 08:07:13
09ab29ca-4b56-4390-9b6d-ed753a9ad16b,good app,4,2026-09-06 08:07:09
89f25382-a150-4830-9e8e-0c1e3d1f2b07,very very very nice,5,2026-09-06 08:02:21
eddab1ff-f3a0-4706-aa49-d3e9a1f96541,very good app,5,2026-09-06 08:00:51
684774e9-a582-4734-9f39-a356e73a7f18,nice,5,2026-09-06 07:57:20
4ac6217c-970f-40ee-8182-8d3db733bb39,excellent experience,5,2026-09-06 07:55:08
4eab165b-f97f-4220-a4dc-d7beb6ad9a45,good experience with myntra,4,2026-09-06 07:53:09
dc004256-77d1-41d8-a0fe-f72957fbe354,an amazing app with perfect prices.. quality product's,5,2026-09-06 07:50:58
68c718d3-9c50-4002-a775-2f6543cadf94,good,5,2026-09-06 07:45:07
4aa418e0-d990-4023-8641-bdc6525ce5d3,Great shopping experience! Good quality products and fast delivery ⭐⭐⭐⭐⭐,5,2026-09-06 07:45:02
eec4e8e5-2d9b-48aa-8b64-77a0873a35fd,great experience 👏,5,2026-09-06 07:31:28
d00999c2-64c8-44ae-a260-8aa4689c698f,best purchased my son Love that,5,2026-09-06 07:28:34
131e39bc-94aa-46d1-928e-9228e2cddb2f,Thankyou,5,2026-09-06 07:23:40
c841dc34-7b13-4821-b9c6-418ebd7a1f8c,Very good app...,5,2026-09-06 07:09:41
636fd16d-0bfa-4f37-a092-5adb90812934,"Doing fraud openly. Not even worth 1 star. I ordered a product and received a damaged one. So, I connected with an agent and he promised that since it's the seller's mistake and not mine, I would get a full refund along with 'platform fees'. Yet, they still deducted the so-called ""Platform Fee."" Worst experience with Myntra.",1,2026-09-06 07:02:11
4baee988-1274-43db-9d4d-e4a5355e0349,smooth transaction.,5,2026-09-06 06:56:06
10d60724-a13a-42b7-8533-bd7908570a62,"MYNTRA is the best app😊 for online shopping ---> specially for dresses🥻, watches⌚& even all things yrr !!😃 Prices are so affordable 😉, & u can buy anything from here with full of trust...💗",5,2026-09-06 06:54:56
74f7bbe5-60f4-4ac2-a871-fa8bc964491c,best e-commerce company in india,5,2026-09-06 06:37:05
6977d8bf-b903-47e9-bc46-67cf1da6f3ed,meesho delete karo gareebo 🤣,5,2026-09-06 06:26:37
898a83a1-87ab-42b1-bffc-4da7173d4315,"pricing of a few items, delivery experience and style and exchange flexibility",5,2026-09-06 06:09:08
05f88cd0-fabd-4d20-9900-faa0ebe71645,good,5,2026-09-06 06:05:15
5bbffce9-ec21-4dee-a7ae-a470b3836720,Better than flipkart,5,2026-09-06 04:48:35
513cbcf7-d586-42bd-94f3-6d8a42d3f6ce,good 👍😊,4,2026-09-06 04:26:28
e84bf6f2-2675-40a5-9e75-0c222c89be3c,good price of product,5,2026-09-06 03:32:46
fcd69173-4a56-4b1b-985b-96295d5d69a7,very nice 👍🏻,4,2026-09-06 03:05:43
1f687116-aa14-479c-9c43-5542e8b2e1c9,customer supportives are disgusting they don't talk properly and of chat it's worse,2,2026-09-06 02:31:30
5ffce1a0-4d3d-40b2-9695-4cf2618ee5f1,good 👍🏻👍🏻👍🏻👍🏻,5,2026-09-06 02:29:12
d78d899b-dbb2-4e56-b782-8217771a9154,"Using Myntra has been nothing short of a nightmare lately. Orders are incessantly getting delayed, even when they are already in the same city as you, with absolutely no meaningful updates or accountability from Myntra. Customer support executives repeatedly quote incorrect delivery dates, and after keeping you on a call for 20 minutes, they simply disconnect the call without resolving anything or even calling back. The entire experience feels designed to frustrate customers.",1,2026-09-06 02:29:07
a5fcb736-3869-475e-9852-fd2f85b3bec3,very good excellent i like it so much thankyou myntra ❤️,5,2026-09-06 02:25:36
c7b94c35-809b-4afd-b228-833d1ba9309a,very useful myntra,5,2026-09-06 02:03:41
8e2a3017-6f02-4570-9b8d-af6704c17da6,very good,5,2026-09-06 01:55:51
0c1901a8-837d-43d8-805c-985357419e23,its good app for quality clothes,5,2026-09-06 01:29:18
1690660e-dd96-4cc6-8907-89312a194304,nice to Myntra,5,2026-09-06 01:24:38
24d380f3-7a0b-49e2-8259-f1708fb42b54,Some times they deliver first copy product,2,2026-09-06 01:19:16
c9c09134-7969-44b1-9202-181c7800835c,great platform,4,2026-09-06 01:17:31
0c0c278c-684a-4cc1-91d7-0ebeb1b0eefe,super,5,2026-09-06 01:03:38
aafd5868-3ff1-4218-84f4-6a02a64f4633,very bad refund system faltu,1,2026-09-06 00:57:03
82b5b7a1-30db-4b0f-84ab-a2ef9e1cf4d0,"this is such a useful application, 8 have been using it for a long time",5,2026-09-06 00:54:34
ae884286-5ae8-4150-9197-a78057f0b2e4,awesome,5,2026-09-06 00:46:32
4ece2c3c-178f-4194-bbbc-0d2e24f03384,good app,5,2026-09-06 00:45:36
fadc3599-b6d7-4144-b50d-1ef036e125d6,very bad,1,2026-09-06 00:42:12
1f0cd751-febb-41bb-b7fe-868ea7027690,Amazing experience so far on buying amazing goods and easy hassle free returns,5,2026-09-06 00:33:08
30b43694-a036-4b8b-b7f6-28b6a620d803,best,3,2026-09-06 00:32:25
ebe013a7-6366-4d24-8cea-7606658cd20e,myntra is best shopping app,5,2026-09-06 00:30:45
c2932e60-92f9-447b-a095-b6d16781e62c,never disappointed,5,2026-09-06 00:24:00
dd1373da-16e5-4980-a9fb-e3c066d54604,premium quality of product,5,2026-09-06 00:24:00
e8779696-d280-4c87-b20b-a70ffdacf4ab,ok,3,2026-09-06 00:18:55
1e673865-3bbb-4a58-bd0c-8c2ae2f7d125,very easy shopping,5,2026-09-06 00:18:08
9c284ae4-8675-4687-b1bc-71832bbf19a0,excellent experience,5,2026-09-06 00:16:00
33060c67-c532-4714-bbfd-e536f85b613e,nyc collection go for it 🙂 shirts and pants products geniune brands high rated,5,2026-09-06 00:15:28
c8915310-c1af-4a83-b204-5d272e97af49,shopping experience so good and stuff so soft,5,2026-09-06 00:15:03
53cd1e24-a678-4906-9b5e-a8110ce54a75,This App is fantastic 👌,5,2026-09-06 00:14:43
6f402743-5fa1-4fee-ad89-1c40705f9630,goodone,5,2026-09-06 00:12:10
0f88e638-714f-4202-aa7f-09cd55f7df35,superb,5,2026-09-06 00:11:50
007abe4a-4be3-4519-aa9c-420826a28e9b,verg good,1,2026-09-06 00:08:33
44b5ea04-42d1-4183-90d2-8376939c93bf,best shopping app for outfit at affordable price also some time with best offers,5,2026-09-06 00:05:54
5931905f-fb4c-4bbd-81d4-cf93fd4d9976,Mind blowing 👌🏻,5,2026-09-06 00:03:54
b3468926-49c2-4fab-ab98-43e08ec7221b,"good, very helpful,",5,2026-09-06 00:02:28
de3907f4-3592-470a-b8ad-bd949b8b1e1c,mast,5,2026-09-06 00:00:09
ff4059df-0055-4201-96bf-d3a90211774b,one of the best app shopping,4,2026-09-05 23:59:47
b8a1848f-b0f7-4cce-a16a-8c606432ba02,good one,4,2026-09-05 23:59:00
5d159950-3dbe-4092-a19a-1083e73e05b1,I love MYANTRA,5,2026-09-05 23:58:42
f4166ae5-68eb-461d-acea-2d938b8b60f5,one of the best E-commerce app in india,5,2026-09-05 23:56:35
45777f95-25ae-4ada-b9e6-c710144e4747,good,5,2026-09-05 23:54:01
9cd1995d-e4ee-45f7-b247-05ad57b64cb1,great experience with myntra,5,2026-09-05 23:50:47
591ac80a-da36-4593-81b4-9abdfdf8e6a3,"Great shopping experience with Myntra! The collection is excellent, prices are reasonable, and the product quality was exactly as expected. Delivery was quick, packaging was neat, and the overall process was smooth and hassle-free. Definitely one of my favourite apps for fashion shopping. Highly recommended!",5,2026-09-05 23:50:21
075989d5-c262-496e-8dd9-25c721391d8d,"Honestly, the experience is quite disappointing. On top of that, customer care is not helpful either. Even after calling and explaining the problem, they don't get any proper solution.Never buy anything from Myntra. They fool people by showing one-day delivery, but they never deliver items on time. Never purchase any item from Myntra.",1,2026-09-05 23:49:16
b5459b94-e6da-4f01-8547-cfa94a467eda,nice app,5,2026-09-05 23:48:57
c27c95ff-4042-42dd-a9cb-7f4162beddcc,bahut achcha product hai,5,2026-09-05 23:40:55
05d91637-cd9d-4916-9dff-0f9dd2219881,very good app,5,2026-09-05 23:36:20
9e156b1f-0245-4579-ba34-e529956a681c,so reasonable yet fashionable,5,2026-09-05 23:33:36
1f50c0da-f3f4-4dcd-ab07-d7f309191d22,good platform for purchasing,5,2026-09-05 23:31:32
435cc050-c6c3-41f1-a832-78b2c0afda88,best online shopping platform,5,2026-09-05 23:26:18
9b71c1c3-7769-4bb0-862c-74fe00f2fdc5,good,5,2026-09-05 23:24:22
4d88f803-491b-4383-9ed6-c265d40a5139,You are hurting Hindu sentiments with your newly launched lady dress ( Skirt ) printing Bhagwan Shri Krishna on the lower bottom side near legs.. very soon Hindus will boycotting & unistalling your app . We want your unconditional apology & roll back the said dress otherwise a criminal case will be registered for hurting Hindu sentiments against your company,1,2026-09-05 23:22:48
611ae1af-07d9-4586-af8c-998c08ee1252,Nice,5,2026-09-05 23:22:04
8de5dd4f-1966-45a4-bd24-eff25b41ab78,good work,5,2026-09-05 23:17:29
e5593d2a-899a-4a69-b50d-6c429cfcde4b,nice app go for it and not cancel order too much another wise your cod availability will be blocked by myntra overall good experience but I wanted again my cod order placements enable 🙏🏻 next time I cannot cancel any order,5,2026-09-05 23:17:28
7105613f-9069-47dc-ae1a-128d9256d767,Excellent job done needs due encouragement.,5,2026-09-05 23:12:44
9529e0e4-2628-44c9-8f7e-012720970f4f,good 👍,4,2026-09-05 23:09:20
757d3c85-7d34-4877-b867-f7b54de3994a,very good,5,2026-09-05 23:07:53
0c136f05-a104-402b-a6ce-9beabf2948f5,easy to use and good variety with best discounts,5,2026-09-05 23:07:43
2a773371-ba64-4176-b90b-29b6c0ba1425,awesome,5,2026-09-05 23:07:28
5c72b953-c8c1-43fe-9038-950530fec6f7,Good 👍,1,2026-09-05 23:05:18
c302825f-a09c-4607-9fa2-3d84c708c814,it's quality is very good... . go for it without any doubt,4,2026-09-05 23:02:07
bf1030c0-7e54-4d71-a041-d8d9f67ddfee,good,5,2026-09-05 23:01:59
3cce1dcd-e78c-4e50-ba8f-fc5b931e894e,good,5,2026-09-05 23:01:41
41dca76c-ee09-49bf-9d7d-b80fa2e46a5b,best experience...,5,2026-09-05 23:01:17
fa242678-c4b0-448d-9b96-9e2341db8eb8,best app,5,2026-09-05 23:01:13
51b71a38-d7fb-400c-a0df-d2a05ca9425c,good quality🌷🌷,5,2026-09-05 22:58:59
4b41611f-3f43-4386-a3cd-cabe2bb0891e,Outstanding AAP & Outstanding service.,5,2026-09-05 22:54:43
959674c7-e95a-4248-bb2e-3311d054e168,"क्या Myntra Credit और MynCash को एक ही ऑर्डर में एक साथ इस्तेमाल नहीं किया जा सकता? जब मैं Myntra Credit और MynCash दोनों से पेमेंट करने की कोशिश करता हूँ, तो MynCash का विकल्प अपने-आप greyed out हो जाता है और उस पर ✔️ लगाने का option नहीं आता। क्या यह Myntra की कोई policy/restriction है, या इसे इस्तेमाल करने का कोई दूसरा तरीका है?",1,2026-09-05 22:52:09
cf8a42f9-d995-495c-9b72-f5782deb9486,good,5,2026-09-05 22:51:09
fea0192c-0601-4ae7-ae57-cd339e991f54,best app,5,2026-09-05 22:45:35
227f04c5-bcab-4534-ab69-e86f4dd5d276,Want to Some Items 0pen Box,4,2026-09-05 22:45:03
a2887f65-7566-4640-b903-3eff387fdd1e,very good,5,2026-09-05 22:44:52
89aade55-6f15-4fd4-90f4-b0542eadfa2d,nice,5,2026-09-05 22:43:21
49a026b0-d1cf-47b6-9be9-1b172de79d4d,very poor item selling I weared one day only trousers bubble (rusi) Bahut bad experience first time maine purchased kia aur tha ye soch ke ki achha item hoga but third class ka nikla Mera trousers (rusi) nikal gaya,1,2026-09-05 22:42:53
118e83a0-ce29-4301-9323-f032f3cd4a24,very friendly app and the products are good and budget friendly,5,2026-09-05 22:41:21
b945b85b-0e01-439e-aa15-49c45dec8626,superb,5,2026-09-05 22:41:10
ce827bfb-eb90-4855-8e64-e9370e037547,good,5,2026-09-05 22:38:50
1ebaca20-fdca-47b1-864e-701e816a1977,good 👍 service,5,2026-09-05 22:30:35
2bb27f9e-f7a3-46cf-8396-7bbb43c3d59f,good,5,2026-09-05 22:30:24
2747b95c-c8e7-4257-b49d-185d8e4bd1af,"Very bad experience. No agent to chat with regarding order, only damn bots who just give you the option they want",1,2026-09-05 22:28:23
d61a4251-ddfd-442f-a6bd-6ad53fe1ce2e,useful app,5,2026-09-05 22:27:35
099301ae-a55b-4f14-8014-1ec35e3e7cc3,the product quality and price both are reasonable,5,2026-09-05 22:26:04
9eb0d038-cd6d-4c96-815b-0a15cf8690e3,such such din sunn dijk,5,2026-09-05 22:24:43
1c911771-bef3-455d-89f4-fc9f39337c6d,Disappointed.... My account has been suspended without any apparent reason. I have not received any clear explanation or prior notice regarding the suspension...,1,2026-09-05 22:23:45
a2543311-ecbb-4e9d-bc42-55036d7c683b,amazing product,5,2026-09-05 22:18:41
4fbacdf0-4140-4218-9fd3-ca87cad3b869,superrrrr,5,2026-09-05 22:18:14
e47631a5-4a32-462b-bd55-4b555ec4decd,It is a very nice product go for myntra shopping as it serves quality product...,5,2026-09-05 22:15:29
53b38075-a863-4e9a-96bd-97e1501c1427,best one,5,2026-09-05 22:12:12
e0b5c13e-5ff0-4d91-ac34-4630077ee884,this app is very wonderful,5,2026-09-05 22:09:57
25cc2c84-6774-492e-abb3-343639185e01,excellent,4,2026-09-05 22:06:25
c65bda77-6b94-40a3-a046-a6c7b1bf0415,super,5,2026-09-05 22:00:11
956bb346-5796-4a9c-a7a5-248626b0ad3f,better then nyka,5,2026-09-05 21:58:16
de9be2e2-1279-4bac-b659-41314afe7c87,itne din ho gye order kare hue pls bhai yrrr myntra order bejh de nhi toh mera dimag kharab hua toh itne id se kharab review dunga puri rating gir jayegi voh tum saman shi dete ho nhi toh abhi tak tumhe bta tha me pls yrr mera face wash bejh dooo kya me paise nhi de rha date badhaye jaa rhe ho badhaye jaa rhe bhai yrr karwa do mujhe mera fash wash de do,1,2026-09-05 21:56:40
e49bddf4-05d0-4853-829a-30e55cc1de37,Best Shopping Experience,5,2026-09-05 21:56:10
d3204d91-f691-4f01-8ffe-e4491b580ae4,just Wow 🫡,5,2026-09-05 21:52:34
92c53cc4-1cc9-4df7-a2bf-51d3d39df40b,Good,5,2026-09-05 21:48:47
6c75753a-ee68-458a-93dc-f583b3be8b8e,I love it,5,2026-09-05 21:48:35
dbf0f098-628b-4a1b-b485-487a4bc798ff,amazing app for shopping,5,2026-09-05 21:45:22
4cec3a9b-71e8-4a2b-8b41-28a79b3642ee,wunderbar,5,2026-09-05 21:43:55
88d77f7f-745d-4c13-b842-223f138513ba,best app among all apps,5,2026-09-05 21:43:06
5e011c2c-05c6-460e-b0bf-ab200e7073c0,nice app,5,2026-09-05 21:41:57
fc246a87-a372-4c2f-8ba0-4a8121e460a6,Best online shopping 🛍️ App... Quality products thanks myntra app,5,2026-09-05 21:35:41
05238b3f-a030-4615-b25f-48f655d835cb,awesome .....i m very satisfied for this product....fabric is good ................and wearing this product is very comfortable .....i am very happy .......................myntra is good .....delivery is very fast ..................................................i love myntra...............................................................................................................................................................................................................................,5,2026-09-05 21:33:49
5013ea5a-f519-4716-a582-cdffad5c1bba,good,5,2026-09-05 21:33:46
e06b3d61-6448-4bc2-b85d-d27778389a64,"worst shopping app they can't even deliver the exchange product correctly, I had put an exchange request for shoes because of size issue and they did send an exchange product but later the delivery boy came and took it back again and gave back the previous small size one because apparently the number on the tag was not matching like I had another tag to change it into fyi it is my first myntra order, then he told me that I'll receive the correct shoes the next day, I still haven't received it",1,2026-09-05 21:32:40
af13569f-cf45-4c94-8f2b-a0a5f8ad6da9,good,3,2026-09-05 21:23:14
afcead32-0f53-4ece-afb6-63c2e7355ad5,osm app,5,2026-09-05 21:20:35
87c8a4fe-d3a9-4e7c-a032-83373afcc305,good app,4,2026-09-05 21:20:19
c55f9842-4eb7-45cc-b6eb-c12a0fb946dd,nice products and good services,4,2026-09-05 21:19:22
68d03340-75d0-4cf4-ac8f-639b973aa631,"they cancelled the delivery of two items without informing me , so disappointed with the service and there is no option to connect to the customer care there is no contact number given.",1,2026-09-05 21:16:45
38abb274-04fd-4949-889d-79fd92c22b76,very good items,5,2026-09-05 21:15:40
6814c744-db6e-4cbe-b2fb-83c2b0aeee48,love the collection,5,2026-09-05 21:11:36
349bb72e-e976-4198-a3ec-49b3f7e246c2,amazing,5,2026-09-05 21:09:10
ae38cec4-262b-4ed4-b579-625dcc5df6ed,Great 👍,5,2026-09-05 21:05:17
60a1fe97-5d3c-4deb-8b56-b4aa27e94848,perfect,5,2026-09-05 21:04:45
5c9ca7db-c94d-4164-92a9-7d5475cd4ac6,very good 👍,5,2026-09-05 21:04:14
8d2406e6-d86d-4787-94a9-c8caef495fa0,best,5,2026-09-05 21:02:35
bfe0f868-04f0-4ed1-a059-2415f8364168,nice product & fast delivery,5,2026-09-05 20:53:55
f3eff124-d8c4-4683-bd53-b7386f0e7f0e,the entire myntra is a fraud they are just confirming the order and canceling the order without any intimation and give 10% discount to hell with your discounts I have ordered one order and received any different colour I have exchanged thrice still it RCVD another colour.. don't use myntra for shopping,1,2026-09-05 20:53:31
07ab0db1-0d10-44f5-9ba1-10a4092eda97,"There are serious questions surrounding Mantra, and people deserve clear and honest answers. If everything is genuine, transparency should not be difficult. Show the facts, explain the process, and address every genuine concern. Customers deserve accurate information, fair treatment, and responsible communication. Promises should be supported by real actions, not just words. Instead of ignoring questions, provide proper clarification and evidence. Trust is earned through honesty, consistency, an",1,2026-09-05 20:52:01
3e49260e-f0bc-4ced-83b9-d6383fcfd10b,it's very good app genuine products and quality is too good according to price,5,2026-09-05 20:51:44
dd1ef696-b579-41b8-8eca-b1407ffb03a3,very good application,5,2026-09-05 20:47:18
144f5c43-8dbc-460c-a0b9-159605baae49,vaibhav,5,2026-09-05 20:44:49
fe397c2d-54a5-4ed8-b460-06c56ee0b0fe,good platform,5,2026-09-05 20:41:03
927a53dc-29cc-4358-baf9-ef9f094f076d,Good offers,5,2026-09-05 20:40:25
158d9120-efbf-4f1e-86ca-812437ca8e81,👍,5,2026-09-05 20:39:08
43f1b797-8954-4166-9b88-7957e8c4ae26,Accha hai but platform fee kuch zyada hi hai ...🙃,5,2026-09-05 20:37:39
039fca54-208d-41ab-a78d-480d09625af7,excellent,5,2026-09-05 20:35:34
4d48051a-cd33-458d-8281-d2d61d71e332,Purchase process was smooth.,5,2026-09-05 20:31:23
a40686a7-c981-45fd-9144-b84209d391e2,👍🏻,5,2026-09-05 20:28:16
8413fd4a-77bd-4343-9b3f-dd6bbe2b1d5f,very good,5,2026-09-05 20:25:32
64b70e06-390a-499e-a9cd-56754973d3cb,superb experience,5,2026-09-05 20:24:20
2c93db7a-54fb-47f7-a201-0e41d12356d1,good,5,2026-09-05 20:23:32
513a56da-2460-486c-8227-c6532d988718,nice,5,2026-09-05 20:17:39
7994dcf7-65bd-4762-aaca-f8e52479a8a5,products are genuine and quality products.,5,2026-09-05 20:16:38
a1806209-7dd1-4786-9532-105472ac1983,I was not expecting such a bad service from Myntra. Myntra is unable to deliver on time also unable to cancel the order.,1,2026-09-05 20:16:38
7350efd8-c9f3-43e4-bc25-a84da37bd088,I love the product so much . without damage🤌🏻🩷,5,2026-09-05 20:14:58
f1ba527d-f952-4a01-9892-67feeb651792,very good,5,2026-09-05 20:12:39
b898b3fd-a4f0-4ad1-ba3b-e24983267d0b,very satisfied with the service,5,2026-09-05 20:08:43
eedc1273-7575-4f09-892a-d9d11914c3a8,good,4,2026-09-05 20:07:50
12abc90c-cb78-4bfd-8627-551a3166020c,good quality cloths,5,2026-09-05 20:06:20
2b8f20c3-bbd4-44d8-beec-4529bcabada6,very attractive plateform,5,2026-09-05 20:05:06
b8a712d0-9ca3-48a2-bcef-33858ee0d1ed,very good app,5,2026-09-05 20:04:18
6b138dc3-d7c8-4f93-93e3-0777c5776e02,Good work,4,2026-09-05 20:04:16
e5201d4d-464c-4b92-9fe0-d6e7e6921d3c,myntra is nice ☺️,4,2026-09-05 19:59:31
a5dc0c55-9264-4e02-9a17-69359f1f85ef,good offers and deals available here,5,2026-09-05 19:56:58
9a3032d9-abb6-4a0b-a18b-da42d75a62aa,nice one,4,2026-09-05 19:54:38
ee7d7760-5d67-4b71-a346-b4b4bb66dfe2,very nice app ...quality products..,5,2026-09-05 19:53:53
fa31a74f-16b5-4e92-a47e-f3529fb8cb90,My money has not been returned it has been cancelled on 15 August,1,2026-09-05 19:53:09
f191aba6-6545-4f17-b1ad-2c8e2b9a9ba0,good,5,2026-09-05 19:51:21
98495cd0-4e47-4932-8d7e-1e1dc7e2e684,Trust Myntra for elegant clothing. Shopping has to be only on Myntra.,5,2026-09-05 19:50:06
9fab6eb0-2216-4086-b936-9f37b84af74c,good,5,2026-09-05 19:49:44
4a5afec3-10c8-4997-9c2c-b9511dfe260f,excellent,5,2026-09-05 19:49:20
7dc564d6-b338-4f0e-9c69-c831af869fad,Great shopping experience,5,2026-09-05 19:43:19
5ae1e49f-99c4-4ef3-858f-0415fae49389,good,5,2026-09-05 19:40:01
434dccbf-1b6a-476f-9e55-daee57233b74,best clothes platform,5,2026-09-05 19:39:57
f8940191-4291-428d-976a-1dbaac99c5ae,good,5,2026-09-05 19:36:42
d5d4abf7-32e9-4cd8-a200-665d8eb04265,Myntra is very useful to purchase best quality branded products at affordable prices with more offers and discounts.,5,2026-09-05 19:28:50
5237e1d8-da9f-4e13-8438-6832a2d1ba53,I like using this app because it has reasonable prices on clothing and also gives coupons. Also no platform fee or fee of cod or any delivery charges.,5,2026-09-05 19:27:24
326d5cf0-64a3-4b46-b62b-fbeedf54a566,great,5,2026-09-05 19:23:29
8b86c378-2f8c-4499-a649-1f46cda96284,super very much benefited with their special offers discounts,5,2026-09-05 19:20:15
b6f332f0-dd46-47bb-bf39-3cab8db09f74,good,4,2026-09-05 19:18:26
cf13c13f-7bef-4cca-81e5-dc783c74604e,best 👌,5,2026-09-05 19:16:56
0454c5e3-ec43-458f-99c3-ee63b5ef82a8,very good,5,2026-09-05 19:16:05
931c44ef-4a1e-403c-99f6-e28f4689a4af,all good but add size more than xxxl also,4,2026-09-05 19:11:39
14796048-7364-4bbf-999c-e437a375a6c0,good experience just a bit slower server,5,2026-09-05 19:11:23
71b1dd94-ccba-42a5-84c4-2384ef292b9d,awesome great experience i had ever,5,2026-09-05 19:07:52
16f4c391-2979-4845-b58a-1272e658f7d6,hahahaha. t ss de errmbhmrkbbhmlo,4,2026-09-05 19:07:47
84f39a00-9795-489c-bf31-3ce8bad7ad06,🙏🙏🙏🥰🥰🥰 gud service with gud product . discount with fresh product👌👌👌🥰🥰🥰,5,2026-09-05 19:06:01
985ea02d-bf41-4d4d-bff1-46d5f97067c7,very nice,5,2026-09-05 19:02:39
f41049f2-e849-48b5-bbe3-449361a9c2b8,very good product and quality is the best,5,2026-09-05 19:02:06
6d2c36d5-182c-444d-954f-54b37e9eb8e7,"very good, delivery in time!! And very good items",5,2026-09-05 19:01:13
bef64eb4-bdba-460a-b47c-3fe4517d3df1,always wonderful experience 🥰😊,5,2026-09-05 19:00:21
8a2f9c97-de10-407f-9a0d-f4aff52a94a7,I like this platform for shopping 🧿✨💗,5,2026-09-05 18:59:09
0f72a002-4d1c-4996-ad0d-c6c6dae7ceb9,"I had a great shopping experience with Myntra. The app is easy to use, the products are good quality, and the delivery was quick. Overall, I’m very satisfied with Myntra and would definitely recommend it.",5,2026-09-05 18:58:47
251e1ab8-b9ea-486e-a68f-bd42c5cbe753,too good,5,2026-09-05 18:55:40
75be358a-68d0-4c03-963f-7006ce8dcb00,Excellent,5,2026-09-05 18:54:39
1f24550f-6eb3-46a3-984e-ac9e36a62952,best,5,2026-09-05 18:52:22
326f0572-c638-4283-bae1-bc581c748a92,Quite impressed...,5,2026-09-05 18:51:05
3ad35cc7-f723-4d62-b5dc-4f56f3a3b397,🫡🫡,5,2026-09-05 18:46:20
38b84a94-1d17-41a6-b649-bb7701c25796,good,5,2026-09-05 18:40:29
7f8c07de-f2f1-417d-b148-dcbff358bc17,best,5,2026-09-05 18:39:51
0e6f35b8-1e09-4a23-8e19-29fd0886d56a,"The product is really good. The quality is nice, the fitting is perfect, and it looks exactly like the pictures. I’m very satisfied with my purchase. 😊",5,2026-09-05 18:38:44
dbf8fba6-0fe8-45b8-bc53-b56c25da0465,Good,5,2026-09-05 18:36:26
6b03e1bc-1a1f-4031-b3e1-71deb000ee6a,products are of very good quality,4,2026-09-05 18:35:07
a84d75c9-2d27-45a4-9731-5816d633217a,very nice,5,2026-09-05 18:34:59
9e54619b-8561-40da-89ed-4082f6f99f7e,Affordable prices with multiple brands..,5,2026-09-05 18:34:00
3b888704-8da6-433e-a1e3-91241da55dbf,good 👍,5,2026-09-05 18:33:12
3bd9799f-670b-4478-8e1b-b3c9784237c1,nice app,5,2026-09-05 18:30:29
45da9301-c8ff-4ef5-a5d2-8a1c8ce1a206,best app in my opinion for every occasion 😍,5,2026-09-05 18:26:12
e46c067c-f75a-420b-8508-617f7db3983b,"best app for clothing, accessories and perfumes",5,2026-09-05 18:25:45
d4dce293-d10c-481b-a743-371c76bdafec,this is an amazing app,5,2026-09-05 18:22:45
274545e4-509b-4b35-8f5d-812fccedfe7a,a1. best shopping app..,5,2026-09-05 18:22:25
4c3c78d6-ee99-4ff0-a303-cbe20673737b,amazing,5,2026-09-05 18:20:53
b0db2c81-8b5a-4853-91a0-00b0422144af,this aap product is very good 😊,5,2026-09-05 18:17:46
3cf72cb4-1984-40dc-9fdd-16953638979f,genuine delivery & original products good service 💥,5,2026-09-05 18:12:18
759b4761-748d-41e5-ac54-51cef6a7ad63,"I really appreciate the quality of products Myntra provides to its customers. I honestly feel that very few, if any, e-commerce platforms can offer this kind of product quality and shopping experience. Myntra has consistently delivered quality products, and that is why I trust Myntra for my purchases. The product quality, variety, and overall experience make me feel confident shopping here. I truly believe in Myntra and the quality they provide to their customers. Highly recommended! ⭐⭐⭐⭐⭐",5,2026-09-05 18:12:06
2d83a7ae-11cc-4e9b-9ef6-0555ba59a0ef,good app for fashion,5,2026-09-05 18:10:47
18aeae69-2bbd-4ef6-8664-248602795cd9,superb experience,5,2026-09-05 18:09:25
cecaf335-60a9-4a98-bc33-f6f2dd959312,osm aap♥️♥️,5,2026-09-05 17:56:47
cd30b010-017a-499c-b567-88513aeed618,good experience,5,2026-09-05 17:56:20
42c9ddc9-f9e0-4004-9665-348d46b3e54e,exxcellent,5,2026-09-05 17:56:14
74f2d995-960c-4d73-8509-c2ff59a9fd9f,good 👍,5,2026-09-05 17:55:21
a2cbb4c9-9dab-4c98-b6f9-e3bcebd2800d,amazing,5,2026-09-05 17:52:25
294d5ec3-7742-4b4c-916d-2e98e2c1ed33,good,5,2026-09-05 17:52:24
539695f5-46f4-49cc-9947-5484aaf54f7a,It was a very good experience & the product was not fake,5,2026-09-05 17:51:13
9d30412c-0b39-4ef1-a811-9460c5a270c7,it's very good,5,2026-09-05 17:47:39
f78b1e11-f7d7-4a1e-a0f9-a94541ee8b05,सब क्वालिटी product हैं यहाँ पर,5,2026-09-05 17:45:41
c245e37a-929b-4c68-89f7-a951f83d1454,good,1,2026-09-05 17:43:28
35b5f8f9-eb3f-4cf0-9b11-3bcee1d2d125,nice,5,2026-09-05 17:43:22
3417b022-d1f2-4d8d-a125-bd6e2e27275c,very good,5,2026-09-05 17:40:24
fa9fe3ad-5bdd-4721-a6b6-1bda1ed7d636,🙃,5,2026-09-05 17:39:39
02954760-3328-4132-aa80-07fec46c075b,good,4,2026-09-05 17:39:09
1c5d0f11-b1ba-4348-8db0-059bd7ad26db,viry naic,1,2026-09-05 17:36:01
4c8beed2-308c-4ec0-8b2b-ee1aa89f1f4b,Worst app...Worst service....this myntra is cheater first they do not give me cash on delivery they took money for my order and now they are not delivering it on the given date by them I had order it for first time new user experience is Worst first and last order.....I had wait for 6 days for my order and now they are not delivering it and if I cancel it then they will say wait for 5 to 6 business day for refund.....Worst Worst Worst Worst........ I will suggest all of you use flipkart Amazon,1,2026-09-05 17:35:36
336bdf68-363e-4991-b942-31d2d2229651,quality superrrrrr,4,2026-09-05 17:34:58
645d87ff-f580-4998-b904-15f58a3b2226,this app product quality us best,5,2026-09-05 17:33:20
f690d97e-7047-4016-9025-ac64c5379a67,👍,5,2026-09-05 17:32:35
9e59a383-91cd-430b-8d50-d22e9a3c9c1a,best shopping app,5,2026-09-05 17:32:10
f56216b8-e574-485d-856f-c2a40ce0d57e,"i,give 5 Star for this app for shopping.",5,2026-09-05 17:29:33
30769d59-702e-4d74-8a51-cd9c4e901305,nice,5,2026-09-05 17:28:48
f4987755-0bc4-4843-a50d-461f8d344b55,receives exactly as shown best for oily scalp,4,2026-09-05 17:28:43
1b3e37f7-1f0c-4b0f-9c6e-24a77b578556,best app for genuine products,5,2026-09-05 17:27:54
2a04ab27-0617-49b1-b564-b28b18be96b2,best experience,5,2026-09-05 17:25:40
8495e527-c41d-45ab-b512-a260fe3cf7f3,nice,5,2026-09-05 17:24:28
75d411f3-c113-4f6f-aa27-11113d54c585,"available discounts, and I have extra no cod and platform fees",5,2026-09-05 17:23:49
01c2f420-ac34-4ecf-a56b-cff8a7c4e0b8,myntra never disappoints 🫡,5,2026-09-05 17:18:42
95d159df-00af-4094-845b-1bda5be2f1b5,myntra shopping experience is awesome.,5,2026-09-05 17:16:08
19fc045a-746a-4307-8b10-d364032abaad,this good app,5,2026-09-05 17:15:42
f1700bb1-9af8-4f96-bff5-3f06ad0322f9,"I had a really good shopping experience with Myntra. The product quality was excellent and exactly as shown in the pictures. The material was good, the fitting was comfortable, and the packaging was also neat. The delivery was on time and the overall experience was smooth and hassle-free. I’m really satisfied with my purchase and would definitely recommend Myntra to others. ❤️",5,2026-09-05 17:15:24
e050b095-54b6-410e-a434-75be21969942,Good 👍🏻,5,2026-09-05 17:13:46
dff11c6e-3013-476c-b992-5b0e2f6f0ea6,Awesome Experience with the products,5,2026-09-05 17:07:08
3773b73f-8748-4de6-b2d4-7f37824d74be,very good app to shopping,5,2026-09-05 17:06:11
21a81afe-c2f5-453b-8b36-cdd118847dc9,👍🏻,5,2026-09-05 17:03:10
a5a549f6-1dbc-402c-8297-e5bd25ac3546,best app,5,2026-09-05 17:02:02
0e0b6cab-a697-4b2d-a473-ac563ad4a898,best hai sab keliye,5,2026-09-05 16:58:11
a77c9e0f-f584-466e-a871-aa4a2a827b85,nice,3,2026-09-05 16:56:22
7dad226b-74c3-41b2-b735-c21edb3dc695,good experience,4,2026-09-05 16:54:57
45c21e35-2e2a-456c-ae78-d5faf73df989,product quality is actually good 👍,5,2026-09-05 16:52:44
990487be-785f-426f-b03b-3740f214264c,best,5,2026-09-05 16:51:07
6cfb2bb3-2e36-44da-978f-99aca4f2f66d,good,5,2026-09-05 16:50:27
745c556c-403f-4b87-8431-f9a3cc80ea12,♥️,5,2026-09-05 16:47:05
3017fdca-242b-4db8-8c13-cb9d0ed7a530,overall experience is satisfying,4,2026-09-05 16:46:56
33943a6e-31dc-4d7f-a875-5925c12875d7,given a delivery within 2 days. Awesome service,5,2026-09-05 16:41:55
42e80051-0cd2-468f-82fd-f5122969ff5c,"Mytra is one of the best apps for fast and convenient delivery. They deliver super fast, and the prices are also very competitive. I can even find products here that are not available on other platforms. Overall, a great experience and definitely worth trying! ⭐⭐⭐⭐⭐",5,2026-09-05 16:41:53
807d86d3-9398-45bf-ab7a-62513a5d9996,you haven't processed my refund of 759 rs from 18 july the pickup was done ... your customer care is also faltu not replying at all . what is this behaviour ... your company has a name n fame what you will do keeping my money 💰 please,5,2026-09-05 16:39:02
26d5a19b-c66c-4ed0-8334-cac6555e5a02,nice,5,2026-09-05 16:38:14
0400aadd-8fbd-4af1-b82e-d3687094a957,for my opinion this app is good for all thing to buy frequently,5,2026-09-05 16:35:31
eb8d4477-39d2-4d40-89e4-3775655048b1,good experience 😄,5,2026-09-05 16:35:28
de1a6a55-3647-4187-be7c-8ff4cedcb06f,nice products with reasonable prices,4,2026-09-05 16:35:22
c9ae728b-e88c-4192-a1b3-7efda6729ff1,the App is smooth and reliable in online shopping.you can buy best quality clothes from here,5,2026-09-05 16:29:33
fa4ab93c-e6fb-4a9e-8831-d3e0f35e9a66,"worst app this app has cheated me I had ordered my product on 19th August and have not received it today on the 5th of September. it was such an important parcel, they wasted so much of my time nd compensated nothing, I called customer care literally everyday, they told everytime to wait for 24 hours and no response ever came.",1,2026-09-05 16:29:09
ba4afaea-e9f6-43ac-83d1-703f40906da3,nice,5,2026-09-05 16:28:18
8591d004-9105-40ca-8cef-8a386beded62,my favorite product,5,2026-09-05 16:22:38
00579cfa-8917-4b17-bd16-c15c08055343,good product nice packing no fake 😁,5,2026-09-05 16:20:39
04c37b2e-217d-463a-ae93-a822f73ebecf,most favourite app,5,2026-09-05 16:19:27
7352c57f-9b4e-4eb2-98c6-0d2f1d778677,please approve my glame videos,5,2026-09-05 16:18:55
6f7bdb1c-984b-45a7-9575-85337fb9c5f7,Very good shopping app variety of options of product. Must use app,5,2026-09-05 16:18:43
6682584e-4d88-423e-b805-96156c4b78a8,nice,5,2026-09-05 16:12:24
83cb947b-4d83-4704-b2c5-0dbee9a7b912,good for shopping,5,2026-09-05 16:03:45
769a1461-1da8-4b66-9113-58520419e6fc,good,5,2026-09-05 16:03:18
72f88c69-82ad-4c49-aa1d-3b7a8cb8afb5,love it,5,2026-09-05 16:02:06
3550fd10-be77-4fa4-aaab-f1140c021ca5,best,5,2026-09-05 16:01:50
7818d7f9-6bae-4725-b579-2c1351d1789a,nice officers,5,2026-09-05 15:59:07
e755208e-0ac7-4548-9bbe-dd0fa44b0993,pls do not use this app not trustable and your order will not exchange in this app. if damage product your receaved and you will request to exchange your exchange processes shown as exchange on hold an your exchange shall be cancel in few time. your money and time waisted in this app. pls do not download this,1,2026-09-05 15:58:33
859b9171-59dd-43b8-b6a8-f2b056981682,good app,5,2026-09-05 15:52:18
8e668c00-a63c-4cd5-8d13-392133176962,good app,5,2026-09-05 15:49:10
7c1d42ac-10ff-4a71-8e0f-7c5687694c28,nice app,4,2026-09-05 15:48:45
9057f10b-b72f-41a4-9e30-f1ceaab2b0a8,best,5,2026-09-05 15:46:46
82b06a35-73ab-4afd-984b-ea43903e29b9,good,5,2026-09-05 15:42:18
134df7dd-66e0-4915-9b2c-81d0018849b0,nice,5,2026-09-05 15:42:02
6df4e20d-aa83-48f4-abab-439e06ab6603,hi myntra good and best shopping platform low price product in t shirt boy and girl with other items and best shopping platform,5,2026-09-05 15:40:01
512f1ba2-0309-493a-9d0d-cb62a965185e,nice,5,2026-09-05 15:39:29
bf0ee1cd-8e8c-41eb-9e10-5e0eee9f4e0a,good 👍,5,2026-09-05 15:38:45
c0c2d9cd-213b-4d80-8665-7d9a1b9eda53,jakas,5,2026-09-05 15:34:42
4c58c393-bbef-4bbf-8576-dee05e9c509b,verry esy for buying my outfit,5,2026-09-05 15:34:30
4612f59b-6b7d-4a5e-b625-ba9bebeb3942,Very bad app they don't send the exact product and then reduce the refund,1,2026-09-05 15:33:14
4efd4df8-e34a-4661-a322-173772a5e9ff,"Myntra ko rating deni ho toh main 5/5 ⭐ dungi! Shopping experience kaafi acha raha, products bhi genuine aur delivery bhi time par hui. 💗✨",5,2026-09-05 15:32:00
816651e0-e09f-4882-b473-76ad68073d48,nice,5,2026-09-05 15:31:34
054e1fcd-bcd1-4c0e-ad9c-26c386d8ed86,❤❤,5,2026-09-05 15:29:12
b57584e8-898d-4004-ae68-a6a4fbc3491c,original product delever,5,2026-09-05 15:28:01
6c3f4e8f-5fe2-4f7c-84b4-7bc7eb6a1df0,so good product are there,5,2026-09-05 15:23:06
17292195-e3b5-4dd2-95aa-727414ee0d93,good branded products,5,2026-09-05 15:22:45
12d57a93-9a74-4281-9c74-d89fb484789a,great,5,2026-09-05 15:19:44
406a942d-15ae-4d25-b4ef-2fa091230c66,very good,5,2026-09-05 15:19:32
f0173c78-fadc-432b-a93a-59d52af2d752,superb,5,2026-09-05 15:18:39
1a5ee0b1-9344-41af-8ccc-57c05bda81d6,that's a good aap,5,2026-09-05 15:16:26
1094724e-10b2-4cce-bd1d-6b7f33868bc1,nice,4,2026-09-05 15:16:24
88cb20af-371a-43ab-8ddc-af6846f5504f,amazing app,5,2026-09-05 15:12:22
2587bd65-9182-4550-81bb-e2b15a2b373f,Very good product..,5,2026-09-05 15:11:37
ae24b113-c435-4482-9c23-b6498542c2d4,good,5,2026-09-05 15:09:06
d76edd7d-18eb-4241-906e-e81254ad5582,Awesome shopping 🛍️ platform with wow experience,5,2026-09-05 15:07:22
85d78453-6cd6-4c18-bf61-e187bc446498,good,5,2026-09-05 15:06:52
b7baf4cf-c1a2-4c73-8d5b-58d39c3cc447,good,4,2026-09-05 15:05:49
03040940-bb8f-41eb-8ac0-7aee3ef372b9,nice product and quality,5,2026-09-05 15:00:34
4296d253-de14-4048-b1c0-e8d693420e90,very good,5,2026-09-05 14:58:24
baf4d897-3289-4f45-933e-742c355061ea,fantastic 😍 love this app,5,2026-09-05 14:57:53
79dc8524-f754-4092-9af1-d9cf035f82cc,best platform for online fashion shopping,4,2026-09-05 14:57:14
3abc30ed-565a-492b-8b2d-a34c81d52031,Good,4,2026-09-05 14:51:40
293c78f2-be01-47bd-a60b-e4d6ea0e42b3,my favourite shopping app,5,2026-09-05 14:51:40
5430ab4b-094a-4c3f-a40a-bd1c5021ac70,always fab products excellent,5,2026-09-05 14:49:39
b897ce08-11d0-4b99-bbe4-c3f71d0726c3,good and quality products. rates are also low as compared to other apps,4,2026-09-05 14:46:36
573ecb02-5486-4f9f-b8a7-29da4cd5daae,pathetic pick up/ regime service.....,1,2026-09-05 14:40:03
d5ba95e9-9349-40ef-8152-f4faf39eb32d,myntra superb products quality,5,2026-09-05 14:31:46
0ac2b797-ae9a-4d24-9793-07c957541e5f,selling product on more than MRP showing MRP on their app is more than actual,1,2026-09-05 14:30:37
0f8777a3-b98c-4126-b8a0-1ab562f757dd,"Myntra is a great shopping app with a wide variety of fashion products. The app is easy to use, product quality is generally good, and the delivery experience has been smooth. I also like the offers and discounts available. Overall, a good app for online shopping.",5,2026-09-05 14:23:55
aae7c999-2dc1-4e26-b352-6fc8191e600c,good product,5,2026-09-05 14:18:19
a2965fde-cfb4-4736-b75b-92bad0c8b59a,nice app for fashion and beauty products,5,2026-09-05 14:17:51
a8962aae-0ae0-4914-a525-9a1844db5a24,nice.....excellent product..,5,2026-09-05 14:17:43
decf13c9-e400-495c-8e23-41dace606158,Myntra is my first choice..,5,2026-09-05 14:15:18
d89390b9-900a-49f4-b350-8bb78f029347,very good 😊😊😊 I am satisfied ☺️☺️😄😄,5,2026-09-05 14:14:33
41f8bbb2-5604-49cf-bbfc-b4e71b653890,nice aap,5,2026-09-05 14:12:18
05a4f1a1-9d04-4958-ba72-ba8b09454c51,product quality service everything was awesome,5,2026-09-05 14:09:36
0ba6b1d4-b094-4055-8788-2d721e461aec,it's a very good app and not taking delivery charges and giving rewards. I am also very happy to use myntra thank you for providing such a wonderful app we will love myntra too much 😚,5,2026-09-05 14:05:59
b8f03580-8934-410a-b4da-df5310c919fa,nice 👍,5,2026-09-05 14:05:37
e1482f60-d374-4833-94fc-5876ed46ccd1,originals 👍,5,2026-09-05 14:05:32
5e0a0db9-4f41-467c-8ce5-32f336d52785,thanks for myntra,5,2026-09-05 14:03:44
3d034bed-7525-4636-bbd5-1f705460c6ab,fantastic app genuine products 👌👍👌👍,5,2026-09-05 14:03:36
b0b236e2-a415-458a-885d-904665f8ad95,this is were use full to us this app thanks myntra,5,2026-09-05 14:00:30
a173af89-9e78-4573-b610-6c7802f7975d,good app,5,2026-09-05 13:58:58
b5b6bc0c-ff30-4312-a4dd-572e20319346,great,5,2026-09-05 13:58:09
2b8bf312-4015-42d4-96cf-e1dc6d156038,better than all,5,2026-09-05 13:55:59
3424b435-6c59-417f-9393-90a01158a052,very nice deliver app I have used till now,5,2026-09-05 13:55:40
00e65321-00c8-4096-b5bf-73f525bcb3c8,nice,5,2026-09-05 13:55:23
574736fa-91f2-4e48-91c5-6e88ffbf0206,nice app,5,2026-09-05 13:52:52
96c0f69a-6b2a-476a-a730-2a9d1c9fce35,Had an extremely disappointing experience . it is continuously saying that my refund is completed but there is no such amount in my account.i already updated my account statement.it's been 2 days already and i didn't get my refund. customer service is too much lengthy and awful.always put the call on hold. I will never recommend this app to anyone,1,2026-09-05 13:52:08
80774cd4-8b7f-4719-8a10-a17c00442f0e,myntra is better than other applications it gives more discount than flipkart and amazon and always gives best packaging of product,5,2026-09-05 13:49:32
1df9eb57-1d9e-40b6-9a0e-3cc7897dac9a,best shopping app,5,2026-09-05 13:49:29
d67583b7-bb44-4115-bff4-af44b5e9f5f0,app is amazing but the platform fee is too much.,5,2026-09-05 13:49:23
82e60e83-606b-4692-b9aa-041b257e5c9b,nice,5,2026-09-05 13:48:29
59a2d9ea-841d-4351-bf1d-2109347c4cc5,"worst app, customer support is very bad",1,2026-09-05 13:47:49
3b550b3b-8fea-4907-b320-8208821de959,superb quality and excellent product,5,2026-09-05 13:45:46
7013ed2d-fb6c-49fe-bdff-8e2e84d1518c,"Myntra, this app is nice",5,2026-09-05 13:45:00
7228825c-fb6e-47f4-a0de-124a17144476,nice experience,5,2026-09-05 13:42:01
3f529958-9d12-4dd6-97c7-4ee1660cfb3c,best app ever,5,2026-09-05 13:41:42
48dd692e-ea46-4448-af5b-6e0644916f04,nice,5,2026-09-05 13:39:54
6645a411-c416-4fa8-bae1-ef14b59cff1d,good,5,2026-09-05 13:38:54
f4738d4b-1060-4d3b-b755-3427c3e49c53,this app is so good and i always order from this app and we can get all products in low price,5,2026-09-05 13:38:23
f2808fa6-1bbb-40d2-9fb8-b03469d0a82c,ye shopping app bahut let product delivery deta hai or iska mangement bhi kharab hai kyuki Mera kai product automatic cancel ho Gaya hai or mera kitna Sara product delay ho raha hai,1,2026-09-05 13:37:54
947c3476-a25b-4964-8729-4572bb9134bb,nice,5,2026-09-05 13:36:04
7134a993-9d10-4756-b32f-adab38a7beb7,this was a fraud app don't buy products in this app if you apply for any offer they will cancel the product without any information and say we are not available in the delivery point and ask to re order the same product for high price,1,2026-09-05 13:35:35
096a5a90-c12d-45c2-a020-9eb82bce19d6,Best online shopping application,5,2026-09-05 13:29:40
64620ccc-8f44-460a-b1af-1e36ac45ad8b,Nice,5,2026-09-05 13:28:24
962b4137-aa1d-4ae2-9f2f-f5f4ca294c1c,This app has worst logistics ever...it never delivered product on time,1,2026-09-05 13:27:41
1ea023b3-6031-4109-b19b-f90ee97381b9,Using myntra for a long time and it's a very good experience,5,2026-09-05 13:25:09
28357f9b-acb6-4447-93dd-7442fa127f76,amazing products,5,2026-09-05 13:21:49
5727bffa-6b90-4687-b890-87e46bed2ec3,Myntra is best application for purchasing our daily lifestyle stuff,5,2026-09-05 13:21:16
1d90695e-d01d-4f52-891f-8ecc88161883,"Their service is very poor. If we place an order for 30 minutes in 4 hours, they cancel it at the doorstep and do not give complete refund and the customer care is completely useless.",1,2026-09-05 13:19:42
7ea508d4-3442-46c3-8290-d69f451cf093,Myntra products are really awesome and the original products available in this.,5,2026-09-05 13:18:30
b4f62f74-f639-4df8-8287-264be6fe5c36,good app,5,2026-09-05 13:15:55
a93ea87f-0b8a-4351-abce-e1f8746b046c,Good,5,2026-09-05 13:11:17
e3c6c71c-3b63-4be3-b9a5-722e5da498da,good quality of products,5,2026-09-05 13:10:55
3438b6e0-59af-450b-b62e-9ce22aa27cb0,best quality of products,5,2026-09-05 13:10:43
5435591f-9309-4051-9e45-048a5a36f1f4,best experience for shopping and premium sweatshirt,5,2026-09-05 13:09:27
7a1d88ea-9b34-4854-a1df-b78f1fdafb7b,best offer 😍🤑🤩,5,2026-09-05 13:05:27
bf7f29cc-cd6c-46de-848a-7bbb94631008,good product overaal,5,2026-09-05 13:04:14
24e6532c-ac59-4ee0-b5db-a3d61a44e994,wow nace,5,2026-09-05 13:03:39
a97d78e2-ee07-40e0-bec7-a413779336b8,good product,5,2026-09-05 13:03:07
4159087e-7b4f-4d51-a4d5-3e45efd2114e,best,5,2026-09-05 13:00:28
b1c88082-8c0e-42e6-89c5-9d1c9a960a65,great experience,5,2026-09-05 12:58:35
fb4912b8-0426-44df-a028-b610e790131c,using myntra since few months and itvhas wonderful offers and coupons i love myntra and quality of products they provide is also superb.,5,2026-09-05 12:58:25
86b543a3-e44b-422c-8f53-6628dfdf5cb7,"great experience, best offers, smooth everything 👍",5,2026-09-05 12:58:20
5af40a68-8ca2-4a92-a7c9-57406e8832d9,𝐩𝐫𝐨𝐝𝐞𝐜𝐞𝐭 𝐧𝐢𝐜𝐞,5,2026-09-05 12:57:45
3323d3b9-5a66-493c-84e6-c9bf8189392d,super app quality product iam very happy to purchase,5,2026-09-05 12:57:45
b83e688e-d448-4d42-9855-6a7dd730219a,✨️,5,2026-09-05 12:54:03
b5bb7236-1541-4976-af53-0f95acafec26,Great products. Fast delivery,5,2026-09-05 12:53:53
611b7b48-61c3-475a-92aa-38ae91a4fe41,very good,4,2026-09-05 12:52:52
31de13ef-c2c3-4f89-ba19-5f015c6be2f9,I really like it,5,2026-09-05 12:52:08
3c6266b1-93c8-4c93-8b53-034da94a5426,excellent,5,2026-09-05 12:51:15
56244eb9-8cae-4523-b19f-cb1d3af926e6,very very good app 👌,5,2026-09-05 12:48:37
963236e3-dee4-49db-9493-f6d1966eb7a2,good,5,2026-09-05 12:47:12
feecc902-5951-4b63-9688-2bfed67235e7,Best app for purchasing skincare products,5,2026-09-05 12:45:56
becae9fb-25a4-4c13-9abb-d0cfc7960f2c,"3rd class company...not able to connect with customer care through call, chat executive not able to resolve the issue. when I am going on request call back section, nothing is happening...no option at all to connect through the call. I was supposed to get the delivery today but did not get though the delivery date is still showing 5th September. Not only this, on the top it says it is packed and on delivery tracking status it says not shipped",1,2026-09-05 12:45:20
e9f4f322-2bc7-48bb-a364-120ba792477e,"Extremely disappointing experience with Myntra. My prepaid cargo pant was supposed to arrive by 30 Aug, but the app falsely shows it as delivered on 28 Aug, while I received nothing. Customer support refused to investigate, citing an expired 5-day window. My money is with Myntra, but I have neither the product nor a refund. Absolutely pathetic service. 1 star only because 0 stars isn’t an option!",1,2026-09-05 12:43:31
ef03efac-632b-4ed6-adcd-1ad4eb80d4b8,good 👍,5,2026-09-05 12:39:14
b7e47503-237a-4973-8a4f-6cfc3204658d,y u guys not showing shopping details? how much needed to pay is also very annoying 😭,1,2026-09-05 12:36:20
3057a3f5-ec05-4b30-afe4-a1bc00ca8599,world wide shopping in my hands thanks to Myntra,5,2026-09-05 12:36:09
2cd39b72-faed-4a1a-b803-88cda8f57800,good,5,2026-09-05 12:33:56
50d433cb-27c0-4d19-b136-1461c471db18,good app,5,2026-09-05 12:33:39
eecad8ea-564c-443d-98a1-f2c2aa00338d,good experience...with a better deal always,4,2026-09-05 12:32:15
c8a6a66c-e85b-47ff-b373-40c645e873b7,very nice 👍🙂,4,2026-09-05 12:32:01
17db7a91-245c-4b78-873e-3019919936b2,nice aap,5,2026-09-05 12:29:08
c7e9a054-7e70-42eb-80ee-44f4d7c2b9df,"This platform of very helpful ,and buy the product just given item was a quality product .",5,2026-09-05 12:28:53
0c5b8b04-d2b7-4f96-a445-f729e87f3466,nice service,5,2026-09-05 12:21:33
17e7e7d5-4ea1-4534-9774-820c729253a3,"good, nice, product quality is up to mark 🤟",5,2026-09-05 12:20:29
62e5395b-e417-4760-85f4-06890eadc99a,nice,5,2026-09-05 12:20:10
e0be9693-ba4a-46a5-b510-4da9fe4aa7c5,best service,5,2026-09-05 12:18:20
d6cbdb82-c467-46ca-ba2e-6ad5574de554,Ek naber bhai,5,2026-09-05 12:18:05
bdedd514-1bcf-4ee7-85ae-cb582d036257,wonderful always cooperative,5,2026-09-05 12:15:35
4f8868b1-1ed9-404e-88f5-e64d2af384e1,best app to buy products with good quality and fast delivery without any delays,5,2026-09-05 12:13:10
3e955875-e051-4cfe-9a2a-b52ce52eb1b4,Awesome design,5,2026-09-05 12:12:57
fac16101-b07e-46bf-be21-22a14bc10266,very good experience.,5,2026-09-05 12:06:38
94b932fa-e28f-49f0-ad38-8aeb87313012,They provide good service and good product,5,2026-09-05 12:06:20
f343c07c-fc40-4eca-9c96-4b290b3ed6d7,amazing app,5,2026-09-05 12:04:58
1186efa5-f015-4f04-a646-3647bc809f95,very poor customer service of m now I have order a minimalist eye cream at 9.30 still didn't get it delivery agent is also not picking my call,1,2026-09-05 12:04:58
fb5a40bc-7639-4558-b0c7-ed2c2eac05a1,"love this app becoz,kabhi bhi koi product purchase kro , product quality bhot achi hoti h, packaging osm rhti h, delivery timing se phle aa jata h product,bhot trust h is app pr ,thnx myntra shopping easy banane k liye 😊",5,2026-09-05 12:04:58
3651a881-eb27-4652-9832-3a3e5b1ed2d3,"It's a great app , go for it 🙂",4,2026-09-05 12:01:40
4df5f6c3-185b-44b9-8bdd-9acef349e04e,the clothes were just amazing at reasonable price and the delivery is even on time and another good thing is return pickup is also even fast,5,2026-09-05 11:57:52
fe99e860-92e7-472c-b9d3-f8c895092df1,very good experience 👍🏻,5,2026-09-05 11:57:24
2eec2058-ce8b-40b1-9fdb-a74cc6926f6b,good,5,2026-09-05 11:54:39
0d99c6b3-73d7-442a-86cb-fdc4b46c0a9b,best app for clothing and cosmetics and many more 💯💯,5,2026-09-05 11:54:11
6c1854b9-7410-4def-933c-f4e0bce64ec4,all best clothes ever better then ajio and all,5,2026-09-05 11:52:26
fea07327-187b-4ed4-9194-0a56fb940237,good,5,2026-09-05 11:51:53
e9b46965-09b2-4a1f-83f1-4c1e2b147cb4,good,5,2026-09-05 11:50:13
397bd6ba-84ee-4d10-9eff-40dab3f0c59a,nice,4,2026-09-05 11:43:37
ef79299f-61a2-4ef0-9d3c-fbb2d455314c,very nice,5,2026-09-05 11:42:01
e3ccef28-beed-48b8-9ac1-2c8543e36eb8,nice app,5,2026-09-05 11:36:58
d5513bbc-ec77-4cea-9905-9132995b3946,good,3,2026-09-05 11:36:26
065a1ddd-6d69-4cc4-921d-646e60276915,good app with filters,5,2026-09-05 11:34:50
d590324f-56c4-4e44-9986-c96e81d9027a,best app expirinc,5,2026-09-05 11:34:35
6c8131ce-828b-4469-b1e2-1cdb0d115f91,"Always Legacy and Best Shopping app of Best Brands both Casual and Office wear, loved shopping from Myntra all the time 😍👌❤️👍Well recommended",5,2026-09-05 11:34:27
0cda728a-ca32-41dc-a7ef-de3ce2ba32c5,good,5,2026-09-05 11:33:49
ef5b0629-bf50-4a26-8dcb-d3a3a70262af,worst myntra totally fake products delivered,1,2026-09-05 11:33:04
05d3df6c-425b-4328-bad7-66db4cc8192c,Good,5,2026-09-05 11:31:48
0853ea53-b333-4098-853d-6622a8ed8b02,nice,5,2026-09-05 11:30:49
a3f2514d-610a-497f-8907-a147b332dfb0,great,4,2026-09-05 11:30:32
253ea28f-4b6f-411b-81d4-72e979bf15c3,best price available,5,2026-09-05 11:28:28
f539b05f-85cc-4fb2-a70c-062a9f570655,nice,5,2026-09-05 11:28:07
fc0f1c6d-451c-4f81-9545-b6d40d182ea4,amazing service and fast delivery,5,2026-09-05 11:26:36
9ca8fdf5-99d9-4911-a796-20c6c288a5d2,Best shopping app!,5,2026-09-05 11:24:59
23e92469-56ea-4172-8ddc-218cd0978a06,nice Application,5,2026-09-05 11:21:35
e9e59b76-aeaf-4482-932d-156c88f454df,I have been using myntra for a long time but earlier it was good. Now a day's face many issues like my brother ordered a kurta of xl size it was tight for me so we replaced it with XXL but the newly received one was smaller than xl. I purchased a kurta set when I purchased with option for 7 days return and replace but after receiving it was of medium size but it was not fit. for that kurta there was no small size so I wanted to return. return option was not available later.,2,2026-09-05 11:20:12
4b6afaa6-3760-4d8c-afb2-5b521b611ab7,"i ordered a pair of shoes, there was a slight problem with the size. I Exchange Asked for but exchange did not happen",1,2026-09-05 11:18:25
1a1e425d-d97e-4b24-9f16-60aa2d65596c,awesome,5,2026-09-05 11:18:09
d81a7888-5cb9-4ae6-b156-1111dc63a259,sizes are confusing and not same for every product.,5,2026-09-05 11:17:36
dfddaccb-8c7b-4deb-a6fa-cd9a2b67e95b,good,5,2026-09-05 11:17:01
c6f1a700-46ad-405c-9c65-cede71d67e29,Great for clothes,5,2026-09-05 11:16:45
364222d4-b33f-4c26-ac67-4f0338ad5ebd,good,5,2026-09-05 11:15:00
61d3106e-f108-44e1-bfb9-4a1bcae9fdec,nice app it give original product with best quality and price 🤩,5,2026-09-05 11:12:07
f017b6fa-5db6-4af1-be23-a4b43c0999d5,great experience with myntra. i have ordered pair of shoes they delivered it on time. thankyou myntra,5,2026-09-05 11:09:56
6107d1f9-5acf-4c44-97b3-9b6c2d3ee81a,"very good app to make purchases,better than other ecommerce platforms as the offers are more legitimate and products are original",4,2026-09-05 11:07:59
7c9ae196-26db-44c6-a395-9f5c838caa4a,bahut achcha app hai,5,2026-09-05 11:07:36
5a160cfc-2f49-449c-a12f-c050aff5d31b,amazing products,5,2026-09-05 11:06:52
a860654a-9332-40b6-aa99-09850f198bf1,nice,5,2026-09-05 11:06:20
096913ce-74a1-4d35-80c5-bee3526271cf,world best shopping app 🥰,5,2026-09-05 11:04:02
72492eba-a068-4bc4-8fad-bacc7acbe38c,only because of service,5,2026-09-05 10:58:39
3a64bf28-4b55-4641-96c1-6d3a4b7ac569,❤️,5,2026-09-05 10:58:30
8c5878f6-dafe-4090-b8aa-903bb9cba266,nice app,4,2026-09-05 10:50:51
cc0d6744-b240-4da5-981b-a89fd9f4c01d,worst app... i returned a item and did nt got refund. and they won't even respond to our call. please refund my amount,1,2026-09-05 10:49:19
8afec049-d66c-41e2-8fb0-4abaff7f7ea1,excellent,5,2026-09-05 10:47:03
e2fbd06b-dd9d-44c7-8ec9-30ba12b622f1,ok ok,3,2026-09-05 10:46:15
d3f2abde-62ae-4cbb-afaa-ea0ce0310b93,Nice,5,2026-09-05 10:45:51
babd5b51-5f09-42f5-abb3-ba4c2eda5b3b,good easy interface easy to look offer,5,2026-09-05 10:45:13
93e15dad-f98e-4687-ba1c-c1a88118659c,Super App,5,2026-09-05 10:42:47
0a4ec948-2334-4087-b0a6-6f68273f2c1b,"this app is really good,from my recent experience I really wanted to share that the product,price,delivery everything is just amazing",5,2026-09-05 10:41:14
f4cc51f7-06aa-4bd5-8a21-2a9daa1b96f7,very good experience,5,2026-09-05 10:34:52
ccfb819e-04c0-4157-ba6a-e5a2b92ea62c,very good,5,2026-09-05 10:33:31
91123ea0-8d04-4d5f-b048-82d889aa4c25,Best quality than other apps,5,2026-09-05 10:30:54
364fa189-bff4-4a1d-ad97-618158d7d207,very slow app,2,2026-09-05 10:29:20
ab032d7a-d311-4a91-8bbc-9d9616108433,very good,5,2026-09-05 10:27:45
50e47175-f0be-4ee1-b69a-7f044b78a012,Osama,5,2026-09-05 10:27:02
f787f91c-f896-49b9-b6f5-3d5410f4a5a1,"I'm using myntra for a long time but recently I'm experienced very bad service from myntra after giving wrong product they didn't exchange or return it , pick up failed one after another because of wrong product but, it's only Myntra who deliver the wrong product now they are denied to accept it. So when I reached out their help center it always said their service giver were busy on another call I tried for a week but can't connect with the service giver. Totally a dishonest shopping aap.",1,2026-09-05 10:26:17
8848c220-ea26-43d0-9eb5-f2ebf3e44aab,best,5,2026-09-05 10:25:36
38a30440-b064-4781-a0b3-f39452eaf9a8,Good products!!,5,2026-09-05 10:24:20
3145d9c5-fe8a-4d15-846f-958d57b925bf,Just awesome myntra 🤩,5,2026-09-05 10:23:38
7c4ce7ad-981b-4f66-a052-de88d8b204e6,very good,5,2026-09-05 10:22:32
ea777be6-c0b9-4bd9-b89d-7dac1d2fbde4,myntra always give me happiness 😊,4,2026-09-05 10:19:00
f16f1d78-6867-47fa-bc35-6018919cbb75,nice quality,5,2026-09-05 10:18:15
2b54533e-d361-44d4-96d0-4640d6988c64,They cancel my every order without any valid reason 🤬🤬,2,2026-09-05 10:12:14
e384014f-46fc-4303-946b-2023e18bbbcd,bht jhakkaaaas app hai!,5,2026-09-05 10:10:30
0dca9385-915a-44d3-b2b0-553a60cd8e8a,superb,5,2026-09-05 10:09:34
9d18e669-a26a-450d-beff-cf4a9dc95a20,"Worst . I raised a complain first they don't respond for 2-3 days then raise a ticket. Resolution time limit was 3 september. but on 3rd September instead of providing resolution they say wait for another 48 hours. After Waiting for 48 hours they again told to wait for 24 hours. Seriously, this is how they literally work. If they seriously want to look in issue it's not worth more than 5 minutes but they just procrastinate. I'm done with this , won't ever recommend it to anyone.",1,2026-09-05 10:06:39
aa7bed38-43c2-4b5f-9a14-21a92c139eb3,"if i search a product and continue scrolling, from there if i share one product directly to someone, search is getting reloaded everytime in this recent update",1,2026-09-05 10:03:00
11dfc06d-7d5a-4757-87b7-a904bae8f9c1,it's great and original branded clothes,3,2026-09-05 10:02:48
86b542ba-b274-4f71-a4e8-d0ffd2472838,"Don't Buy anything From Here, Their Customer Support Is Worst, They Don't Return/Exchange Your Product, They Put it on hold And No One Will Respond when you connect with customer support, Very Bad Experience With Myntra",1,2026-09-05 10:02:45
a70c35c1-9bbb-4145-80ba-d30ffad24a19,An Excellent E-commerce platform which provides you a huge variety of products at a reasonable rates and hastle free return / exchange policy.,5,2026-09-05 09:58:38
ce47ee7b-070d-4f10-810d-b6c9cda166e6,the best online shopping app.,5,2026-09-05 09:57:50
643c2b82-ab94-4ee4-b52b-9acebc079392,Nice experience with all my purchase,5,2026-09-05 09:57:39
3e7ee17d-a36c-451c-b36e-bfb827bb1776,The customer service is trash. They marked my refund as successfully Transferred. I raised an issue against this. They marked it resolved without even taking time to resolve it!!!,1,2026-09-05 09:56:31
dc18750c-b61a-4f94-ad09-cd0f15c8d093,"very bad experience the.Myntra claims to have an 'easy return policy,' but they just keep delaying the time. They are sending completely wrong items instead of what was ordered!""",1,2026-09-05 09:56:02
4d998aff-9faa-431d-bf01-80e8e2fd82de,superb,5,2026-09-05 09:53:34
60e97618-504b-48dd-b4cd-60564a84cc9e,bad customer service,1,2026-09-05 09:47:36
80a9bc6e-d194-40c3-9ad9-ac334cfdf985,love ❤it,5,2026-09-05 09:45:37
92c60657-4e6a-411a-871b-1ad3663c1a29,excellent,5,2026-09-05 09:44:58
cc0d2a50-e5ee-49b7-9a4b-b08aa4738276,overall satisfied and good experience every time,5,2026-09-05 09:44:45
f2f4acfb-6b21-4dd9-a161-416388838aee,very nice,5,2026-09-05 09:44:11
deb9e539-1cae-46da-b1b7-0aa0414b5b6c,maine ek order kiya hai na hi koi mssg aaya hai aur na hi order time par delivery hua hai only date will be extended very bad app for online shopping,1,2026-09-05 09:43:53
a356f842-dec3-497f-af38-a4b51a40d7c8,osam,5,2026-09-05 09:37:14
e1011486-d8e1-4878-a9ef-d66c59bed366,i love the experience from myntra,5,2026-09-05 09:35:19
ed2b96fe-d673-490c-88b0-3319e86b13ae,Good app for shopping,5,2026-09-05 09:31:31
ba1b2d1a-f7b5-4411-b7bf-173d2938a52d,good 🤍🤍🤍🤍,5,2026-09-05 09:31:16
8ce3aae0-431b-469d-aaaf-ffffa3267cbd,excellent service and products,5,2026-09-05 09:28:38
1ee4f99f-6eb5-4ff2-ae59-324675eee8a5,Worst app ever. They say they'll refund your amount in myncash and never refund it back to your account. and if we call customer care they'll say cash has expired. 3 times the same thing happened with me. I lost 74rs today. totally the worst experience.,1,2026-09-05 09:27:35
27aed98c-2307-4bfd-b444-0ec15f7aa43f,super,5,2026-09-05 09:25:23
a14438a8-d78b-4b20-8679-4b7e7d2311cb,good service and QUALITY PRODUCT😍,5,2026-09-05 09:17:26
8ed843fe-ebdd-4a57-8055-c977a3b3df1b,l gave 5 star for the experience,5,2026-09-05 09:14:32
52be91a8-141c-490a-a5c8-9779be48c93e,love it,5,2026-09-05 09:03:16
226c1236-00bd-4e15-a6ac-64013a161062,so good app,5,2026-09-05 08:59:54
7b58222b-4655-47ce-9fa3-3d224e68c7ba,good price,5,2026-09-05 08:56:27
875ebb54-2420-494f-93e4-40a0e3dfedce,nice,5,2026-09-05 08:54:32
53804e78-8cd1-410f-ab2a-28140da9b38a,i love this kurta set .pure cotton dont think just buy,5,2026-09-05 08:52:56
6d4e716b-503d-46bb-a367-aa0189acd83c,👌,5,2026-09-05 08:44:27
8dc6d4ce-c0a7-4fbc-b6bb-48d4c5fec360,ok,5,2026-09-05 08:42:52
3e2f3a86-a3c2-4960-8ab8-58b0deb2d229,excellent,1,2026-09-05 08:42:49
4ecf6551-688c-4a04-b567-9df8f473b46e,very good,5,2026-09-05 08:42:37
54f3101d-2abb-4793-ba9c-9186bfe36838,excellent 👍🏻👌🏻,5,2026-09-05 08:30:02
648e4f71-3256-4a6a-b68d-6234163caa64,good,5,2026-09-05 08:28:48
7c39b005-de29-491f-9655-eb9e5d9693db,mast,5,2026-09-05 08:25:07
12e5725a-fad5-4d7b-9c00-43bae2226bb7,one of the most trusted online site I have been using .,4,2026-09-05 08:25:03
6ffea37f-345c-45b1-ad14-885c46b0861d,😍,5,2026-09-05 08:19:38
1ac55349-622f-4398-a4a0-c0cf30060ca1,good,5,2026-09-05 08:19:26
8ff71902-93b7-44f5-91b2-abfe49cad54a,Fraudulent activity by sending wrong items to earn the Platform fee. In lats 15 days 3 wrong items were delivered to me.. 1. Ordered a light blue jeans got a dark colored one so returned it 2. One product was delivered without any sticker or tag and was very cheap 3. A 32 size jeans is delivered fir an order of 36 size.. just wow 4. once the order comes then the size/color exchange option is disabled saying this is not available at your pincode/location Thank you very much Team Myntra ..,1,2026-09-05 08:17:44
a99a3b8a-d42a-45ae-8c2f-f0d73b583132,very good experience,5,2026-09-05 08:17:17
9d8f49e2-7640-43e2-b665-7de0aebb7483,🥰 😘 🥰 Amazing 😍🤩😍,5,2026-09-05 08:11:25
aa139e24-dc00-4178-9e37-23d549943487,this app is very useful,5,2026-09-05 08:08:15
0f1a67a8-a162-4f15-851f-fc19d73d0092,good,5,2026-09-05 08:05:52
29c178ce-2b4e-46e7-81ff-b5217e743a23,great option s,5,2026-09-05 08:05:19
e90f5563-20ba-407a-903a-c6e2c1254ceb,super hero,5,2026-09-05 07:58:36
626f41d5-1025-4cff-8d38-f5ea33e85c1b,good 👍,5,2026-09-05 07:58:19
8ce11f67-9133-4af6-a80c-ba040366ed61,mast,5,2026-09-05 07:57:42
3a9a438f-adf7-4b89-8ee8-1c89faf5cac6,superb,5,2026-09-05 07:52:08
fabedd3f-c56d-4844-b26d-91346cd201ef,good product's,4,2026-09-05 07:48:13
d7712d34-a80a-4f25-9885-316b5421c802,good,5,2026-09-05 07:45:42
cf2c4861-d869-4111-a5a1-84d19758d602,good 👍🏻,5,2026-09-05 07:35:22
e0aa9218-7fa6-4d54-98f8-27dcaf842b84,super,5,2026-09-05 07:32:07
63a63581-ee27-437d-990a-2ca2bade9a79,excellent,5,2026-09-05 07:21:48
7866dfac-7610-4cfe-b735-7a3787c94de5,that is very good product 👍 I like it and my family,5,2026-09-05 07:11:20
6fc4dc92-023e-42f9-8851-c02d57c86b88,very nice good product s,5,2026-09-05 07:01:18
b32eaee3-9175-42ec-8e14-08eb290d3e83,cannot use myntra credit n myncash together. Do u think we are fools? Cheating,2,2026-09-05 06:56:36
61819560-5024-4a6f-89a9-19fa512df878,awesome,5,2026-09-05 06:51:43
595e5ddb-97c8-4491-a77e-3aed1beebbae,Nice,5,2026-09-05 06:51:13
f4e11b54-b7a6-4519-bba0-f2eff2b7e70b,superrass app,5,2026-09-05 06:42:15
2d4206e8-2fb1-4642-87cd-41c7a081cf89,nice app.,5,2026-09-05 06:36:22
55c7fb30-1356-45f6-8e1d-c4ea5826c389,very appreciative application for daily essentials,5,2026-09-05 06:19:30
cd0b694d-82cf-4a3a-9e71-ef2246f968b6,wow,5,2026-09-05 06:07:53
e7ed2ccb-df00-4a43-8d48-37b0bfcdfdbc,perfect,4,2026-09-05 04:50:41
f9701899-a9f7-4a9b-aaae-260902f0087e,good experience,5,2026-09-05 04:45:30
9b32f61c-45d6-4ed3-b284-95f76b4b593d,good price go for it,5,2026-09-05 04:06:17
9c70780a-9af9-4400-a5db-04fca2211860,I like it,5,2026-09-05 03:57:53
095bd3a3-3823-4f0f-aa9e-cfbcdf48fafb,good,5,2026-09-05 03:31:38
97e77e94-4a92-48b5-854f-eb03fb32ae33,it's amazing shopping app,5,2026-09-05 03:20:03
3d7a6161-828b-4e17-b5ac-42fec1bd9cf5,Best Fashion items,5,2026-09-05 02:55:28
9fc3e9c7-0443-4582-b911-9afbfaa5290e,awesome and genuine product delivery in quick succession,5,2026-09-05 02:38:24
8d8c7066-c00a-4865-9c46-41ea79896398,very good👍,5,2026-09-05 02:37:23
72e93cab-ddc4-4b9b-b75b-3378ce676310,good app,5,2026-09-05 02:23:04
ce79da4c-7fce-4b20-9477-fec3d6179aef,best experience,5,2026-09-05 01:57:57
69c2ff32-7370-4584-9127-52a9f3406e0e,very good experience with myntra,5,2026-09-05 01:50:41
00baa1f9-2bd8-46a3-a16b-0fb8779418cc,Awesome for shopping,4,2026-09-05 01:50:15
b7cba2c1-ec14-427d-9946-e87cada550f6,best shopping app for maximum discounts,5,2026-09-05 01:46:38
9b56deeb-2c5a-4653-948c-fa805cf0eb8b,"★ 1/5 — Worst customer service experience. I cancelled my order and am still waiting for my ₹1,808 refund. Customer support told me it would be credited by 4 September, but I still have not received it. Support now claims the amount was already credited, but they have not provided me with a valid refund transaction/reference ID or clearly explained where the money was credited. I have contacted customer support multiple times, but I am not getting a clear resolution. Very disappointing experie",1,2026-09-05 01:17:54
5fe6a555-4836-495f-9037-4821eee82ad2,good,5,2026-09-05 01:16:21
463bc6ff-2143-4fd7-b38a-8c03ce7f2e19,good,4,2026-09-05 01:14:38
354a25bd-64f0-4821-bc0c-0ef2d2b62c66,amazing offers,5,2026-09-05 01:14:36
4b3c471b-34dc-410d-809f-b98082c3fc63,Good 👍,5,2026-09-05 01:14:30
5ee31d38-9760-4e66-93a4-3c8e9058c24c,good application fast service brand itom i like it,5,2026-09-05 01:08:17
ddbb9ebf-02ca-4890-bb22-ed67e4caced9,"worst customer support, The item is not delivered, but it showing as delivered in the app. I've been reaching out to customer support for four goddamm weeks and they're saying the same thing — again and again that, they would provide good resolution. And now my money is gone.",1,2026-09-05 01:04:49
a658a4a4-d573-4ede-9dca-309d3e528f4b,superb experience,5,2026-09-05 01:01:44
490e2092-0485-48a5-8ccb-72e426f561a7,nice,5,2026-09-05 00:59:01
51e14ff3-5988-47cf-a0c6-738343bb2925,good,5,2026-09-05 00:58:27
865657ea-e119-4e8c-93eb-f67b0495610e,mujhe mynta moon shopping karna bohot pasand hai ache product reasonable price mein mil jate hai,5,2026-09-05 00:58:23
f4e8c048-5c1e-4c1e-92db-923239eb9cc5,very very worst service from myntra when I order the product they are not able to that,1,2026-09-05 00:57:54
58019b04-3d33-429d-bf16-2db31a032313,amazing😍,5,2026-09-05 00:52:47
b54d22b8-243b-420a-a86d-e66a3bbb7dbe,osm 😎💀😍😍😍 fire look 😍😍,5,2026-09-05 00:47:48
271f1f70-a0e8-41f7-872d-47f7e7a285af,very good,5,2026-09-05 00:47:00
e59c5dda-ea1e-4dab-8da1-6f3fb0145984,"Best Online Shopping App, Budget friendly.",5,2026-09-05 00:43:43
e74c3636-9b2f-42dd-9ae6-0fa978570db0,🥰,5,2026-09-05 00:41:32
48a93745-7e42-4ce3-8a1a-f04af525f7d0,good,3,2026-09-05 00:36:15
83f0da8c-452d-49cc-a708-0480e54087bc,Excellent Shopping Experience,5,2026-09-05 00:35:33
26a89dab-cd56-473f-8a3e-0049dd343694,excellent,5,2026-09-05 00:33:26
accb39ee-c731-40a1-ae83-e8a3ebdbd846,it's my all time favourite aap for my online shopping for clothes and some accessories,5,2026-09-05 00:25:25
9846ef4e-55c4-40f0-b9fd-1634b1dcebab,First time I ordered something from myntra and my experience was bad. Myntra is bad at coordination. I wanted to return the item and they said a delivery man will come to pick up at 1st sem but took 5 days instead! I was in constant worry this item will be returned or not. Myntra is very bad at coordination and I'm uninstalling this stupid app.,2,2026-09-05 00:23:35
753387aa-84e0-494c-a9be-bc9716c44799,incredible 😍😍,5,2026-09-05 00:21:20
636ff09a-027f-4fe1-8424-783211fe88e9,Good,5,2026-09-05 00:17:16
ae892d08-92ed-4cd0-aaea-104253f9a36b,so awesome ❤️,5,2026-09-05 00:10:22
553544b4-962b-4d7c-800c-60868ace5308,😁😁😁😁😁😁😁😁,5,2026-09-05 00:09:24
1b003483-bfd3-425f-86c8-97d0d24c0182,Nice one,4,2026-09-05 00:07:10
6ae224da-37cc-427d-8d64-70be015dc032,good,5,2026-09-05 00:05:43
00a8d701-9f67-4ffa-a7ba-16299c22acfd,bad,2,2026-09-04 23:51:56
