review_id,text,rating,date,category,baseline_category,genai_category,notes,confidence,rationale
c86488d2-62da-461c-b8fd-776f4817fd00,product quality 👍,5,2026-09-10 11:37:24,Other / Not Return-Related,"Defective, Damaged & Counterfeit Items",Other / Not Return-Related,Positive praise caught by keyword filter.,0.98,Positive praise caught by keyword filter.
71171592-60f5-43fd-9b34-c99a33ba6bd5,this is best app. good quality products in this app,5,2026-09-10 11:29:40,Other / Not Return-Related,"Defective, Damaged & Counterfeit Items",Other / Not Return-Related,Positive praise caught by keyword filter.,0.98,Positive praise caught by keyword filter.
8adfadd0-0ea5-4e15-bfdd-309e0afdfe5b,"now days we faced worst service from myntra, wrong tag number issue . Myntra internal process is worst customer care doesnt understand issue and no clarity. from last one month am trying to exchange the shoe but dye to mismatch in tag pickup agent couldnt pickup the shoe... same issue faced by 3-4 guys from my company... no resolution",1,2026-09-10 11:24:05,Incorrect / Wrong Item Delivered,Incorrect / Wrong Item Delivered,Incorrect / Wrong Item Delivered,Mismatched tag attached by seller/warehouse blocked return pickup (Precedence 1 / Rule 3).,0.92,Mismatched tag attached by seller/warehouse blocked return pickup (Precedence 1 / Rule 3).
cadbf994-bbbf-42de-bf99-641953966091,Myntra bahut pyari app hai ispe shopping and return bahut aasan hai aur iske quality bahut pyari hoti hai thank you so much Myntra,5,2026-09-10 11:14:51,Other / Not Return-Related,"Defective, Damaged & Counterfeit Items",Other / Not Return-Related,Positive praise caught by keyword filter.,0.98,Positive praise caught by keyword filter.
dc843df8-06f6-464e-9f77-76244e8a5cd2,the product they send are really very impressive and material also feels like very good quality,5,2026-09-10 11:14:01,Other / Not Return-Related,"Defective, Damaged & Counterfeit Items",Other / Not Return-Related,Positive praise caught by keyword filter.,0.98,Positive praise caught by keyword filter.
c8e364b2-c816-43b4-959f-26b4f1b9f22c,bakwas app mai na shampoo order Kiya tha damaged product aya exchange ka liya kiya vo b nhi 3 bar contact kiya myntra valo sa ya inka pata nhi konsa business hai mai sabko ya he suggests karu gi myntra use nhi karu,1,2026-09-10 10:30:01,"Defective, Damaged & Counterfeit Items","Defective, Damaged & Counterfeit Items","Defective, Damaged & Counterfeit Items","Product arrived damaged, defective, counterfeit, or with severe quality defect (Precedence 2 / Rule 2).",0.94,"Product arrived damaged, defective, counterfeit, or with severe quality defect (Precedence 2 / Rule 2)."
527d2cf1-7178-42f9-8bee-596c1e666255,exclusive discounts and products quality are awesome also if I say about delivery partner's their too good too polite,5,2026-09-10 10:17:11,Other / Not Return-Related,"Defective, Damaged & Counterfeit Items",Other / Not Return-Related,Positive praise caught by keyword filter.,0.98,Positive praise caught by keyword filter.
7d4ec802-5376-4ab0-a2e6-1abb94458760,day by day product quality is very poor 😕 disappointed 😞,2,2026-09-10 10:06:22,"Defective, Damaged & Counterfeit Items","Defective, Damaged & Counterfeit Items","Defective, Damaged & Counterfeit Items","Product arrived damaged, defective, counterfeit, or with severe quality defect (Precedence 2 / Rule 2).",0.94,"Product arrived damaged, defective, counterfeit, or with severe quality defect (Precedence 2 / Rule 2)."
3c3e9fa5-d4cd-4a73-a52e-b067cd1bf1a3,good quality,5,2026-09-10 10:02:52,Other / Not Return-Related,"Defective, Damaged & Counterfeit Items",Other / Not Return-Related,Positive praise caught by keyword filter.,0.98,Positive praise caught by keyword filter.
f228c428-c284-49a8-9e05-020a29989c6d,need trusted & quality product !!! just go with myntra,5,2026-09-10 09:00:49,Other / Not Return-Related,"Defective, Damaged & Counterfeit Items",Other / Not Return-Related,Positive praise caught by keyword filter.,0.98,Positive praise caught by keyword filter.
a65a16fd-9324-4954-aaea-73deff562583,Product quality nice,5,2026-09-10 07:41:16,Other / Not Return-Related,"Defective, Damaged & Counterfeit Items",Other / Not Return-Related,Positive praise caught by keyword filter.,0.98,Positive praise caught by keyword filter.
7ebbd527-b0ce-49e6-8ea7-16a177434ab3,myntra means trust and quality,5,2026-09-10 06:40:40,Other / Not Return-Related,"Defective, Damaged & Counterfeit Items",Other / Not Return-Related,Positive praise caught by keyword filter.,0.98,Positive praise caught by keyword filter.
c22d2855-e709-47a9-98b5-5aa950315759,why do they take days to refund man,1,2026-09-10 01:38:33,Refund Processing & Settlement Disputes,Refund Processing & Settlement Disputes,Refund Processing & Settlement Disputes,"Financial settlement dispute: delayed, uncredited, or deducted refund post-return/cancellation (Precedence 5 / Rule 5).",0.95,"Financial settlement dispute: delayed, uncredited, or deducted refund post-return/cancellation (Precedence 5 / Rule 5)."
5785d386-90f9-4527-a1d2-0e517b096b30,"way better than amazon in terms of speed of delivery, return pick up and refund.",5,2026-09-10 00:57:43,Other / Not Return-Related,Return & Exchange Logistics & QC Friction,Other / Not Return-Related,Positive praise caught by keyword filter.,0.98,Positive praise caught by keyword filter.
e7aa8cb9-34ab-4694-ae42-b53d513c21b7,Good quality products always,5,2026-09-10 00:17:43,Other / Not Return-Related,"Defective, Damaged & Counterfeit Items",Other / Not Return-Related,Positive praise caught by keyword filter.,0.98,Positive praise caught by keyword filter.
2e2153fb-0bd2-4ec2-8292-ec933bd48a05,good offers with good quality,4,2026-09-09 23:40:32,Other / Not Return-Related,"Defective, Damaged & Counterfeit Items",Other / Not Return-Related,Positive praise caught by keyword filter.,0.98,Positive praise caught by keyword filter.
c65f2454-6e56-45e6-afe4-fb6ed7f88ddd,I like the returny policy of Myntra,4,2026-09-09 23:40:17,Other / Not Return-Related,Unclassified,Other / Not Return-Related,Positive praise caught by keyword filter.,0.98,Positive praise caught by keyword filter.
40b719d1-2cb6-4fcf-ac13-995b89a2126d,Dear Guys please don't buy any product on this application if you cancelled your order then you will not get a money refund so please i request everyone please 🙏 not buy any product on this sideeee and customer care service worst service ever they are not attending a single call .,1,2026-09-09 22:49:30,Refund Processing & Settlement Disputes,Refund Processing & Settlement Disputes,Refund Processing & Settlement Disputes,"Financial settlement dispute: delayed, uncredited, or deducted refund post-return/cancellation (Precedence 5 / Rule 5).",0.95,"Financial settlement dispute: delayed, uncredited, or deducted refund post-return/cancellation (Precedence 5 / Rule 5)."
74a9abf0-527f-46aa-b77f-7cb4863514b9,"Very disappointing experience with Myntra’s customer service and return/refund process. The customer support is extremely unhelpful, and getting a proper resolution for a genuine issue feels unnecessarily difficult. The return process is poorly managed, and refunds are not handled transparently or within a reasonable timeframe. Instead of resolving the customer’s concern, the support team keeps providing repetitive responses without taking ownership of the issue.",1,2026-09-09 22:33:30,Refund Processing & Settlement Disputes,Refund Processing & Settlement Disputes,Refund Processing & Settlement Disputes,"Financial settlement dispute: delayed, uncredited, or deducted refund post-return/cancellation (Precedence 5 / Rule 5).",0.95,"Financial settlement dispute: delayed, uncredited, or deducted refund post-return/cancellation (Precedence 5 / Rule 5)."
26780812-1ea1-42d9-a570-f85ae89a2abe,my experience related to this app is very good I the quality of things they sell is very good,5,2026-09-09 22:01:55,Other / Not Return-Related,"Defective, Damaged & Counterfeit Items",Other / Not Return-Related,Positive praise caught by keyword filter.,0.98,Positive praise caught by keyword filter.
40c36970-b3c4-4561-966c-d313f00fdf35,ye fraud and cheter hai wrong item delivery karte hai,1,2026-09-09 21:59:34,Incorrect / Wrong Item Delivered,Incorrect / Wrong Item Delivered,Incorrect / Wrong Item Delivered,"Fulfillment error: wrong product, style, color, or brand delivered (Precedence 1 / Rule 3).",0.96,"Fulfillment error: wrong product, style, color, or brand delivered (Precedence 1 / Rule 3)."
707a2144-c26d-4dcb-aa8d-dd884b831137,"very good product, very good quality, comfortable product.",5,2026-09-09 21:35:28,Other / Not Return-Related,"Defective, Damaged & Counterfeit Items",Other / Not Return-Related,Positive praise caught by keyword filter.,0.98,Positive praise caught by keyword filter.
a086593f-c988-4f0d-8d4b-480aa01a1c7a,"India's best fashion app for top brands, trendy clothes, and huge sales with a smooth UI, though doorstep returns can be strict and customer support is heavily chatbot-based.",5,2026-09-09 21:27:05,Other / Not Return-Related,Other / Not Return-Related,Other / Not Return-Related,Positive praise caught by keyword filter.,0.98,Positive praise caught by keyword filter.
58ef2f02-97e8-490b-81d3-0795a34023a7,"best products,wide range ,best quality",5,2026-09-09 21:25:40,Other / Not Return-Related,"Defective, Damaged & Counterfeit Items",Other / Not Return-Related,Positive praise caught by keyword filter.,0.98,Positive praise caught by keyword filter.
74b4c7d9-5ddf-4645-9379-ddf15aa36455,nice quality,5,2026-09-09 20:44:44,Other / Not Return-Related,"Defective, Damaged & Counterfeit Items",Other / Not Return-Related,Positive praise caught by keyword filter.,0.98,Positive praise caught by keyword filter.
e10ade33-6059-4861-84b6-fb2565e4dc76,service quality is continuously degradating . long wait on calls continuously fake attempt of delivery but no solution.,1,2026-09-09 20:42:52,Other / Not Return-Related,"Defective, Damaged & Counterfeit Items",Other / Not Return-Related,Forward delivery attempt and call center grievance.,0.9,Forward delivery attempt and call center grievance.
bff16678-d102-4345-a4d2-9d50b70860b6,Nice Quality 👍,5,2026-09-09 20:41:20,Other / Not Return-Related,"Defective, Damaged & Counterfeit Items",Other / Not Return-Related,Positive praise caught by keyword filter.,0.98,Positive praise caught by keyword filter.
7878b882-011d-4c64-9d65-caa8026a24f6,Didn't exchange or Return my parcel. really fraud might complain in the consumer helpline as well.,1,2026-09-09 20:27:34,Return & Exchange Logistics & QC Friction,Return & Exchange Logistics & QC Friction,Return & Exchange Logistics & QC Friction,"Operational reverse logistics failure: pickup no-show, unserviceable pincode, or rejection (Precedence 4 / Rule 4).",0.92,"Operational reverse logistics failure: pickup no-show, unserviceable pincode, or rejection (Precedence 4 / Rule 4)."
de9c0922-238e-4fd4-8597-33af89251467,"The product itself is good, but the delivery service assigned by Myntra was extremely disappointing. Even when I tried contacting customer care, they said they could register my complaint, but they did not have any details about the delivery agent. As a result, they were unable to resolve my issue or provide any proper assistance. The product quality is satisfactory, but the delivery experience was very poor and needs significant improvement.",2,2026-09-09 20:22:45,Other / Not Return-Related,"Defective, Damaged & Counterfeit Items",Other / Not Return-Related,Forward courier service complaint; product quality was satisfactory.,0.95,Forward courier service complaint; product quality was satisfactory.
8dd890a9-b205-4a38-8361-b5954ba8bba8,nice shopping app good quality products keep it up in future hope so,5,2026-09-09 20:16:20,Other / Not Return-Related,"Defective, Damaged & Counterfeit Items",Other / Not Return-Related,Positive praise caught by keyword filter.,0.98,Positive praise caught by keyword filter.
bb213f3f-e364-4b46-b2f1-5a7aee21a4ca,don't like thre facilities giving wrong products and not taking return worst experience ever faced in online shopping pls be careful while taking a order from this app,1,2026-09-09 19:51:25,Incorrect / Wrong Item Delivered,Incorrect / Wrong Item Delivered,Incorrect / Wrong Item Delivered,"Fulfillment error: wrong product, style, color, or brand delivered (Precedence 1 / Rule 3).",0.96,"Fulfillment error: wrong product, style, color, or brand delivered (Precedence 1 / Rule 3)."
4e0efd18-b4b1-47de-b89a-296e0eab7cad,my first order in myntra. good quality product i am so happy with myntra,5,2026-09-09 19:41:09,Other / Not Return-Related,"Defective, Damaged & Counterfeit Items",Other / Not Return-Related,Positive praise caught by keyword filter.,0.98,Positive praise caught by keyword filter.
c7fd626e-1daa-4b17-9d76-4576137a2631,"Pathetic, I had ordered a dress and requested an exchange.however, the delivery boy did not take the dress back during the exchange. I have been trying to contact customer care for quite some time.but i have not received any response.please confirm whether the product will be exchanged or not and provide me with an update as soon as possible.",1,2026-09-09 19:14:53,Return & Exchange Logistics & QC Friction,Return & Exchange Logistics & QC Friction,Return & Exchange Logistics & QC Friction,"Operational reverse logistics failure: pickup no-show, unserviceable pincode, or rejection (Precedence 4 / Rule 4).",0.92,"Operational reverse logistics failure: pickup no-show, unserviceable pincode, or rejection (Precedence 4 / Rule 4)."
f1d4f524-72e3-4042-a9fe-aa4f2a99c9ae,best quality,5,2026-09-09 18:59:34,Other / Not Return-Related,"Defective, Damaged & Counterfeit Items",Other / Not Return-Related,Positive praise caught by keyword filter.,0.98,Positive praise caught by keyword filter.
6ed3c4ec-ee49-456b-8d1a-b46a04a95259,best for quality,5,2026-09-09 18:58:41,Other / Not Return-Related,"Defective, Damaged & Counterfeit Items",Other / Not Return-Related,Positive praise caught by keyword filter.,0.98,Positive praise caught by keyword filter.
09db8cb6-979f-4515-ad77-9252510fb405,I ordered a sandal from you. it got delivered 2 days back now I want to return. I had placed return request within 15 min after I recieved my order. now return request is getting cancelled. today when I tried to place again it said pincode is not serviceable how come you can deliver to a pincode but you can't pick up. Pathetic. if this keep happening my return window will get closed. moreover Cust care is also not reachable it's just AI with some invalid options. arrange someone to pickup item.,1,2026-09-09 18:40:29,Return & Exchange Logistics & QC Friction,Return & Exchange Logistics & QC Friction,Return & Exchange Logistics & QC Friction,"Operational reverse logistics failure: pickup no-show, unserviceable pincode, or rejection (Precedence 4 / Rule 4).",0.92,"Operational reverse logistics failure: pickup no-show, unserviceable pincode, or rejection (Precedence 4 / Rule 4)."
fcfbc3a5-e580-4e62-be55-4cc801ce89fe,"guys plz do believe me.....this app sucks....it will make ur life miserable.....my god... there's is so much refund issue....u will cry....plz dnt trust this app.....this app is no more trustable like it was before.....if u raise ur issue....it will be highlighted but I will never be resolved.......I waited for 10+ days for my refund.....guys upi k through toh bilkul nhi Krna......they will never refund the money.....I went to the bank, talked to my the customer care of my bank.useless",1,2026-09-09 18:22:40,Refund Processing & Settlement Disputes,Refund Processing & Settlement Disputes,Refund Processing & Settlement Disputes,"Financial settlement dispute: delayed, uncredited, or deducted refund post-return/cancellation (Precedence 5 / Rule 5).",0.95,"Financial settlement dispute: delayed, uncredited, or deducted refund post-return/cancellation (Precedence 5 / Rule 5)."
6cabe49b-26fe-4239-a2f7-586f5d20859a,this app is brilliant because they provide excellent products at an affordable price and the return policy also helps,5,2026-09-09 18:20:07,Other / Not Return-Related,Unclassified,Other / Not Return-Related,Positive praise caught by keyword filter.,0.98,Positive praise caught by keyword filter.
009b419c-e131-4d07-8320-dce87a0e232e,Best app for outfits,5,2026-09-09 17:24:49,Other / Not Return-Related,Size & Fit Discrepancy,Other / Not Return-Related,Positive praise caught by keyword filter.,0.98,Positive praise caught by keyword filter.
cde8234f-9c44-4e53-a948-b2295a93e43b,if you are a heavy user and regular buyer then returns have almost never been an issue,5,2026-09-09 17:15:10,Other / Not Return-Related,Unclassified,Other / Not Return-Related,Positive review with passing observation.,0.95,Positive review with passing observation.
19eb6a40-271a-429e-9c4d-b737d72454f7,excellent quality product,5,2026-09-09 16:54:47,Other / Not Return-Related,"Defective, Damaged & Counterfeit Items",Other / Not Return-Related,Positive praise caught by keyword filter.,0.98,Positive praise caught by keyword filter.
b9e76f95-5a04-46f7-a9e9-83ed0dc8c716,amazing products in one app with best quality and reasonable price,5,2026-09-09 16:14:37,Other / Not Return-Related,"Defective, Damaged & Counterfeit Items",Other / Not Return-Related,Positive praise caught by keyword filter.,0.98,Positive praise caught by keyword filter.
ba2b7e35-bfcd-4b77-ac96-2415b3c8bd76,"⭐⭐⭐⭐⭐ Lower ki quality ekdum mast hai! 😍 Fabric kaafi soft aur comfortable hai, fitting bhi perfect hai. Stitching aur finishing bhi achchi hai aur pehenne par premium feel aata hai. Daily wear aur workout dono ke liye kaafi comfortable laga. Price ke hisaab se quality bahut badhiya hai. Overall, purchase se bilkul satisfied hoon. Definitely recommended! 🔥❤️",5,2026-09-09 16:10:47,Size & Fit Discrepancy,Size & Fit Discrepancy,Other / Not Return-Related,Customer received correct label but item failed to fit or size chart was inaccurate (Precedence 3 / Rule 1).,0.93,Customer received correct label but item failed to fit or size chart was inaccurate (Precedence 3 / Rule 1).
0f4791e4-15b4-4b0a-ba72-678b2afa2951,worst application I have ever used. They always delivered the wrong product with cheap quality,1,2026-09-09 16:08:47,Incorrect / Wrong Item Delivered,"Defective, Damaged & Counterfeit Items",Incorrect / Wrong Item Delivered,"Fulfillment error: wrong product, style, color, or brand delivered (Precedence 1 / Rule 3).",0.96,"Fulfillment error: wrong product, style, color, or brand delivered (Precedence 1 / Rule 3)."
4e18d617-f243-42d3-8eac-4c7136f842df,"You can get quality products at affordable prices on Myntra, with delivery on the date mentioned at the time of purchase.",5,2026-09-09 15:42:49,Other / Not Return-Related,"Defective, Damaged & Counterfeit Items",Other / Not Return-Related,Positive praise caught by keyword filter.,0.98,Positive praise caught by keyword filter.
5f80f7ce-6b68-4ae5-87ac-c0e29ad5cf3a,"Good quality, amazing designs and vibrant colours",5,2026-09-09 15:39:57,Other / Not Return-Related,"Defective, Damaged & Counterfeit Items",Other / Not Return-Related,Positive praise caught by keyword filter.,0.98,Positive praise caught by keyword filter.
fdf7f557-7086-4b58-8c20-3b7faabccd69,Mera return Kiya tha par abhi tak refund nahi aya hai 1week ho gaya hai,1,2026-09-09 15:17:29,Refund Processing & Settlement Disputes,Refund Processing & Settlement Disputes,Refund Processing & Settlement Disputes,"Financial settlement dispute: delayed, uncredited, or deducted refund post-return/cancellation (Precedence 5 / Rule 5).",0.95,"Financial settlement dispute: delayed, uncredited, or deducted refund post-return/cancellation (Precedence 5 / Rule 5)."
c3015581-98d4-4c62-a821-414716231dec,too good quality products... so beautiful,5,2026-09-09 15:13:16,Other / Not Return-Related,"Defective, Damaged & Counterfeit Items",Other / Not Return-Related,Positive praise caught by keyword filter.,0.98,Positive praise caught by keyword filter.
b4aaae16-cf3a-4fc3-9ac6-eb0ea7f0f5ee,"myntra Upo delivery, I received a similar item as shown in image with a different brand tag attached by the seller. Upon delivery, there was a size issue with the T-shirt, so I raised a return request. However, the return is not being processed at all. The status is stuck as 'Return Requested', and the pickup date/time keeps getting extended continuously without any pickup being completed. I have been trying to contact Myntra Customer Care repeatedly, but the issue is trapped in an",1,2026-09-09 15:06:49,Incorrect / Wrong Item Delivered,Size & Fit Discrepancy,Return & Exchange Logistics & QC Friction,"Fulfillment error: wrong product, style, color, or brand delivered (Precedence 1 / Rule 3).",0.96,"Fulfillment error: wrong product, style, color, or brand delivered (Precedence 1 / Rule 3)."
d3e8c966-1f6b-4243-b707-3cd8cfb92a92,"good brands and good quality products , I have a great experience about the myntra products",5,2026-09-09 14:29:07,Other / Not Return-Related,"Defective, Damaged & Counterfeit Items",Other / Not Return-Related,Positive praise caught by keyword filter.,0.98,Positive praise caught by keyword filter.
b691b19d-a5e9-48ba-a7f9-882cf6ee3a62,"on return they don't refund the full amount, neither inform the customer about service charges to be levied on returning the product.. sending the same size again and again even after informing at customer care, it wasn't my fault, why should I pay service charges. customer care shows no help and support",1,2026-09-09 13:31:19,Refund Processing & Settlement Disputes,Size & Fit Discrepancy,Refund Processing & Settlement Disputes,"Financial settlement dispute: delayed, uncredited, or deducted refund post-return/cancellation (Precedence 5 / Rule 5).",0.95,"Financial settlement dispute: delayed, uncredited, or deducted refund post-return/cancellation (Precedence 5 / Rule 5)."
4d988d7d-291a-4329-849a-0fb37a403769,everything is ok but i haven't got my refund back ( it's like 15 days back I have returned it) it's so frustrating and i mailed the myntra help center but no sign of resolving. and the help center is the worst of all.. i hope 😭 myntra could resolve it as soon as possible,1,2026-09-09 13:08:53,Refund Processing & Settlement Disputes,Refund Processing & Settlement Disputes,Refund Processing & Settlement Disputes,"Financial settlement dispute: delayed, uncredited, or deducted refund post-return/cancellation (Precedence 5 / Rule 5).",0.95,"Financial settlement dispute: delayed, uncredited, or deducted refund post-return/cancellation (Precedence 5 / Rule 5)."
dbb791f1-8b97-46c2-9c07-72153030ca42,"**Warning** ⚠️ myntra now become a fraud app like others they are not giving me my refund for a product which I cancelled, please everyone not purchase prepaid any product from this app",1,2026-09-09 13:08:28,Refund Processing & Settlement Disputes,Refund Processing & Settlement Disputes,Refund Processing & Settlement Disputes,"Financial settlement dispute: delayed, uncredited, or deducted refund post-return/cancellation (Precedence 5 / Rule 5).",0.95,"Financial settlement dispute: delayed, uncredited, or deducted refund post-return/cancellation (Precedence 5 / Rule 5)."
a8ef2cd0-fd96-467f-97e0-099bf525dd33,yah bahut achcha hai ismein jitne bhi product abhi tak Maine check kiye Hain ya FIR purchase Kiya bahut acche quality mein aate Hain abhi tak Maine jyada kuchh to nahin but jitna bhi product purchase Kiya Hai unki quality itni acchi hai aur ismein bahut sare option bhi mil jaate Hain har EK chij available rahti hai beauty product bahut hi jyada achcha aate Hain thank you Myntra ☺️☺️☺️,5,2026-09-09 13:07:17,Other / Not Return-Related,"Defective, Damaged & Counterfeit Items",Other / Not Return-Related,Positive praise caught by keyword filter.,0.98,Positive praise caught by keyword filter.
d1f78b0b-b84f-485f-a697-baae285acaf1,"Superb quality product , I Love You Myntra",5,2026-09-09 13:05:47,Other / Not Return-Related,"Defective, Damaged & Counterfeit Items",Other / Not Return-Related,Positive praise caught by keyword filter.,0.98,Positive praise caught by keyword filter.
ad99e20b-58ec-4166-8075-48b2113de28c,quality 📈 trust,5,2026-09-09 12:56:17,Other / Not Return-Related,"Defective, Damaged & Counterfeit Items",Other / Not Return-Related,Positive praise caught by keyword filter.,0.98,Positive praise caught by keyword filter.
9d79ca8e-ca77-459c-be03-fac81c38cc73,The most useless application I have ever felt ... i ordered the product in fast delivery and it was prepaid product non refundable and non returnable..it got rejected and rescheduled for 2 days later again it doesn't deliver my product on respective time and date the specified again I contacted help center they again ask me to wait for 3 days its been more than a week I didn't received my product ... since it is prepaid product... i suggest no to buy anything from myntra.,1,2026-09-09 12:46:02,Other / Not Return-Related,Refund Processing & Settlement Disputes,Other / Not Return-Related,Delivery rescheduling grievance on forward transit.,0.9,Delivery rescheduling grievance on forward transit.
64d862b1-b953-4e83-a2e3-9d8ee0e25c1b,"Have been using Myntra since it was first rolled out, have got more variety and quality products on its platform, trusted by millions of users like me, keep up the QC and goodwill that you have earned over the years.",5,2026-09-09 12:20:09,Other / Not Return-Related,"Defective, Damaged & Counterfeit Items",Other / Not Return-Related,Positive praise caught by keyword filter.,0.98,Positive praise caught by keyword filter.
fd0b7fd6-cb0b-419d-850b-232ffdf9e48a,superb quality products,5,2026-09-09 12:03:29,Other / Not Return-Related,"Defective, Damaged & Counterfeit Items",Other / Not Return-Related,Positive praise caught by keyword filter.,0.98,Positive praise caught by keyword filter.
f13aa59c-b9cf-4df7-b47f-5ef9567962da,myntra product quality 💯,5,2026-09-09 11:55:52,Other / Not Return-Related,"Defective, Damaged & Counterfeit Items",Other / Not Return-Related,Positive praise caught by keyword filter.,0.98,Positive praise caught by keyword filter.
0a3b377a-514b-45e2-aa3b-067105a13755,"⭐ 1/5 Extremely disappointing experience with Myntra. I ordered a shirt but received a completely different product. The delivery agent insisted I accept it and raise a complaint. Myntra asked me to return/exchange it, but exchange isn’t available in my location. If I reorder, I must pay ₹200 more because the original order had an offer. Why should I pay extra for Myntra/seller/logistics’ mistake? This is a fulfillment failure, not a change-of-mind return. Very poor resolution and support.",1,2026-09-09 11:36:47,Incorrect / Wrong Item Delivered,Incorrect / Wrong Item Delivered,Incorrect / Wrong Item Delivered,"Fulfillment error: wrong product, style, color, or brand delivered (Precedence 1 / Rule 3).",0.96,"Fulfillment error: wrong product, style, color, or brand delivered (Precedence 1 / Rule 3)."
e3af3ba6-aa6b-405e-a503-4662033589f2,very bad service delivery boy picked up my parcel and don't update status and myntra help not replying about my refund,1,2026-09-09 11:36:41,Refund Processing & Settlement Disputes,Return & Exchange Logistics & QC Friction,Refund Processing & Settlement Disputes,"Financial settlement dispute: delayed, uncredited, or deducted refund post-return/cancellation (Precedence 5 / Rule 5).",0.95,"Financial settlement dispute: delayed, uncredited, or deducted refund post-return/cancellation (Precedence 5 / Rule 5)."
3cbe4874-d412-45b9-9ae8-7f3701c89e70,all products best quality 👍🏻☺️,5,2026-09-09 10:49:58,Other / Not Return-Related,"Defective, Damaged & Counterfeit Items",Other / Not Return-Related,Positive praise caught by keyword filter.,0.98,Positive praise caught by keyword filter.
6c1e652a-ace8-4dea-8c6e-d4cd77cf30fc,it's great experience with Myntra. quality products with reasonable prices.,5,2026-09-09 10:45:29,Other / Not Return-Related,"Defective, Damaged & Counterfeit Items",Other / Not Return-Related,Positive praise caught by keyword filter.,0.98,Positive praise caught by keyword filter.
f1c31340-bf96-4bb0-95c2-34c6dd41bc27,"I believe Myntra should be awarded with an award for being the worst at refund policy and customer service. Whenever I call, some AI chat bot repeats the same thing again and again, and will never connect me to live customer support. Refunds get delayed by weeks. Name a thing and Myntra is bad at it. I hope you keep some humans in the customer support rather than replacing them with AI bots. I see the app rating in the Play Store is 4.6. Are those ratings also from bots?(Just curious)",1,2026-09-09 10:38:43,Refund Processing & Settlement Disputes,Refund Processing & Settlement Disputes,Refund Processing & Settlement Disputes,"Financial settlement dispute: delayed, uncredited, or deducted refund post-return/cancellation (Precedence 5 / Rule 5).",0.95,"Financial settlement dispute: delayed, uncredited, or deducted refund post-return/cancellation (Precedence 5 / Rule 5)."
e813e9c2-c90c-47f6-8609-2b3bb41865b2,good quality products ..,5,2026-09-09 10:19:41,Other / Not Return-Related,"Defective, Damaged & Counterfeit Items",Other / Not Return-Related,Positive praise caught by keyword filter.,0.98,Positive praise caught by keyword filter.
4c969eb7-e977-4901-a272-113835890751,very good quality 👍👍,5,2026-09-09 09:58:27,Other / Not Return-Related,"Defective, Damaged & Counterfeit Items",Other / Not Return-Related,Positive praise caught by keyword filter.,0.98,Positive praise caught by keyword filter.
10824715-b887-4f17-aa26-52de008c91d8,"overall good but for certain clothes ,the size chart are different from the product we get .",3,2026-09-09 09:08:32,Size & Fit Discrepancy,Size & Fit Discrepancy,Size & Fit Discrepancy,Customer received correct label but item failed to fit or size chart was inaccurate (Precedence 3 / Rule 1).,0.93,Customer received correct label but item failed to fit or size chart was inaccurate (Precedence 3 / Rule 1).
1dbcf5fe-1ac3-446f-90eb-b7dc618eb740,this is very useful I purchase one product and I have good quality and perfect size,5,2026-09-09 08:26:06,Other / Not Return-Related,Size & Fit Discrepancy,Other / Not Return-Related,Positive praise caught by keyword filter.,0.98,Positive praise caught by keyword filter.
967fcab9-7bef-44d7-b059-1bcba00f3ee5,quality product received,5,2026-09-09 08:03:39,Other / Not Return-Related,"Defective, Damaged & Counterfeit Items",Other / Not Return-Related,Positive praise caught by keyword filter.,0.98,Positive praise caught by keyword filter.
04d2e816-892e-4fa7-b5e7-9cb45772e739,product quality of this app is great 👍,5,2026-09-09 07:36:39,Other / Not Return-Related,"Defective, Damaged & Counterfeit Items",Other / Not Return-Related,Positive praise caught by keyword filter.,0.98,Positive praise caught by keyword filter.
ca49b9d4-18bc-431c-9658-52412f729800,myntra my is best app and best quality shopping app.,5,2026-09-09 06:54:10,Other / Not Return-Related,"Defective, Damaged & Counterfeit Items",Other / Not Return-Related,Positive praise caught by keyword filter.,0.98,Positive praise caught by keyword filter.
986f5e0d-5594-4d02-a883-e73f8b8a3f8a,"Right on expectation, the product quality good and I love it",5,2026-09-09 02:28:45,Other / Not Return-Related,"Defective, Damaged & Counterfeit Items",Other / Not Return-Related,Positive praise caught by keyword filter.,0.98,Positive praise caught by keyword filter.
8798f4e0-962a-4870-affc-a183284cda47,"Not professional...returns are very difficult.... for returns they are saying "" not valid reason "" what? ...don't like means don't like. called 3 times but not getting my refund ......",1,2026-09-09 02:23:15,Refund Processing & Settlement Disputes,Refund Processing & Settlement Disputes,Refund Processing & Settlement Disputes,"Financial settlement dispute: delayed, uncredited, or deducted refund post-return/cancellation (Precedence 5 / Rule 5).",0.95,"Financial settlement dispute: delayed, uncredited, or deducted refund post-return/cancellation (Precedence 5 / Rule 5)."
3441087b-6799-447e-9839-2a1133a37c0c,selling quality products,5,2026-09-09 01:46:34,Other / Not Return-Related,"Defective, Damaged & Counterfeit Items",Other / Not Return-Related,Positive praise caught by keyword filter.,0.98,Positive praise caught by keyword filter.
6a92d18d-cfef-4ac3-aaeb-bb7731c78d5c,bhut accha app h for quality shopping must try,5,2026-09-09 01:36:27,Other / Not Return-Related,"Defective, Damaged & Counterfeit Items",Other / Not Return-Related,Positive praise caught by keyword filter.,0.98,Positive praise caught by keyword filter.
e962d63f-11b9-4a00-94ed-d1a8beb3d23e,"Quality First, Customer Always.",5,2026-09-09 01:25:53,Other / Not Return-Related,"Defective, Damaged & Counterfeit Items",Other / Not Return-Related,Positive praise caught by keyword filter.,0.98,Positive praise caught by keyword filter.
07f9d0d2-29c7-4a13-a24a-0e55c971dde6,Good Quality and Less Price.,5,2026-09-09 01:02:31,Other / Not Return-Related,"Defective, Damaged & Counterfeit Items",Other / Not Return-Related,Positive praise caught by keyword filter.,0.98,Positive praise caught by keyword filter.
d3f41131-614d-4f58-a1b4-2db27d7138f2,They are doing forgery with their customers. I ordered one kurti from Myntra today. It was size xl so wanted to exchange it with size L. The L size was not available so I wanted to return it but one message comes that I will receive 686 rs via upi and the rest of the amount will in Myntra credit and cash. Why would I take the myntra credit and Myntra cash instead of UPI. It is a complete forgery. They do not have any moral values to their customers.,1,2026-09-09 00:49:53,Refund Processing & Settlement Disputes,Size & Fit Discrepancy,Refund Processing & Settlement Disputes,"Financial settlement dispute: delayed, uncredited, or deducted refund post-return/cancellation (Precedence 5 / Rule 5).",0.95,"Financial settlement dispute: delayed, uncredited, or deducted refund post-return/cancellation (Precedence 5 / Rule 5)."
1dbe29b0-5767-4440-890d-430b17f40330,"Everything is very good, quality service and all but this platform fee is not available on other shopping sites.",5,2026-09-09 00:42:07,Other / Not Return-Related,"Defective, Damaged & Counterfeit Items",Other / Not Return-Related,Positive praise caught by keyword filter.,0.98,Positive praise caught by keyword filter.
819a1fa1-7d7a-4fc6-ad41-16c4559defee,"worst experience, size exchange request. received whatsApp request from ekart to confirm availability, confirmed exchange next day. delivery guy came same day for exchange. told him to come next day. next day waiting exchange, automatic update exchange failed. call customer support immediately they assured we will have the exchange dine by end of the day. now the whole exchange is cancelled saying I declined exchange which is incorrect. now customer support does not want to help",1,2026-09-09 00:11:06,Return & Exchange Logistics & QC Friction,Size & Fit Discrepancy,Return & Exchange Logistics & QC Friction,"Operational reverse logistics failure: pickup no-show, unserviceable pincode, or rejection (Precedence 4 / Rule 4).",0.92,"Operational reverse logistics failure: pickup no-show, unserviceable pincode, or rejection (Precedence 4 / Rule 4)."
d8e49d93-57fd-4282-9c1d-e893d6533676,"Very disappointing experience with Myntra. I ordered a kurti but received a completely different product. I immediately raised a return request, but the vendor rejected it claiming the correct product was delivered. Myntra did no proper further verification, despite me having an unboxing video as proof. What more can a customer do? My evidence was ignored, and no satisfactory resolution was provided. It feels like Myntra always trusts its vendors over genuine customers. I have lost trust in Mynt",1,2026-09-09 00:07:39,Incorrect / Wrong Item Delivered,Incorrect / Wrong Item Delivered,Incorrect / Wrong Item Delivered,"Fulfillment error: wrong product, style, color, or brand delivered (Precedence 1 / Rule 3).",0.96,"Fulfillment error: wrong product, style, color, or brand delivered (Precedence 1 / Rule 3)."
1b097c99-7f3c-4471-8b42-24f74e3b3638,every thing is best quality,5,2026-09-09 00:02:34,Other / Not Return-Related,"Defective, Damaged & Counterfeit Items",Other / Not Return-Related,Positive praise caught by keyword filter.,0.98,Positive praise caught by keyword filter.
c0621123-aa89-4e45-8ecf-6261c80a7677,"useless app, customer support us useless and dumb just like the dilivery people, the dilivery person is rude and wants me to pick up my order at HIS address and is also shouting at me instead it's been 3 days since my order is shown dilivered yet I haven't received any of my order yet. tried connecting with customer service but as I mentioned they make you speak to AI automated chat, very useless I need my money back you keep your products. and this app is also not letting me get a refund.",1,2026-09-08 23:47:07,Other / Not Return-Related,Return & Exchange Logistics & QC Friction,Other / Not Return-Related,Forward delivery courier misconduct.,0.95,Forward delivery courier misconduct.
9ac849e8-7971-4f7b-87f4-192dcd9efe24,i like this app very much very good quality shopping,5,2026-09-08 23:30:38,Other / Not Return-Related,"Defective, Damaged & Counterfeit Items",Other / Not Return-Related,Positive praise caught by keyword filter.,0.98,Positive praise caught by keyword filter.
28cc9c37-13a2-4cd4-b905-2723bc9244cf,very good app has the best quality cloths and materials.,5,2026-09-08 23:24:48,Other / Not Return-Related,"Defective, Damaged & Counterfeit Items",Other / Not Return-Related,Positive praise caught by keyword filter.,0.98,Positive praise caught by keyword filter.
54426525-5344-4d81-9d04-cc5e1c8fe942,"very bad in cancellation and exchange process Still waiting on my cancellation and exchange. Worst process ever. Fix your customer support!......Terrible experience.......... They take your money instantly, but when you need to exchange or cancel, they completely ignore you...... even I also sent them the mail but they don't even respond on it since 3-4 days very very bad experience.....",1,2026-09-08 23:03:59,Return & Exchange Logistics & QC Friction,Return & Exchange Logistics & QC Friction,Return & Exchange Logistics & QC Friction,General friction with return/exchange process.,0.85,General friction with return/exchange process.
f7ccaaa9-513f-4571-aa58-de78d7fdedd9,premium quality products,5,2026-09-08 23:03:59,Other / Not Return-Related,"Defective, Damaged & Counterfeit Items",Other / Not Return-Related,Positive praise caught by keyword filter.,0.98,Positive praise caught by keyword filter.
b798c646-34b7-4c26-bdf6-2bca9a1cd493,"takes too long in delivery, send cheap or close to expiry products all the time AND one time sent the wrong item worth over 3K rupees, filed a dispute, refused to admit their mistake, no refund. idk why ppl hype this app so much. such a bad experience",2,2026-09-08 22:59:42,Incorrect / Wrong Item Delivered,Incorrect / Wrong Item Delivered,Incorrect / Wrong Item Delivered,"Fulfillment error: wrong product, style, color, or brand delivered (Precedence 1 / Rule 3).",0.96,"Fulfillment error: wrong product, style, color, or brand delivered (Precedence 1 / Rule 3)."
c6954a31-3bff-4f1e-8682-5c5a16d79060,"various brands, easy return n exchange , fast delivery n exchange & returns overall an excellent online shopping app",5,2026-09-08 22:56:25,Other / Not Return-Related,Return & Exchange Logistics & QC Friction,Other / Not Return-Related,Positive praise caught by keyword filter.,0.98,Positive praise caught by keyword filter.
11c5dcef-9f5c-42f9-aae5-86c4abcecf0a,excellent app .... hot good quality product... really satisfied 😊,5,2026-09-08 22:12:10,Other / Not Return-Related,"Defective, Damaged & Counterfeit Items",Other / Not Return-Related,Positive praise caught by keyword filter.,0.98,Positive praise caught by keyword filter.
26ec1b33-e219-4016-ab54-08d421f07b57,best app for clothes in comparison of quality from other app,5,2026-09-08 22:03:25,Other / Not Return-Related,"Defective, Damaged & Counterfeit Items",Other / Not Return-Related,Positive praise caught by keyword filter.,0.98,Positive praise caught by keyword filter.
59c8b62a-c08d-4226-b9bc-0b21b7c1f504,quality product delivered,5,2026-09-08 21:54:50,Other / Not Return-Related,"Defective, Damaged & Counterfeit Items",Other / Not Return-Related,Positive praise caught by keyword filter.,0.98,Positive praise caught by keyword filter.
8195dcda-888c-45e6-8059-5583e3598b81,worthy to buy rather than the offline market.specially for the bigger sizes garments.,5,2026-09-08 21:51:37,Other / Not Return-Related,Size & Fit Discrepancy,Other / Not Return-Related,Positive praise caught by keyword filter.,0.98,Positive praise caught by keyword filter.
809c82cb-273c-476a-931a-42288e216045,poor return exchange policy. I recieved wrong product. no action is taken from myntra,1,2026-09-08 21:15:50,Incorrect / Wrong Item Delivered,Incorrect / Wrong Item Delivered,Incorrect / Wrong Item Delivered,"Fulfillment error: wrong product, style, color, or brand delivered (Precedence 1 / Rule 3).",0.96,"Fulfillment error: wrong product, style, color, or brand delivered (Precedence 1 / Rule 3)."
a5df4802-67b6-475d-9f83-4dcbcb0bdf69,"Bad & rude delivery agents when it comes to return and exchange of products as they don't even wait for 5 minutes for the customer to come downstairs and then they just decide for the reattempt pick up on their own without the customer's approval. They come and go as they please. Let me tell you one thing- the world doesn't revolve around you delivery agents and Myntra so if you keep on doing this type of stuff, then I will just stop being a customer of Myntra! Also, the customer service sucks!",1,2026-09-08 20:47:43,Return & Exchange Logistics & QC Friction,Return & Exchange Logistics & QC Friction,Return & Exchange Logistics & QC Friction,"Operational reverse logistics failure: pickup no-show, unserviceable pincode, or rejection (Precedence 4 / Rule 4).",0.92,"Operational reverse logistics failure: pickup no-show, unserviceable pincode, or rejection (Precedence 4 / Rule 4)."
9f2bc635-5a28-48ef-bb56-0ff1ccb0e317,I have ordered a swear pants which size is 36 that is my original size but they ordered XXL size very bad quality very badd app meesho is good than myntra Okk please give better quality and inhance app features,1,2026-09-08 20:35:49,Incorrect / Wrong Item Delivered,Size & Fit Discrepancy,Incorrect / Wrong Item Delivered,Warehouse dispatched incorrect size tag against order (Precedence 1 / Rule 3).,0.95,Warehouse dispatched incorrect size tag against order (Precedence 1 / Rule 3).
66f4d2a5-9c10-48b3-8fbe-3f77438ec112,I like the saree saree The colour was so amazing I'm happy with the quality and fast service,5,2026-09-08 20:29:27,Other / Not Return-Related,"Defective, Damaged & Counterfeit Items",Other / Not Return-Related,Positive praise caught by keyword filter.,0.98,Positive praise caught by keyword filter.
8c0a9903-dd57-4544-aefd-adc5a65c2859,Really nice app with exclusive item of good quality product in average price 😀,5,2026-09-08 20:20:45,Other / Not Return-Related,"Defective, Damaged & Counterfeit Items",Other / Not Return-Related,Positive praise caught by keyword filter.,0.98,Positive praise caught by keyword filter.
bdaa87d0-23bf-4161-ac7f-8ef7f4b422f4,"Really happy with my purchase! The product is good, looks nice, and the overall quality is also impressive. It was delivered properly and the packaging was good. The product is worth the price and I’m satisfied with my purchase. Overall, a good experience and I would definitely recommend it. ✨ nice",5,2026-09-08 20:16:48,Other / Not Return-Related,"Defective, Damaged & Counterfeit Items",Other / Not Return-Related,Positive praise caught by keyword filter.,0.98,Positive praise caught by keyword filter.
12fd04a8-4a9a-406b-8157-d0c994f50f3b,ordered a staletoe very classy .love tht heel.thnq myntra. ontime delivery & best quality.,5,2026-09-08 20:08:52,Other / Not Return-Related,"Defective, Damaged & Counterfeit Items",Other / Not Return-Related,Positive praise caught by keyword filter.,0.98,Positive praise caught by keyword filter.
dfae15f1-df12-487d-a537-d14491203d9c,worst online shopping app..these guys literally send you different product and when you try to return this they blame us that we have sent correct product even after giving them proof.. they spoiled some ones happiness and expectation.. MYNTRA CLOSE DOWN YOUR BUSINESS,1,2026-09-08 19:58:35,Incorrect / Wrong Item Delivered,Incorrect / Wrong Item Delivered,Incorrect / Wrong Item Delivered,"Fulfillment error: wrong product, style, color, or brand delivered (Precedence 1 / Rule 3).",0.96,"Fulfillment error: wrong product, style, color, or brand delivered (Precedence 1 / Rule 3)."
25f637f1-2b7a-4968-ba4e-8a0abbaba9e3,"I’m really happy with my Myntra experience. The app is easy to use, there are so many options to choose from, and the delivery was quick. The product quality was also good and exactly as shown in the pictures. Overall, a smooth and satisfying shopping experience!",5,2026-09-08 19:32:51,Other / Not Return-Related,"Defective, Damaged & Counterfeit Items",Other / Not Return-Related,Positive praise caught by keyword filter.,0.98,Positive praise caught by keyword filter.
68dc66a2-3afb-432a-9b82-a7b7c94fa4c2,"so disappointing with refund system...in my condition, my one product is missing but they did not do anything",1,2026-09-08 19:31:03,Refund Processing & Settlement Disputes,Refund Processing & Settlement Disputes,Refund Processing & Settlement Disputes,"Financial settlement dispute: delayed, uncredited, or deducted refund post-return/cancellation (Precedence 5 / Rule 5).",0.95,"Financial settlement dispute: delayed, uncredited, or deducted refund post-return/cancellation (Precedence 5 / Rule 5)."
f494544b-4963-4659-858b-2e6db32456e5,"You promised to provide an update by September 7th, but I haven’t received any update yet. It will be exactly one month tomorrow since I cancelled my order, and I still haven't received my refund. I have already sent the transaction details as well. Please process my refund immediately or share the updated status",1,2026-09-08 18:22:55,Refund Processing & Settlement Disputes,Refund Processing & Settlement Disputes,Refund Processing & Settlement Disputes,"Financial settlement dispute: delayed, uncredited, or deducted refund post-return/cancellation (Precedence 5 / Rule 5).",0.95,"Financial settlement dispute: delayed, uncredited, or deducted refund post-return/cancellation (Precedence 5 / Rule 5)."
cb117aa0-d22e-4f12-a15a-9281504d0f9b,I received the WRONG product and raised the issue/return request on the SAME DAY. . My return was cancelled claiming the correct product was delivered.,1,2026-09-08 18:08:37,Incorrect / Wrong Item Delivered,Incorrect / Wrong Item Delivered,Incorrect / Wrong Item Delivered,"Fulfillment error: wrong product, style, color, or brand delivered (Precedence 1 / Rule 3).",0.96,"Fulfillment error: wrong product, style, color, or brand delivered (Precedence 1 / Rule 3)."
19e802e1-a005-453d-a16c-a0fddcac5f69,"It is very easy to find out best outfit for yourself with high precision tools provided by myntra in its application like size measurement, recommendation by considering your past purchases and what size model is wearing helps me alot to select and buy the product. one suggestion also, sometimes colour of product appearing is application is quite brighter or different from actual colour of product so kindly fix the issue. Thank you Mantra",5,2026-09-08 18:03:07,Other / Not Return-Related,Size & Fit Discrepancy,Other / Not Return-Related,Positive review with passing observation.,0.95,Positive review with passing observation.
e9d5a39f-0f9c-4681-9534-e419138ef78b,best app for shopping get great quality product and resolve the problem very fast,5,2026-09-08 17:46:48,Other / Not Return-Related,"Defective, Damaged & Counterfeit Items",Other / Not Return-Related,Positive praise caught by keyword filter.,0.98,Positive praise caught by keyword filter.
670cebec-bc33-4ef2-b48d-fea5af99b9c2,"i had received the wrong product and had already raised a return request. Despite repeated follow-ups, the return pickup was continuously delayed, and I was repeatedly assured by your customer support that the pickup would be completed within a few days. Now, to my surprise, I have found that my return request has been automatically cancelled without my permission or consent. I have neither requested nor authorised the cancellation of this return. It is completely unacceptable that the return",1,2026-09-08 17:43:56,Incorrect / Wrong Item Delivered,Incorrect / Wrong Item Delivered,Return & Exchange Logistics & QC Friction,"Fulfillment error: wrong product, style, color, or brand delivered (Precedence 1 / Rule 3).",0.96,"Fulfillment error: wrong product, style, color, or brand delivered (Precedence 1 / Rule 3)."
a0adcfe3-b364-4b7d-a569-9f34373ca2b4,Delivery and the quality of the product u r delivering was top-notch,5,2026-09-08 17:41:11,Other / Not Return-Related,"Defective, Damaged & Counterfeit Items",Other / Not Return-Related,Positive praise caught by keyword filter.,0.98,Positive praise caught by keyword filter.
761e7457-6887-4aa4-9eac-f36f5f3ce051,their is huge discount and return or exchange in three click only,5,2026-09-08 17:23:47,Other / Not Return-Related,Return & Exchange Logistics & QC Friction,Other / Not Return-Related,Positive praise caught by keyword filter.,0.98,Positive praise caught by keyword filter.
30e24cee-fd05-4ffe-a3b4-76ca0df90bf0,"⭐⭐⭐⭐⭐ Myntra is one of my favourite shopping apps! The app is very easy to use and has a huge variety of stylish clothes, footwear and accessories. I really like the quality and the number of options available at different price ranges. The shopping experience is smooth, delivery is reliable, and the overall service is great. I’m very happy with my experience and would definitely recommend Myntra to others. ❤️✨",5,2026-09-08 17:21:23,Other / Not Return-Related,"Defective, Damaged & Counterfeit Items",Other / Not Return-Related,Positive praise caught by keyword filter.,0.98,Positive praise caught by keyword filter.
643544b2-c32e-4a89-907d-90d7a289ce73,good quality product and material,5,2026-09-08 17:16:10,Other / Not Return-Related,"Defective, Damaged & Counterfeit Items",Other / Not Return-Related,Positive praise caught by keyword filter.,0.98,Positive praise caught by keyword filter.
56cd2c94-857a-426a-aaec-bdf869007b65,quality products,5,2026-09-08 17:14:54,Other / Not Return-Related,"Defective, Damaged & Counterfeit Items",Other / Not Return-Related,Positive praise caught by keyword filter.,0.98,Positive praise caught by keyword filter.
b15e7861-5b3e-4a86-9389-35c807182760,Good quality,5,2026-09-08 17:12:35,Other / Not Return-Related,"Defective, Damaged & Counterfeit Items",Other / Not Return-Related,Positive praise caught by keyword filter.,0.98,Positive praise caught by keyword filter.
1cb701f4-2519-4663-bec9-31c70b65bc96,facing cancellation problem for more than 10 times for my ordered products. this is done by themselves not by me also if they are cancelling the product then they must tell me the reason for the cancellation but didn't get any information and also I don't get my full refund. this is so disgusting.,1,2026-09-08 17:01:57,Refund Processing & Settlement Disputes,Refund Processing & Settlement Disputes,Refund Processing & Settlement Disputes,"Financial settlement dispute: delayed, uncredited, or deducted refund post-return/cancellation (Precedence 5 / Rule 5).",0.95,"Financial settlement dispute: delayed, uncredited, or deducted refund post-return/cancellation (Precedence 5 / Rule 5)."
015175e8-b207-4282-9ea0-1637e553026a,"Very disappointing experience with Myntra. I ordered **Yonex Nivis 350 shuttlecocks**, but received duplicate/counterfeit products instead of genuine items. I raised a return request, but Myntra is now refusing to take them back, stating non return policy of product. If a duplicate product was delivered, the responsibility should be on the seller and Myntra, not the customer. Myntra should investigate the seller. Very poor service and a serious loss of trust.",1,2026-09-08 16:36:53,"Defective, Damaged & Counterfeit Items",Unclassified,"Defective, Damaged & Counterfeit Items","Product arrived damaged, defective, counterfeit, or with severe quality defect (Precedence 2 / Rule 2).",0.94,"Product arrived damaged, defective, counterfeit, or with severe quality defect (Precedence 2 / Rule 2)."
3ba86a82-d26f-4a95-8a72-9c358c371324,good quality,5,2026-09-08 16:36:20,Other / Not Return-Related,"Defective, Damaged & Counterfeit Items",Other / Not Return-Related,Positive praise caught by keyword filter.,0.98,Positive praise caught by keyword filter.
8be7e4cb-badc-4e43-969f-b11b0b5c6206,"Myntra is one of the best shopping apps for fashion and lifestyle products. The product quality is great, the prices are reasonable, and there are always good offers. Delivery is quick, and the return and exchange process is very easy. Overall, I’m really happy with my shopping experience on Myntra. Highly recommended! ⭐⭐⭐⭐⭐",5,2026-09-08 16:25:43,Other / Not Return-Related,"Defective, Damaged & Counterfeit Items",Other / Not Return-Related,Positive praise caught by keyword filter.,0.98,Positive praise caught by keyword filter.
42bd0192-d86f-48a3-925e-702e75f7f27a,good service and nice quality of a product 👍🔝,5,2026-09-08 16:15:45,Other / Not Return-Related,"Defective, Damaged & Counterfeit Items",Other / Not Return-Related,Positive praise caught by keyword filter.,0.98,Positive praise caught by keyword filter.
9e35401a-801b-4c1a-ac5f-1d0cd4bc9389,"I would like to create the best shopping experience on Myntra by exploring the latest fashion trends, discovering quality products, and sharing honest reviews. My aim is to make fashion shopping more enjoyable, convenient, and inspiring by helping customers find the right products and style them confidently.😍😍",5,2026-09-08 16:08:49,Other / Not Return-Related,"Defective, Damaged & Counterfeit Items",Other / Not Return-Related,Positive praise caught by keyword filter.,0.98,Positive praise caught by keyword filter.
1ab0bd86-b4ee-463d-89de-f0bfe0150c17,Deliveres duplicate product and denies for return and refund.,1,2026-09-08 15:49:50,"Defective, Damaged & Counterfeit Items",Refund Processing & Settlement Disputes,"Defective, Damaged & Counterfeit Items","Product arrived damaged, defective, counterfeit, or with severe quality defect (Precedence 2 / Rule 2).",0.94,"Product arrived damaged, defective, counterfeit, or with severe quality defect (Precedence 2 / Rule 2)."
e06784de-34d6-4666-883d-dbba2212e2ba,good quality,5,2026-09-08 15:46:18,Other / Not Return-Related,"Defective, Damaged & Counterfeit Items",Other / Not Return-Related,Positive praise caught by keyword filter.,0.98,Positive praise caught by keyword filter.
fe3a3f63-f78d-4665-be28-092073bc6615,good app good quality products 👍👍,5,2026-09-08 15:37:24,Other / Not Return-Related,"Defective, Damaged & Counterfeit Items",Other / Not Return-Related,Positive praise caught by keyword filter.,0.98,Positive praise caught by keyword filter.
a9089007-0970-49e4-a163-77abab96ca89,good quality,5,2026-09-08 15:10:42,Other / Not Return-Related,"Defective, Damaged & Counterfeit Items",Other / Not Return-Related,Positive praise caught by keyword filter.,0.98,Positive praise caught by keyword filter.
64c42bd1-5ef2-4c18-a055-6ce2285d5201,super quality,5,2026-09-08 15:07:15,Other / Not Return-Related,"Defective, Damaged & Counterfeit Items",Other / Not Return-Related,Positive praise caught by keyword filter.,0.98,Positive praise caught by keyword filter.
c9ead9ff-8696-47ab-85ab-c533f7a0ffa9,very high quality products and services,5,2026-09-08 14:58:32,Other / Not Return-Related,"Defective, Damaged & Counterfeit Items",Other / Not Return-Related,Positive praise caught by keyword filter.,0.98,Positive praise caught by keyword filter.
48ba1e86-b50d-4bda-85a2-11e5e4585efe,Very bad app...i never purchase again myntra... because after 48 hours i can't get my refund,1,2026-09-08 14:56:30,Refund Processing & Settlement Disputes,Refund Processing & Settlement Disputes,Refund Processing & Settlement Disputes,"Financial settlement dispute: delayed, uncredited, or deducted refund post-return/cancellation (Precedence 5 / Rule 5).",0.95,"Financial settlement dispute: delayed, uncredited, or deducted refund post-return/cancellation (Precedence 5 / Rule 5)."
1eb7aacc-21c6-4736-beb2-ea1b9d258c31,very good quality 👍,5,2026-09-08 14:07:44,Other / Not Return-Related,"Defective, Damaged & Counterfeit Items",Other / Not Return-Related,Positive praise caught by keyword filter.,0.98,Positive praise caught by keyword filter.
55e1a540-9501-4089-9ff1-b81abf8e43ad,very nice app.. it shows all type of fashion product.. and with best quality,5,2026-09-08 14:04:05,Other / Not Return-Related,"Defective, Damaged & Counterfeit Items",Other / Not Return-Related,Positive praise caught by keyword filter.,0.98,Positive praise caught by keyword filter.
8343ba07-8a18-41df-a2fa-130a0b282768,excellence service and good product quality as mentioned in product details,5,2026-09-08 13:59:54,Other / Not Return-Related,"Defective, Damaged & Counterfeit Items",Other / Not Return-Related,Positive praise caught by keyword filter.,0.98,Positive praise caught by keyword filter.
adec5b99-7bfb-4056-bda7-a98eb649eb91,"i don't know about any electronic products or any other type of products but I m damn sure that for clothing fashion grooming u can count on mintra ,i mean TOP QUALITY CLOTHES u will get at reasonable rates🔥❤️👏🏻..",5,2026-09-08 13:53:56,Other / Not Return-Related,"Defective, Damaged & Counterfeit Items",Other / Not Return-Related,Positive praise caught by keyword filter.,0.98,Positive praise caught by keyword filter.
37e9b8ac-5573-41d5-a4e5-3634c646fbee,quality very good,5,2026-09-08 13:48:32,Other / Not Return-Related,"Defective, Damaged & Counterfeit Items",Other / Not Return-Related,Positive praise caught by keyword filter.,0.98,Positive praise caught by keyword filter.
b0f799af-bd48-4ce9-aee4-afcd11492ab3,This is so amazing app . there is a lots of products which you will love and the quality is superb,5,2026-09-08 13:45:49,Other / Not Return-Related,"Defective, Damaged & Counterfeit Items",Other / Not Return-Related,Positive praise caught by keyword filter.,0.98,Positive praise caught by keyword filter.
e3895776-4c5e-402e-aea8-06077f4d3cbd,such a useless app I didn't get refund even after complaining Trust me it was the most useless app i have ever use there is many more apps that works really better than this nonsense app I really suggest you all not to waste your time and money on it disaster app ever,1,2026-09-08 13:32:45,Refund Processing & Settlement Disputes,Refund Processing & Settlement Disputes,Refund Processing & Settlement Disputes,"Financial settlement dispute: delayed, uncredited, or deducted refund post-return/cancellation (Precedence 5 / Rule 5).",0.95,"Financial settlement dispute: delayed, uncredited, or deducted refund post-return/cancellation (Precedence 5 / Rule 5)."
30f06075-f754-4ed6-90b2-428fa4f5eea4,High quality... Quick delivery.,5,2026-09-08 13:06:35,Other / Not Return-Related,"Defective, Damaged & Counterfeit Items",Other / Not Return-Related,Positive praise caught by keyword filter.,0.98,Positive praise caught by keyword filter.
a964313c-1fb0-449c-844e-2c6a44c831fd,"Paid ₹17,535 for a product but received a sealed package with an EMPTY product box. Reported it immediately; the delivery executive returned and took photos of the package and empty box. Myntra repeatedly closed my tickets as “resolved” despite no resolution. Escalation officer finally said, “As per Myntra policy, we can’t accommodate you. That’s our final resolution.” When I asked what I should do next, I got the same scripted response. Terrible grievance handling.",1,2026-09-08 12:50:19,"Defective, Damaged & Counterfeit Items",Unclassified,"Defective, Damaged & Counterfeit Items",Tampered package arriving with empty product box (Precedence 2 / Rule 2).,0.95,Tampered package arriving with empty product box (Precedence 2 / Rule 2).
78250882-c7c0-471f-b9b2-1f2f9cb3f77c,Quality product Surv,5,2026-09-08 12:37:55,Other / Not Return-Related,"Defective, Damaged & Counterfeit Items",Other / Not Return-Related,Positive praise caught by keyword filter.,0.98,Positive praise caught by keyword filter.
2daabe87-8737-4c24-95e3-e77702390ffd,disgusting experience they don't exchange they only give excuses everyday this and that my shoes and money wasted,1,2026-09-08 12:18:00,Return & Exchange Logistics & QC Friction,Return & Exchange Logistics & QC Friction,Return & Exchange Logistics & QC Friction,General friction with return/exchange process.,0.85,General friction with return/exchange process.
b3041bfe-62ea-496b-822f-69897a57e626,the can't give my refund myntra credit,1,2026-09-08 12:14:07,Refund Processing & Settlement Disputes,Refund Processing & Settlement Disputes,Refund Processing & Settlement Disputes,"Financial settlement dispute: delayed, uncredited, or deducted refund post-return/cancellation (Precedence 5 / Rule 5).",0.95,"Financial settlement dispute: delayed, uncredited, or deducted refund post-return/cancellation (Precedence 5 / Rule 5)."
6d495187-cc86-458f-b462-377561dc2f4d,good quality,5,2026-09-08 12:04:28,Other / Not Return-Related,"Defective, Damaged & Counterfeit Items",Other / Not Return-Related,Positive praise caught by keyword filter.,0.98,Positive praise caught by keyword filter.
bece7608-615e-4daa-93c9-f3b2a2191821,"app is too good for shopping 🛍 , rate is also too good and quality also I really love this app",5,2026-09-08 11:55:31,Other / Not Return-Related,"Defective, Damaged & Counterfeit Items",Other / Not Return-Related,Positive praise caught by keyword filter.,0.98,Positive praise caught by keyword filter.
fa10af9c-de56-4e0f-88a7-dacd22fd63d6,bast quality products,5,2026-09-08 11:50:04,Other / Not Return-Related,"Defective, Damaged & Counterfeit Items",Other / Not Return-Related,Positive praise caught by keyword filter.,0.98,Positive praise caught by keyword filter.
22e4669a-c8a9-4d35-85c1-ebed82dbbb1d,"I really love the collection in myntra, the design are stylish, trendy and the quality is really quality is really good for the prize . the clothes look exactly like the picture and fit perfectly, myntra is definitely one of my go- place to for fashion shopping",5,2026-09-08 11:39:43,Other / Not Return-Related,Size & Fit Discrepancy,Other / Not Return-Related,Positive praise caught by keyword filter.,0.98,Positive praise caught by keyword filter.
e3744c7e-f648-47d4-b42e-54bab345602c,myntra is no more same this happened second time with me that they just recived the order and they don't deliver it .It will shows in your that order delivery delayed delayed and delayed. it's completely waste of our time and our choices. as I order a product for a function but they just kept on saying order delayed and delayed no proper response and support from team. very bad experience. at the end they will ask you to cancel the order and get refund but what about the time and money we spent.,1,2026-09-08 11:34:26,Other / Not Return-Related,Refund Processing & Settlement Disputes,Other / Not Return-Related,Forward delivery delay complaint.,0.95,Forward delivery delay complaint.
861ffbcb-9928-40a3-a235-596347e198ae,thanks myntra for sending good quality product.... I m very much satisfied,5,2026-09-08 11:33:06,Other / Not Return-Related,"Defective, Damaged & Counterfeit Items",Other / Not Return-Related,Positive praise caught by keyword filter.,0.98,Positive praise caught by keyword filter.
b156c9be-fee8-4af4-8993-28ecd17c8c34,one of best shopping app for me ...i frequently keep ordering and quality are nice and price affordable...thank u,5,2026-09-08 10:14:31,Other / Not Return-Related,"Defective, Damaged & Counterfeit Items",Other / Not Return-Related,Positive praise caught by keyword filter.,0.98,Positive praise caught by keyword filter.
689446f6-920c-41c6-993c-1da135a529ea,"Very poor and disappointing service. I ordered one product but received the wrong product. When I requested a return, it was declined without any proper reason. Even after all this, my refund was not processed. Customer support is completely useless and unhelpful. Worst experience—total waste of time and money. Customer care executives put the call on hold and disconnect without resolving the issue. Very unprofessional behaviour and extremely poor customer service.",1,2026-09-08 10:07:02,Incorrect / Wrong Item Delivered,Incorrect / Wrong Item Delivered,Incorrect / Wrong Item Delivered,"Fulfillment error: wrong product, style, color, or brand delivered (Precedence 1 / Rule 3).",0.96,"Fulfillment error: wrong product, style, color, or brand delivered (Precedence 1 / Rule 3)."
4e07889e-7fcc-4cc2-bc23-9f1989bcf26a,nice platform for stylish and unique outfit,4,2026-09-08 09:52:03,Other / Not Return-Related,Size & Fit Discrepancy,Other / Not Return-Related,Positive praise caught by keyword filter.,0.98,Positive praise caught by keyword filter.
0e2bdf41-4c19-405c-ae35-4ed663c8dfa7,quality and price excellent,5,2026-09-08 09:50:45,Other / Not Return-Related,"Defective, Damaged & Counterfeit Items",Other / Not Return-Related,Positive praise caught by keyword filter.,0.98,Positive praise caught by keyword filter.
0f426939-a9db-4224-8019-a8d9df76b5d2,all product quality good,5,2026-09-08 09:50:12,Other / Not Return-Related,"Defective, Damaged & Counterfeit Items",Other / Not Return-Related,Positive praise caught by keyword filter.,0.98,Positive praise caught by keyword filter.
dd8e1cd1-fb10-409a-870e-2fb36d4fdb9c,premium quality products 💯 I loved it 💗,5,2026-09-08 09:49:00,Other / Not Return-Related,"Defective, Damaged & Counterfeit Items",Other / Not Return-Related,Positive praise caught by keyword filter.,0.98,Positive praise caught by keyword filter.
f21b92c5-d548-463a-8fdc-cad8cb1c87a8,"This has quickly become my go-to shopping app. They offer amazing discounts, flash sales, and rewards that you don't find anywhere else. The checkout process is secure and fast. Saving money while getting high-quality products is a win-win!""",5,2026-09-08 09:40:22,Other / Not Return-Related,"Defective, Damaged & Counterfeit Items",Other / Not Return-Related,Positive praise caught by keyword filter.,0.98,Positive praise caught by keyword filter.
810db69e-ad51-4368-8580-6197129a0c64,"This app is so good. Hassle free delivery, return, exchange.",5,2026-09-08 09:30:14,Other / Not Return-Related,Return & Exchange Logistics & QC Friction,Other / Not Return-Related,Positive praise caught by keyword filter.,0.98,Positive praise caught by keyword filter.
a351a288-2acd-45ce-847f-a73c82511b00,"Day by day Myntra is becoming a faltu app... very difficult to return articles.. While delivery, we are getting calls and while pickup they say pickup failed... be careful while giving orders...",1,2026-09-08 08:38:42,Return & Exchange Logistics & QC Friction,Return & Exchange Logistics & QC Friction,Return & Exchange Logistics & QC Friction,"Operational reverse logistics failure: pickup no-show, unserviceable pincode, or rejection (Precedence 4 / Rule 4).",0.92,"Operational reverse logistics failure: pickup no-show, unserviceable pincode, or rejection (Precedence 4 / Rule 4)."
02abb76a-9338-458e-a981-aeeef528e560,it is very good and the quality is also nice.,5,2026-09-08 08:32:49,Other / Not Return-Related,"Defective, Damaged & Counterfeit Items",Other / Not Return-Related,Positive praise caught by keyword filter.,0.98,Positive praise caught by keyword filter.
c86dc1cf-c835-401e-8649-d026c9171651,quality product,5,2026-09-08 08:28:46,Other / Not Return-Related,"Defective, Damaged & Counterfeit Items",Other / Not Return-Related,Positive praise caught by keyword filter.,0.98,Positive praise caught by keyword filter.
bb8ce10e-4dca-4ebf-8560-30976ab82403,best shopping aap ever . Mai hamesha isi site se shopping krti hu. brand and quality are always perfect. Never disappointed this site,5,2026-09-08 08:11:56,Other / Not Return-Related,"Defective, Damaged & Counterfeit Items",Other / Not Return-Related,Positive praise caught by keyword filter.,0.98,Positive praise caught by keyword filter.
db290a03-46fc-4249-bd68-cb73aa05ee75,very nice app with good quality and trust don't think just go for myntra,5,2026-09-08 07:28:12,Other / Not Return-Related,"Defective, Damaged & Counterfeit Items",Other / Not Return-Related,Positive praise caught by keyword filter.,0.98,Positive praise caught by keyword filter.
8dabace0-941c-48c8-ac42-20f9f07dedbf,Quality and quantity both are good 👍,4,2026-09-08 07:26:39,Other / Not Return-Related,"Defective, Damaged & Counterfeit Items",Other / Not Return-Related,Positive praise caught by keyword filter.,0.98,Positive praise caught by keyword filter.
d1fef1f4-39a1-4d17-bd92-522a71750cd4,"I like myntra ,I gots many shoping offers with Myntra ,so I got my product at discounted price, keep it up with Myntra n product quality also good 👍",5,2026-09-08 07:05:39,Other / Not Return-Related,"Defective, Damaged & Counterfeit Items",Other / Not Return-Related,Positive praise caught by keyword filter.,0.98,Positive praise caught by keyword filter.
e5013895-d5b8-4658-bd3c-781a5da27157,they charging 50rs when you return + 23rs platform fees... it's too high than others like nykaa Amazon and any other apps,1,2026-09-08 06:27:35,Return & Exchange Logistics & QC Friction,Unclassified,Refund Processing & Settlement Disputes,General friction with return/exchange process.,0.85,General friction with return/exchange process.
f2db16e3-0601-4072-ab50-0bee38c860f2,Quality products at nice price,5,2026-09-08 05:01:33,Other / Not Return-Related,"Defective, Damaged & Counterfeit Items",Other / Not Return-Related,Positive praise caught by keyword filter.,0.98,Positive praise caught by keyword filter.
cb5dcf4c-1655-457c-b1d8-d5bc54501cbb,best aap and good quality,5,2026-09-08 03:25:18,Other / Not Return-Related,"Defective, Damaged & Counterfeit Items",Other / Not Return-Related,Positive praise caught by keyword filter.,0.98,Positive praise caught by keyword filter.
0be55012-8bbd-49ff-b63e-388169bb9dee,Some products price and quality just wow.,5,2026-09-08 03:08:36,Other / Not Return-Related,"Defective, Damaged & Counterfeit Items",Other / Not Return-Related,Positive praise caught by keyword filter.,0.98,Positive praise caught by keyword filter.
14b64080-ded7-4096-8232-c2d8b1f9d853,quality is very nice 👍🏻,5,2026-09-08 01:52:36,Other / Not Return-Related,"Defective, Damaged & Counterfeit Items",Other / Not Return-Related,Positive praise caught by keyword filter.,0.98,Positive praise caught by keyword filter.
0b0f5f6a-0dab-4bab-9b30-01fad7ed42c9,best quality fabric and stylish clothes,5,2026-09-08 01:29:23,Other / Not Return-Related,"Defective, Damaged & Counterfeit Items",Other / Not Return-Related,Positive praise caught by keyword filter.,0.98,Positive praise caught by keyword filter.
c680f96f-0ff6-442a-ba98-5e99eeaf6c21,"There are so many fake products with different brand's image, they are using original product(the actual brand)photo in there fake and bad quality products which is very misleading and confusing between original and it's fake copy . so please track them and take some strict action against them.",3,2026-09-08 00:49:50,Incorrect / Wrong Item Delivered,"Defective, Damaged & Counterfeit Items","Defective, Damaged & Counterfeit Items","Fulfillment error: wrong product, style, color, or brand delivered (Precedence 1 / Rule 3).",0.96,"Fulfillment error: wrong product, style, color, or brand delivered (Precedence 1 / Rule 3)."
cc6c305b-8517-4000-8fb8-01090e7847e7,thank you so much for finally giving me the refund.,5,2026-09-08 00:35:31,Other / Not Return-Related,Refund Processing & Settlement Disputes,Other / Not Return-Related,Positive praise caught by keyword filter.,0.98,Positive praise caught by keyword filter.
b95466d2-8dad-43b1-88bc-43931c0e89b3,good quality,5,2026-09-08 00:06:07,Other / Not Return-Related,"Defective, Damaged & Counterfeit Items",Other / Not Return-Related,Positive praise caught by keyword filter.,0.98,Positive praise caught by keyword filter.
b2a00c94-4c10-4759-9a86-196d97b393e5,best quality products in reasonable price at one place,5,2026-09-07 23:21:34,Other / Not Return-Related,"Defective, Damaged & Counterfeit Items",Other / Not Return-Related,Positive praise caught by keyword filter.,0.98,Positive praise caught by keyword filter.
31f2340d-c232-493f-b724-cd69eee1182b,very good quality,5,2026-09-07 22:55:55,Other / Not Return-Related,"Defective, Damaged & Counterfeit Items",Other / Not Return-Related,Positive praise caught by keyword filter.,0.98,Positive praise caught by keyword filter.
472255a7-9f5a-4d22-9b4a-7ad49cf68503,Myntra is always best for quality. Overall the best app. I prefer it over any app.,5,2026-09-07 22:52:43,Other / Not Return-Related,"Defective, Damaged & Counterfeit Items",Other / Not Return-Related,Positive praise caught by keyword filter.,0.98,Positive praise caught by keyword filter.
cd950c95-7068-4f8b-bc96-54d4440201d9,worst app i ever seen i spent my more then 1 lakh to purchuse products in this app but suddenly these team deactivate my ac with any intimation... trying so many ways to activate sent lot of mails calls so.. still account was deactivated... pedda bokka app... adhey products verey apps lo 30% low lo vastai quality booo.... packing also boo....,1,2026-09-07 22:17:47,Other / Not Return-Related,"Defective, Damaged & Counterfeit Items",Other / Not Return-Related,Account deactivation grievance; non-return issue.,0.95,Account deactivation grievance; non-return issue.
8c32209a-f51d-4ab1-97fa-5daaff7e183e,"⭐ “Amazing shopping experience! Great quality, fast delivery and excellent service. Highly recommended! ❤️”",5,2026-09-07 22:15:56,Other / Not Return-Related,"Defective, Damaged & Counterfeit Items",Other / Not Return-Related,Positive praise caught by keyword filter.,0.98,Positive praise caught by keyword filter.
e4e91dee-6c0c-49b9-9e7c-c77e2341929e,very nice quality and original product very accurate,5,2026-09-07 22:13:29,Other / Not Return-Related,"Defective, Damaged & Counterfeit Items",Other / Not Return-Related,Positive praise caught by keyword filter.,0.98,Positive praise caught by keyword filter.
ab0b7862-d23a-477c-add8-ee46b16c3e4b,NYC app quality is good 👍,5,2026-09-07 21:39:11,Other / Not Return-Related,"Defective, Damaged & Counterfeit Items",Other / Not Return-Related,Positive praise caught by keyword filter.,0.98,Positive praise caught by keyword filter.
6d0b415c-473c-4971-99c2-7f56203b033e,need to improvise quality. facing quality issue since long.,1,2026-09-07 21:21:46,"Defective, Damaged & Counterfeit Items","Defective, Damaged & Counterfeit Items","Defective, Damaged & Counterfeit Items","Product arrived damaged, defective, counterfeit, or with severe quality defect (Precedence 2 / Rule 2).",0.94,"Product arrived damaged, defective, counterfeit, or with severe quality defect (Precedence 2 / Rule 2)."
389c930e-a394-4d26-a531-b183480a9512,"good for the purchases of branded and quality products like clothes, shoes, slippers etc",5,2026-09-07 20:37:28,Other / Not Return-Related,"Defective, Damaged & Counterfeit Items",Other / Not Return-Related,Positive praise caught by keyword filter.,0.98,Positive praise caught by keyword filter.
8843d731-38eb-46ea-8c37-e1dce88ebb2e,without delivering the product marked as delivered by ekart and no product received not the refund. No trust on myntra anymore,1,2026-09-07 20:34:46,Other / Not Return-Related,Refund Processing & Settlement Disputes,Refund Processing & Settlement Disputes,Fake delivery status complaint for forward transit.,0.95,Fake delivery status complaint for forward transit.
14657cf8-d066-4de4-a792-26b3f2d87629,too good quality of the products they are too nice,5,2026-09-07 20:16:19,Other / Not Return-Related,"Defective, Damaged & Counterfeit Items",Other / Not Return-Related,Positive praise caught by keyword filter.,0.98,Positive praise caught by keyword filter.
b0df7c93-b941-42b6-956a-a067a70bb11a,Excellent Fitting,5,2026-09-07 20:14:27,Other / Not Return-Related,Size & Fit Discrepancy,Other / Not Return-Related,Positive praise caught by keyword filter.,0.98,Positive praise caught by keyword filter.
bfff17bf-66a0-4096-aacc-abe2e04fa688,good quality and elegant watch,5,2026-09-07 20:09:51,Other / Not Return-Related,"Defective, Damaged & Counterfeit Items",Other / Not Return-Related,Positive praise caught by keyword filter.,0.98,Positive praise caught by keyword filter.
7ce6730b-fe65-48b2-bc51-7fd36ce85e52,Very disappointed. i have been a regular customer of myntra and i didn't expect myntra would do this. i ordered a t shirt for my father .he received the tshirt but the colour was different also he didn't like the quality. so i opted to return the tshirt. when the pickup partner came to pick up he said it's not the same product..and I got a msg that that it didn't pass the quality check ... what is this myntra??? please solve the problem,1,2026-09-07 19:56:12,Return & Exchange Logistics & QC Friction,"Defective, Damaged & Counterfeit Items",Incorrect / Wrong Item Delivered,"Operational reverse logistics failure: pickup no-show, unserviceable pincode, or rejection (Precedence 4 / Rule 4).",0.92,"Operational reverse logistics failure: pickup no-show, unserviceable pincode, or rejection (Precedence 4 / Rule 4)."
c13ae3ef-e686-4644-b4e8-77b5658c91cd,please sale on Good quality good product,5,2026-09-07 19:34:39,Other / Not Return-Related,"Defective, Damaged & Counterfeit Items",Other / Not Return-Related,Positive praise caught by keyword filter.,0.98,Positive praise caught by keyword filter.
dc5fa59e-5aaa-4639-bd79-953906c87839,"Myntra is one of the best fashion shopping apps. Products are original, good quality, and available at reasonable prices, with some items even cheaper than elsewhere. Searching is easy, and I can easily choose products based on my size and style. I’m giving 4 stars because sometimes booked orders get cancelled automatically, and deliveries can occasionally be delayed. Overall, a great app for genuine products and good deals.",4,2026-09-07 19:07:02,Other / Not Return-Related,Size & Fit Discrepancy,Other / Not Return-Related,Positive review with passing observation.,0.95,Positive review with passing observation.
273cfe53-9b41-4db8-a927-5fdd2629babc,"it's best, giving a review after using it for one year it is comfortable, good conditions, and easy to clean, no issues yet, just one thing go,for one size bigger",5,2026-09-07 19:05:38,Other / Not Return-Related,Size & Fit Discrepancy,Other / Not Return-Related,Unclassified non-return review.,0.95,Unclassified non-return review.
414ae1d2-02cd-482e-a39d-c69a8ab1a34b,great quality clothes,5,2026-09-07 19:04:14,Other / Not Return-Related,"Defective, Damaged & Counterfeit Items",Other / Not Return-Related,Positive praise caught by keyword filter.,0.98,Positive praise caught by keyword filter.
aeed9dc8-0478-47c4-a95e-f1c4de1c8c70,quality product,5,2026-09-07 18:52:42,Other / Not Return-Related,"Defective, Damaged & Counterfeit Items",Other / Not Return-Related,Positive praise caught by keyword filter.,0.98,Positive praise caught by keyword filter.
24fec15e-8369-437b-b82e-3b6d4457eff6,i ordered a kurta which was sent in diffrent colour..delivery agent refused to take it return as it didn't match the picture he had..and worst is there is no human connection in customer care service everthing is on AI now,1,2026-09-07 17:50:14,Return & Exchange Logistics & QC Friction,Return & Exchange Logistics & QC Friction,Incorrect / Wrong Item Delivered,"Operational reverse logistics failure: pickup no-show, unserviceable pincode, or rejection (Precedence 4 / Rule 4).",0.92,"Operational reverse logistics failure: pickup no-show, unserviceable pincode, or rejection (Precedence 4 / Rule 4)."
05384003-194f-420c-93f1-2b47587dc255,Good Quality,5,2026-09-07 17:46:04,Other / Not Return-Related,"Defective, Damaged & Counterfeit Items",Other / Not Return-Related,Positive praise caught by keyword filter.,0.98,Positive praise caught by keyword filter.
05a96a82-0a1e-44f7-b535-31211480587a,"Best shopping app , delivery and is faster than other apps . Good offers to orders also good quality clothes, Good packing.",5,2026-09-07 17:23:44,Other / Not Return-Related,"Defective, Damaged & Counterfeit Items",Other / Not Return-Related,Positive praise caught by keyword filter.,0.98,Positive praise caught by keyword filter.
48fe701a-20ca-4bbc-9d36-f41e9d24388e,Good Quality and comfortable collection,4,2026-09-07 17:16:56,Other / Not Return-Related,"Defective, Damaged & Counterfeit Items",Other / Not Return-Related,Positive praise caught by keyword filter.,0.98,Positive praise caught by keyword filter.
615b3879-1de6-4cb9-af0f-ff2380f7e993,"Love Myntra! Quality products, true to size, fast delivery. Exchange is hassle-free. My go-to app for all fashion needs.",5,2026-09-07 17:14:53,Other / Not Return-Related,Size & Fit Discrepancy,Other / Not Return-Related,Positive praise caught by keyword filter.,0.98,Positive praise caught by keyword filter.
599cfa01-939b-4a8d-a15a-d329abcff8ec,"I’m really impressed with this purchase! The product looks exactly like it was shown in the pictures, and the overall quality is much better than I expected. The material feels premium, comfortable, and well-finished, making it perfect for regular use. The fitting is also really good and gives a clean, stylish look without feeling uncomfortable. The stitching, fabric quality, colour, and overall finishing are all on point. After wearing it, I received quite a few compliments as well. It’s one o",5,2026-09-07 17:00:59,Other / Not Return-Related,Size & Fit Discrepancy,Other / Not Return-Related,Positive praise caught by keyword filter.,0.98,Positive praise caught by keyword filter.
262e1953-6fcc-4289-99d0-bae0e17893d5,excellent fabric & quality. also look decent,5,2026-09-07 16:51:17,Other / Not Return-Related,"Defective, Damaged & Counterfeit Items",Other / Not Return-Related,Positive praise caught by keyword filter.,0.98,Positive praise caught by keyword filter.
79c7ad69-8cf9-4773-abec-bbbf07e86815,sunder hai ekdum fit material very soft,5,2026-09-07 16:50:08,Other / Not Return-Related,Size & Fit Discrepancy,Other / Not Return-Related,Positive praise caught by keyword filter.,0.98,Positive praise caught by keyword filter.
fe88898f-4395-4080-ba97-3ba8ce7d8012,I had done return & exchange so many time but Myntra always done that thing smooth & fine . thank you Myntra,5,2026-09-07 16:39:42,Other / Not Return-Related,Return & Exchange Logistics & QC Friction,Other / Not Return-Related,Positive praise caught by keyword filter.,0.98,Positive praise caught by keyword filter.
b6f782f7-c98f-4d32-9e92-0b4a45e06da5,"Shopping on Myntra is always a fantastic experience. They have an amazing collection of the latest fashion trends and top brands. The app interface is very smooth, delivery is always on time, and their return/exchange policy is hassle-free. It is definitely my go-to app for online fashion shopping!",5,2026-09-07 16:29:27,Other / Not Return-Related,Return & Exchange Logistics & QC Friction,Other / Not Return-Related,Positive praise caught by keyword filter.,0.98,Positive praise caught by keyword filter.
91ed8cd2-a4f0-48e7-bdaf-a3fb2e516250,"Myntra is a good app no doubt, but I had a terrible experience recently. Myntra promised me an additional 30% off on my 1st order and I called the customer care wherein they stated that the executives are occupied and I was led to a robot. In spite of requesting a human executive, the robot misguided me on cancelling the order and stated that I'll get the benefit in the next purchase. Therefore, I cancelled my order and now I cannot find the offer as promised. Do not trust such robots of Myntra",1,2026-09-07 15:55:00,Other / Not Return-Related,Size & Fit Discrepancy,Other / Not Return-Related,Promotional coupon dispute and chatbot cancellation issue.,0.95,Promotional coupon dispute and chatbot cancellation issue.
46a4c307-2fa4-401c-b2c0-2ad68542962d,"Myntra is one of my favorite shopping apps! ❤️ The delivery is super fast, product quality is really good, and the overall experience has always been amazing. They are also very responsive and helpful whenever I have any issue or request. I especially love the UGC/creator features and the opportunity to earn through content. The app has so many useful and interesting features for creators as well as shoppers. Highly recommended! 🔥❤️",5,2026-09-07 15:54:53,Other / Not Return-Related,"Defective, Damaged & Counterfeit Items",Other / Not Return-Related,Unclassified non-return review.,0.95,Unclassified non-return review.
772bc76f-7b72-4553-a08c-442fe2b4fec0,worst customer service after 40 days of return request they are not taking any action this app and it's customer service is 0,1,2026-09-07 15:41:31,Return & Exchange Logistics & QC Friction,Unclassified,Return & Exchange Logistics & QC Friction,General friction with return/exchange process.,0.85,General friction with return/exchange process.
91535a68-123f-4c7c-abe3-63b94a3f0f2f,best quality,5,2026-09-07 15:24:08,Other / Not Return-Related,"Defective, Damaged & Counterfeit Items",Other / Not Return-Related,Positive praise caught by keyword filter.,0.98,Positive praise caught by keyword filter.
31bbdafa-d2aa-44f0-901b-e3ac0d749e36,"I’ve been shopping on Myntra for a long time, and it never fails to impress. The range of brands and trendsetting styles is unmatched. The app interface makes browsing super seamless, and order deliveries are almost always on time. What stands out most is the hassle-free return and exchange process whenever there's a sizing issue. Highly recommended for anyone looking to upgrade their wardrobe!""",5,2026-09-07 15:22:52,Other / Not Return-Related,Return & Exchange Logistics & QC Friction,Other / Not Return-Related,Unclassified non-return review.,0.95,Unclassified non-return review.
9fe31b55-bd2d-4cf3-b0b9-c820ab995e0e,"Myntra has always been one of my favourite shopping apps. The app is easy to use, the collection is amazing and there are so many brands and styles to choose from. I especially love the quality of products, offers and the smooth shopping experience. Delivery and order tracking are also quite convenient. Overall, I’ve had a really good experience with Myntra and would definitely recommend it to others. 🛍️✨",5,2026-09-07 15:10:10,Other / Not Return-Related,"Defective, Damaged & Counterfeit Items",Other / Not Return-Related,Positive praise caught by keyword filter.,0.98,Positive praise caught by keyword filter.
22ccb5ff-70f7-464f-893d-073bd80f4859,excellent quality product,5,2026-09-07 15:00:46,Other / Not Return-Related,"Defective, Damaged & Counterfeit Items",Other / Not Return-Related,Positive praise caught by keyword filter.,0.98,Positive praise caught by keyword filter.
9e788765-5e17-4ce5-b2a5-a2f56c0ee4fc,good quality product and fast delivery,4,2026-09-07 14:50:58,Other / Not Return-Related,"Defective, Damaged & Counterfeit Items",Other / Not Return-Related,Positive praise caught by keyword filter.,0.98,Positive praise caught by keyword filter.
e622bed4-c8c8-47b4-9dc8-4b4966d9b7c5,Amizing quality,5,2026-09-07 14:43:14,Other / Not Return-Related,"Defective, Damaged & Counterfeit Items",Other / Not Return-Related,Positive praise caught by keyword filter.,0.98,Positive praise caught by keyword filter.
b03af12e-67ce-4c1e-9192-a9c0df6f4bde,costomer service is useless . I order a trouser from it . I got different colour. so I exchange it. but when dilevery man came and see it . he. called this is different colour from pic so we can't say return it. after I call to costomer service. but also not solve problem. even they didn't try to solve it.,1,2026-09-07 14:28:56,Incorrect / Wrong Item Delivered,Return & Exchange Logistics & QC Friction,Incorrect / Wrong Item Delivered,"Fulfillment error: wrong product, style, color, or brand delivered (Precedence 1 / Rule 3).",0.96,"Fulfillment error: wrong product, style, color, or brand delivered (Precedence 1 / Rule 3)."
74cd91b8-27fd-4a1b-a223-35a44b2dda31,amazingggg best app...amazing quality....fast delivery....,5,2026-09-07 14:21:53,Other / Not Return-Related,"Defective, Damaged & Counterfeit Items",Other / Not Return-Related,Positive praise caught by keyword filter.,0.98,Positive praise caught by keyword filter.
ce488ba1-ba0a-4d29-97b4-f1b304fa9db3,"extremely pathetic app. they keep on either sending the wrong product or the return issue is there, the delivery is never on time. the exchange gets cancelled itself, the customer care is pathetic as they only keep escalating complaints don't know where and how as it never gets resolved. not a very professional app.",1,2026-09-07 14:01:32,Incorrect / Wrong Item Delivered,Incorrect / Wrong Item Delivered,Incorrect / Wrong Item Delivered,"Fulfillment error: wrong product, style, color, or brand delivered (Precedence 1 / Rule 3).",0.96,"Fulfillment error: wrong product, style, color, or brand delivered (Precedence 1 / Rule 3)."
0d5e0dc2-2a81-4358-bac9-7c9f589e3036,good quality products,5,2026-09-07 13:27:09,Other / Not Return-Related,"Defective, Damaged & Counterfeit Items",Other / Not Return-Related,Positive praise caught by keyword filter.,0.98,Positive praise caught by keyword filter.
f0abbb3a-8c4b-4338-a4e8-7d103ae9f9c1,it was my first time ordering anything from myntra and first they sent a large size instead of small then in exchange they sent me completely different product and not even accepting their mistake and not even given the refund they completely ruined my event .worst app in terms of customer service..,1,2026-09-07 13:20:10,Incorrect / Wrong Item Delivered,Size & Fit Discrepancy,Incorrect / Wrong Item Delivered,Warehouse dispatched incorrect size tag against order (Precedence 1 / Rule 3).,0.95,Warehouse dispatched incorrect size tag against order (Precedence 1 / Rule 3).
b6983623-3737-4a24-9ed8-d44e542b04fb,Excellent Quality Product. Thank You Myntra for offering such a Beautiful & Classic Product at the Most Reasonable Price Keep Supporting Us by offering Most Value for Money Products at the Most Affordable Prices. Mynta - The Best and Ultimate Destination for Latest and Global Fashion.,5,2026-09-07 11:45:46,Other / Not Return-Related,"Defective, Damaged & Counterfeit Items",Other / Not Return-Related,Positive praise caught by keyword filter.,0.98,Positive praise caught by keyword filter.
64c13f8c-c1ff-4ccd-9611-40187bb35cb6,perfect Fitting and marvellous Product,5,2026-09-07 11:44:43,Other / Not Return-Related,Size & Fit Discrepancy,Other / Not Return-Related,Positive praise caught by keyword filter.,0.98,Positive praise caught by keyword filter.
c50a6897-6a71-4b3a-acde-f2e52b01d3c3,i m a regular customer of myntra . i returned a product but delivery boy cancelled it . now I m unable to process reqst for return again . unable to contact myntra support.,1,2026-09-07 11:33:40,Return & Exchange Logistics & QC Friction,Return & Exchange Logistics & QC Friction,Return & Exchange Logistics & QC Friction,General friction with return/exchange process.,0.85,General friction with return/exchange process.
b9710797-7d12-493a-8727-d9f5202a3718,always provide wrong size clothes and I can't even log in,1,2026-09-07 11:09:17,Incorrect / Wrong Item Delivered,Size & Fit Discrepancy,Incorrect / Wrong Item Delivered,Warehouse dispatched incorrect size tag against order (Precedence 1 / Rule 3).,0.95,Warehouse dispatched incorrect size tag against order (Precedence 1 / Rule 3).
e9e636bf-f691-45a5-8a59-0076162d66c0,a order some items and there quality is good also app good,5,2026-09-07 11:07:25,Other / Not Return-Related,"Defective, Damaged & Counterfeit Items",Other / Not Return-Related,Positive praise caught by keyword filter.,0.98,Positive praise caught by keyword filter.
5619ec56-0596-4f6b-af00-46fd6f8f3908,I have used this app last 6 years but now I am very disappointed from the service of mantra. I have purchased a item from myntra but item quality was very poor then i returned item. on 2nd sep 2026 I have received a WhatsApp and text message from myntra that your money has been transferred on your upi number. but I have not received my paid amount till 6th sep then I chat or call to myntra and also mail to myntra but no any response given by myntra. They send me a reference number,1,2026-09-07 11:04:18,Refund Processing & Settlement Disputes,"Defective, Damaged & Counterfeit Items",Refund Processing & Settlement Disputes,"Financial settlement dispute: delayed, uncredited, or deducted refund post-return/cancellation (Precedence 5 / Rule 5).",0.95,"Financial settlement dispute: delayed, uncredited, or deducted refund post-return/cancellation (Precedence 5 / Rule 5)."
11237953-6069-40e9-a8b3-1736f1307809,very bad quality and service,1,2026-09-07 11:00:32,"Defective, Damaged & Counterfeit Items","Defective, Damaged & Counterfeit Items","Defective, Damaged & Counterfeit Items","Product arrived damaged, defective, counterfeit, or with severe quality defect (Precedence 2 / Rule 2).",0.94,"Product arrived damaged, defective, counterfeit, or with severe quality defect (Precedence 2 / Rule 2)."
20b5b985-723a-495b-bd7f-40fb0979f739,best quality,5,2026-09-07 10:56:03,Other / Not Return-Related,"Defective, Damaged & Counterfeit Items",Other / Not Return-Related,Positive praise caught by keyword filter.,0.98,Positive praise caught by keyword filter.
49018cc6-7804-4a7c-93a8-5735593e8917,nyc fitting,5,2026-09-07 10:53:32,Other / Not Return-Related,Size & Fit Discrepancy,Other / Not Return-Related,Positive praise caught by keyword filter.,0.98,Positive praise caught by keyword filter.
4f593584-1138-415e-a59b-3e25e2836cbe,A1 quality clothes,5,2026-09-07 10:45:53,Other / Not Return-Related,"Defective, Damaged & Counterfeit Items",Other / Not Return-Related,Positive praise caught by keyword filter.,0.98,Positive praise caught by keyword filter.
22d95a37-b3eb-4378-b4c2-87bd1939b5ed,"amazing shoping app, good brand available in this app and good quality product/clothes available in this app",4,2026-09-07 09:51:47,Other / Not Return-Related,"Defective, Damaged & Counterfeit Items",Other / Not Return-Related,Positive praise caught by keyword filter.,0.98,Positive praise caught by keyword filter.
42d9ffdc-cec7-440e-a71b-9bb2f2ed3122,"Myntra I had a good experience with your service but the past few days what is wrong with your service!!! I'll uninstall the app if you aren't working properly. This is too much you aren't even dealing with customers properly, the exchange process is delaying.",1,2026-09-07 09:24:58,Return & Exchange Logistics & QC Friction,Incorrect / Wrong Item Delivered,Return & Exchange Logistics & QC Friction,General friction with return/exchange process.,0.85,General friction with return/exchange process.
6991358a-6ee1-4e25-ac5f-c8e3c7bbcd14,"Very disappointing experience with Myntra. I received an incorrect product and raised a return request, but instead of resolving the issue, the return was put on hold due to a quality check.What is even more frustrating is that customer support is not responding properly, and I am not getting a clear resolution. I received the wrong size due to a delivery/order issue, yet I am the one facing all the trouble.Myntra needs to improve its return process and customer support.",1,2026-09-07 08:47:02,"Defective, Damaged & Counterfeit Items",Size & Fit Discrepancy,Incorrect / Wrong Item Delivered,General dissatisfaction with product quality.,0.85,General dissatisfaction with product quality.
116cba7b-34bf-49d3-9092-0cbd189126fe,well maintained quality product but late delivery,5,2026-09-07 08:06:37,Other / Not Return-Related,"Defective, Damaged & Counterfeit Items",Other / Not Return-Related,Positive praise caught by keyword filter.,0.98,Positive praise caught by keyword filter.
8fdc20fa-5ad4-4bdf-afa9-84e93b2d0f9d,good collection as well as quality also,5,2026-09-07 07:52:54,Other / Not Return-Related,"Defective, Damaged & Counterfeit Items",Other / Not Return-Related,Positive praise caught by keyword filter.,0.98,Positive praise caught by keyword filter.
f9e81f9f-c669-44f0-9343-cafd1415fc0e,10/10 quality and abundant store,5,2026-09-07 07:47:57,Other / Not Return-Related,"Defective, Damaged & Counterfeit Items",Other / Not Return-Related,Positive praise caught by keyword filter.,0.98,Positive praise caught by keyword filter.
46897ef9-9f32-4d6b-bee2-aa9dfa1c5f31,"perfect fit, worthy",5,2026-09-07 07:09:59,Other / Not Return-Related,Size & Fit Discrepancy,Other / Not Return-Related,Positive praise caught by keyword filter.,0.98,Positive praise caught by keyword filter.
de0b9e7e-c063-4897-bbef-94429c53e4bf,awesome for shopping and beauty app .... I got much offers now and quality is top class 😀 Always been greatful 💓,5,2026-09-07 01:42:21,Other / Not Return-Related,"Defective, Damaged & Counterfeit Items",Other / Not Return-Related,Positive praise caught by keyword filter.,0.98,Positive praise caught by keyword filter.
75015959-a7e8-499b-a282-bd914c722e72,"myntra always good quality product bhejte hain,, thanks myntra",5,2026-09-07 01:26:56,Other / Not Return-Related,"Defective, Damaged & Counterfeit Items",Other / Not Return-Related,Positive praise caught by keyword filter.,0.98,Positive praise caught by keyword filter.
046b5b85-f19f-459d-ac78-7052a7eaf0ac,"very good ,sorry ,best shopping app ,where you can buy any brand and stylish, trendy dres with best quality and low money",5,2026-09-07 01:22:43,Other / Not Return-Related,"Defective, Damaged & Counterfeit Items",Other / Not Return-Related,Positive praise caught by keyword filter.,0.98,Positive praise caught by keyword filter.
316c9573-1485-49b2-ae80-c75444406a4a,"⭐⭐⭐⭐⭐ Myntra is one of my favourite shopping apps! The app is easy to use and has a huge variety of clothes, footwear, accessories, beauty products and more. The discounts and offers are really good, and I also like how easy it is to track orders and manage returns or exchanges. Overall, a great app for online shopping! ❤️🛍️",4,2026-09-07 00:57:55,Other / Not Return-Related,Return & Exchange Logistics & QC Friction,Other / Not Return-Related,Positive praise caught by keyword filter.,0.98,Positive praise caught by keyword filter.
0bc7cd2b-7320-45e2-92f5-53b036e08b19,"This is extremely disappointing and unacceptable service from Myntra and boAt. I have already exchanged this product 5–6 times, and every single time I received another defective product. Despite repeatedly contacting your customer support team, team members, and even the manager, no one has provided any proper solution or support. This was supposed to be a Rakhi gift for my sister, but because of your poor quality control and terrible customer service, you have completely spoiled the occasion",1,2026-09-07 00:16:06,"Defective, Damaged & Counterfeit Items","Defective, Damaged & Counterfeit Items","Defective, Damaged & Counterfeit Items","Product arrived damaged, defective, counterfeit, or with severe quality defect (Precedence 2 / Rule 2).",0.94,"Product arrived damaged, defective, counterfeit, or with severe quality defect (Precedence 2 / Rule 2)."
9693f240-e962-4634-8c70-67cfeeae45c1,"“Myntra is one of my favorite shopping apps. The products are good quality, the variety is excellent, and the delivery is usually fast. The app is easy to use and the offers are also great. Overall, I’m very happy with my shopping experience on Myntra. Highly recommended!” ⭐⭐⭐⭐⭐",5,2026-09-06 23:15:32,Other / Not Return-Related,"Defective, Damaged & Counterfeit Items",Other / Not Return-Related,Positive praise caught by keyword filter.,0.98,Positive praise caught by keyword filter.
c39207ab-6308-4768-ab77-09eff1aab098,"Great shopping experience, Good quality, perfect fit, and fast delivery. Very happy with my purchase. Highly recommended",5,2026-09-06 22:28:26,Other / Not Return-Related,Size & Fit Discrepancy,Other / Not Return-Related,Positive praise caught by keyword filter.,0.98,Positive praise caught by keyword filter.
01ed5357-5d90-40ef-af50-21fbd906c752,I love shopping in myntry best offer n products are good quality,5,2026-09-06 22:22:46,Other / Not Return-Related,"Defective, Damaged & Counterfeit Items",Other / Not Return-Related,Positive praise caught by keyword filter.,0.98,Positive praise caught by keyword filter.
1a357908-ff1b-4592-8b2a-b35f1611be65,"worse customer care ever. i ordered a shirt, but shirt was too loose,so i decide to exchange to different size on same day. the new sized product was shipped and on app it showed that it reached the nearest hub, but delivery was delayed and today they canceled exchange.now i cant even return or exchange because app shows return period is over and is left with a oversized shirt.exchange is scam,never do it,cause they will cancel exchange after some day, by that time return period is over. worse!",1,2026-09-06 22:19:29,Size & Fit Discrepancy,Size & Fit Discrepancy,Size & Fit Discrepancy,Customer received correct label but item failed to fit or size chart was inaccurate (Precedence 3 / Rule 1).,0.93,Customer received correct label but item failed to fit or size chart was inaccurate (Precedence 3 / Rule 1).
840dfaf6-c4d9-48d1-9706-23ad17432960,"worst shopping app ever. ordered 8 pairs of footwear. 3 of them were of other color from which I ordered , 2 smelled like fungus . the customer care is horrible. ordered a faux leather jacket , got it with white moulds . the exchange was a big headache. the shopping is below average. hate it. I had ordered these items because I was travelling for studies abroad. ended up taking nothing from this app. horrible. I wish there was a -5 star",1,2026-09-06 22:18:05,"Defective, Damaged & Counterfeit Items",Return & Exchange Logistics & QC Friction,"Defective, Damaged & Counterfeit Items","Product arrived damaged, defective, counterfeit, or with severe quality defect (Precedence 2 / Rule 2).",0.94,"Product arrived damaged, defective, counterfeit, or with severe quality defect (Precedence 2 / Rule 2)."
9ea8c17b-a05b-4f16-bfbe-948c5e7a8bfd,product quality and service top notch vera level pa guys ✨️✨️👍🏼👍🏼👍🏼,5,2026-09-06 22:12:03,Other / Not Return-Related,"Defective, Damaged & Counterfeit Items",Other / Not Return-Related,Positive praise caught by keyword filter.,0.98,Positive praise caught by keyword filter.
d758ca10-12dc-4cd4-9473-c0aca4b8d918,items took time but the quality packaging was good,5,2026-09-06 22:09:51,Other / Not Return-Related,"Defective, Damaged & Counterfeit Items",Other / Not Return-Related,Positive praise caught by keyword filter.,0.98,Positive praise caught by keyword filter.
0c12e48a-148f-44e6-be23-ccec6695dfb1,myntra had good quality products but it's expensive a little bit,4,2026-09-06 21:48:46,Other / Not Return-Related,"Defective, Damaged & Counterfeit Items",Other / Not Return-Related,Positive praise caught by keyword filter.,0.98,Positive praise caught by keyword filter.
e9241630-37ab-4e76-ab81-bb2b7bb2c64b,"“Myntra, respectfully… this wasn’t a purchase, it was a personality upgrade 😭💅🏻 The outfit ate so hard my wallet had to file a complaint. 💀✨”",5,2026-09-06 21:27:51,Other / Not Return-Related,Size & Fit Discrepancy,Other / Not Return-Related,Positive praise caught by keyword filter.,0.98,Positive praise caught by keyword filter.
28ef7582-cc85-404b-a1c1-bda7d8b557f0,This app is amazing and I found it very good and the products are also in good quality .,5,2026-09-06 21:23:52,Other / Not Return-Related,"Defective, Damaged & Counterfeit Items",Other / Not Return-Related,Positive praise caught by keyword filter.,0.98,Positive praise caught by keyword filter.
4710dc52-53ef-4efd-97cf-024f9423d8b4,good quality 😍,5,2026-09-06 20:46:49,Other / Not Return-Related,"Defective, Damaged & Counterfeit Items",Other / Not Return-Related,Positive praise caught by keyword filter.,0.98,Positive praise caught by keyword filter.
a9b283d1-d853-4dfc-b083-e8958fc57756,Best quality product,5,2026-09-06 20:36:34,Other / Not Return-Related,"Defective, Damaged & Counterfeit Items",Other / Not Return-Related,Positive praise caught by keyword filter.,0.98,Positive praise caught by keyword filter.
15159077-14c2-4f30-a25d-51dfe0b6fff9,very nice and useful app.... genuine brands and top quality...✨,5,2026-09-06 20:30:17,Other / Not Return-Related,"Defective, Damaged & Counterfeit Items",Other / Not Return-Related,Positive praise caught by keyword filter.,0.98,Positive praise caught by keyword filter.
ffdc08ca-8409-44ed-ad3d-6384709812c6,"This app is the best shopping app I have ever seen , The quality of the products are excellent , it never disappoints you and you find everything in this app 👍🏻",5,2026-09-06 20:30:04,Other / Not Return-Related,"Defective, Damaged & Counterfeit Items",Other / Not Return-Related,Positive praise caught by keyword filter.,0.98,Positive praise caught by keyword filter.
b84493d4-10a3-4b21-8b9c-c80b64664d37,"Honestly, I don’t know if I’m the only one facing this issue, but my experience with this platform has been extremely disappointing. I have ordered multiple products, and time and again, I’ve received either used or damaged items. I really don’t understand why this keeps happening. What frustrates me the most is that this isn’t a one-time issue. Does anyone actually check the products before sending them to customers? Especially when a product is returned or received back from a supplier, QC?",1,2026-09-06 20:29:03,"Defective, Damaged & Counterfeit Items","Defective, Damaged & Counterfeit Items","Defective, Damaged & Counterfeit Items","Product arrived damaged, defective, counterfeit, or with severe quality defect (Precedence 2 / Rule 2).",0.94,"Product arrived damaged, defective, counterfeit, or with severe quality defect (Precedence 2 / Rule 2)."
a03c2e63-3c33-4c6e-8e64-608d126b520b,Nice experience. The quality of the fabric is excellent. I personally recoment to purchase this product from Myntra.,5,2026-09-06 20:18:50,Other / Not Return-Related,"Defective, Damaged & Counterfeit Items",Other / Not Return-Related,Positive praise caught by keyword filter.,0.98,Positive praise caught by keyword filter.
02f986bf-96e1-41b7-8d09-d6faa0e3a340,got wrong size and exchanged the shoes.. after 1 week my account is blocked saying too many exchanges.. I'm quite disappointed and surprised for 1 exchange u blocked.. no worries there is so many shoping platforms.. madichi petko ni app ni...,1,2026-09-06 20:12:55,Size & Fit Discrepancy,Size & Fit Discrepancy,Other / Not Return-Related,Customer received correct label but item failed to fit or size chart was inaccurate (Precedence 3 / Rule 1).,0.93,Customer received correct label but item failed to fit or size chart was inaccurate (Precedence 3 / Rule 1).
5afe1f00-69e7-46d3-ae44-1c89bafd4b9a,all quality is best,5,2026-09-06 19:51:25,Other / Not Return-Related,"Defective, Damaged & Counterfeit Items",Other / Not Return-Related,Positive praise caught by keyword filter.,0.98,Positive praise caught by keyword filter.
db2d987d-896b-4e73-bc7d-185569d625d8,"Myntra has always been the best shopping experience for me! Every product is of great quality, and I get amazing coupons and discounts with almost every order, making shopping even more rewarding. Truly the best shopping app.",5,2026-09-06 19:43:11,Other / Not Return-Related,"Defective, Damaged & Counterfeit Items",Other / Not Return-Related,Positive praise caught by keyword filter.,0.98,Positive praise caught by keyword filter.
22779674-d6e0-4767-bdc1-7d1f79214bb9,quality is so good,5,2026-09-06 19:35:27,Other / Not Return-Related,"Defective, Damaged & Counterfeit Items",Other / Not Return-Related,Positive praise caught by keyword filter.,0.98,Positive praise caught by keyword filter.
7d6b2ad4-3486-4fac-b1c5-72458f0078ab,"lovely app, but we need to make right choices,good cancellation facility,fast refund",5,2026-09-06 18:47:29,Other / Not Return-Related,Refund Processing & Settlement Disputes,Other / Not Return-Related,Positive praise caught by keyword filter.,0.98,Positive praise caught by keyword filter.
c1d28c5e-0c24-4573-9b2e-66b7ac59fbaa,worst app.. site ever.... didn't give the loop tag on my item and... hence on exchange didn't hand over my exchange item.... and also not receiving calls... and not giving refund... worst... app.... never gonna order this.... FRAUD APP.. 😡😡😡😡😡😡,1,2026-09-06 18:21:31,Refund Processing & Settlement Disputes,Return & Exchange Logistics & QC Friction,Return & Exchange Logistics & QC Friction,"Financial settlement dispute: delayed, uncredited, or deducted refund post-return/cancellation (Precedence 5 / Rule 5).",0.95,"Financial settlement dispute: delayed, uncredited, or deducted refund post-return/cancellation (Precedence 5 / Rule 5)."
5ee0e23d-2bfd-425e-966b-adc450f6822e,good brands and products quality is also good...,5,2026-09-06 17:55:28,Other / Not Return-Related,"Defective, Damaged & Counterfeit Items",Other / Not Return-Related,Positive praise caught by keyword filter.,0.98,Positive praise caught by keyword filter.
94da001b-bc57-497f-bdb0-1363b22d2397,love the way that I got my deliveries on time and hassle free returns or exchanges,5,2026-09-06 17:26:48,Other / Not Return-Related,Return & Exchange Logistics & QC Friction,Other / Not Return-Related,Positive praise caught by keyword filter.,0.98,Positive praise caught by keyword filter.
0a785542-c147-4f09-98e1-1341b112fcae,"“Worst experience with Myntra! My order was returned, but ₹841 refund is still not received even though Myntra shows it as credited. I checked my bank/UPI and the money is not there. There is no proper customer support or response. Myntra, please provide the refund reference/UTR and return my ₹841 immediately. Very disappointing service!”",1,2026-09-06 17:17:04,Refund Processing & Settlement Disputes,Refund Processing & Settlement Disputes,Refund Processing & Settlement Disputes,"Financial settlement dispute: delayed, uncredited, or deducted refund post-return/cancellation (Precedence 5 / Rule 5).",0.95,"Financial settlement dispute: delayed, uncredited, or deducted refund post-return/cancellation (Precedence 5 / Rule 5)."
0e174d82-9c2b-4a3c-830c-445ed50432b8,Trendy style and best quality ❤️,5,2026-09-06 16:47:43,Other / Not Return-Related,"Defective, Damaged & Counterfeit Items",Other / Not Return-Related,Positive praise caught by keyword filter.,0.98,Positive praise caught by keyword filter.
2e41f87f-2f55-4f7f-8fc5-6002a86f212c,superb high quality product's,4,2026-09-06 16:29:34,Other / Not Return-Related,"Defective, Damaged & Counterfeit Items",Other / Not Return-Related,Positive praise caught by keyword filter.,0.98,Positive praise caught by keyword filter.
3539531e-02b5-4d2f-ab73-74503ec887c5,original product only one myntra. shoo size chart sometimes misleading.. best place 4 fragrances/perfumes.,5,2026-09-06 16:29:10,Other / Not Return-Related,Size & Fit Discrepancy,Other / Not Return-Related,Positive praise caught by keyword filter.,0.98,Positive praise caught by keyword filter.
4bb0dfdf-69d3-4cf4-ae4c-b7ca544df1c1,good quality,5,2026-09-06 16:12:08,Other / Not Return-Related,"Defective, Damaged & Counterfeit Items",Other / Not Return-Related,Positive praise caught by keyword filter.,0.98,Positive praise caught by keyword filter.
5bcd64a5-5eb6-4082-bc8b-d14ff86b5b13,nice experience products are all genuine and good exchange policy,5,2026-09-06 16:08:40,Other / Not Return-Related,Return & Exchange Logistics & QC Friction,Other / Not Return-Related,Positive praise caught by keyword filter.,0.98,Positive praise caught by keyword filter.
f6834123-c80c-4cd6-8263-7565fd8283f2,absolute best app for shopping product quality is good best customer service I love,5,2026-09-06 16:04:16,Other / Not Return-Related,"Defective, Damaged & Counterfeit Items",Other / Not Return-Related,Positive praise caught by keyword filter.,0.98,Positive praise caught by keyword filter.
33d079bc-9e7d-4e2e-8e5c-ae7933559d96,Quality of product and service of myntra is awesome,5,2026-09-06 16:01:38,Other / Not Return-Related,"Defective, Damaged & Counterfeit Items",Other / Not Return-Related,Positive praise caught by keyword filter.,0.98,Positive praise caught by keyword filter.
2678c7ff-48ce-4d10-80c9-69abf3609313,feature of exchange I just loved 🫶we can totally exchange product if we not like and I got Myntra cash many times so product made budget friendly,5,2026-09-06 15:52:00,Other / Not Return-Related,Return & Exchange Logistics & QC Friction,Other / Not Return-Related,Positive praise caught by keyword filter.,0.98,Positive praise caught by keyword filter.
46bf77d2-e633-4ba3-99dd-28d9b78305d2,I didn't get any refund I've complained many times but still there is no solution what the hell is this,1,2026-09-06 15:34:28,Refund Processing & Settlement Disputes,Refund Processing & Settlement Disputes,Refund Processing & Settlement Disputes,"Financial settlement dispute: delayed, uncredited, or deducted refund post-return/cancellation (Precedence 5 / Rule 5).",0.95,"Financial settlement dispute: delayed, uncredited, or deducted refund post-return/cancellation (Precedence 5 / Rule 5)."
ecce2fe1-75fb-4f74-a5f6-c31249b5f3ad,"Myntra is really good, I have always received really good quality products, with timely and safe delivery.",5,2026-09-06 15:33:58,Other / Not Return-Related,"Defective, Damaged & Counterfeit Items",Other / Not Return-Related,Positive praise caught by keyword filter.,0.98,Positive praise caught by keyword filter.
fdf7f9b0-9c0e-4277-8d50-87ae8384f88a,best quality and reasonable price by myntra,5,2026-09-06 15:30:21,Other / Not Return-Related,"Defective, Damaged & Counterfeit Items",Other / Not Return-Related,Positive praise caught by keyword filter.,0.98,Positive praise caught by keyword filter.
b7cdb8bc-1fbc-4675-98e8-0bf4cdd97f40,good quality product ease of buying and offers are exciting always,5,2026-09-06 15:28:16,Other / Not Return-Related,"Defective, Damaged & Counterfeit Items",Other / Not Return-Related,Positive praise caught by keyword filter.,0.98,Positive praise caught by keyword filter.
905ce0bd-74f3-4171-be85-d7b11aea9460,"I haven't received the refund for my cancelled order, even though it has been a month.""",1,2026-09-06 15:11:05,Refund Processing & Settlement Disputes,Refund Processing & Settlement Disputes,Refund Processing & Settlement Disputes,"Financial settlement dispute: delayed, uncredited, or deducted refund post-return/cancellation (Precedence 5 / Rule 5).",0.95,"Financial settlement dispute: delayed, uncredited, or deducted refund post-return/cancellation (Precedence 5 / Rule 5)."
a3ad2ffd-c13f-48e0-b7d3-3ffb078a2fd3,good quality products and trendy design,5,2026-09-06 15:10:17,Other / Not Return-Related,"Defective, Damaged & Counterfeit Items",Other / Not Return-Related,Positive praise caught by keyword filter.,0.98,Positive praise caught by keyword filter.
d1af95e1-6553-42e5-8546-a1e9ca3e616b,best quality products mostly satisfied #myntra perfect,5,2026-09-06 15:08:09,Other / Not Return-Related,"Defective, Damaged & Counterfeit Items",Other / Not Return-Related,Positive praise caught by keyword filter.,0.98,Positive praise caught by keyword filter.
6ab84d2d-87f2-4784-9858-23b803f1cebf,very good app and excellent branded quality clothes are available,5,2026-09-06 15:01:15,Other / Not Return-Related,"Defective, Damaged & Counterfeit Items",Other / Not Return-Related,Positive praise caught by keyword filter.,0.98,Positive praise caught by keyword filter.
d9d33a76-4645-401a-8201-104c818dfcf5,"Highly disappointed with Myntra. A pickup agent previously forced me to select ""Wrong Product Delivered"" to accept a shoe return because of the brand name mismatch.Later, when returning an ill-fitting sweater, I used the same reason following their staff's logic. Now Myntra has put my return on hold! I am being penalized for following instructions given by Myntra's own delivery staff. I feel completely scammed and my money is stuck.",1,2026-09-06 14:58:05,Incorrect / Wrong Item Delivered,Size & Fit Discrepancy,Return & Exchange Logistics & QC Friction,"Fulfillment error: wrong product, style, color, or brand delivered (Precedence 1 / Rule 3).",0.96,"Fulfillment error: wrong product, style, color, or brand delivered (Precedence 1 / Rule 3)."
8eefc62d-3f64-4300-8802-d9cabfda79f6,Amazing shopping experience on Myntra! The overall experience was really good. The product quality is excellent. It looks exactly as shown in the pictures. The material feels premium and comfortable. The fitting is also very good. The product arrived in perfect condition. The packaging was neat and secure. Delivery was quick and hassle-free. The product was delivered on time. I really liked the design and appearance. The quality is definitely worth the price.,5,2026-09-06 14:28:34,Other / Not Return-Related,Size & Fit Discrepancy,Other / Not Return-Related,Positive praise caught by keyword filter.,0.98,Positive praise caught by keyword filter.
b2ec3633-155d-4d43-bc17-6a1135fe1cc1,very bad experience. poor customer services support.poor return policy.they never gonna help you for returning your refund and return your product.,1,2026-09-06 14:24:19,Refund Processing & Settlement Disputes,Refund Processing & Settlement Disputes,Refund Processing & Settlement Disputes,"Financial settlement dispute: delayed, uncredited, or deducted refund post-return/cancellation (Precedence 5 / Rule 5).",0.95,"Financial settlement dispute: delayed, uncredited, or deducted refund post-return/cancellation (Precedence 5 / Rule 5)."
e8036312-d6c2-4e81-a320-9036e6415e81,quality products,5,2026-09-06 14:22:44,Other / Not Return-Related,"Defective, Damaged & Counterfeit Items",Other / Not Return-Related,Positive praise caught by keyword filter.,0.98,Positive praise caught by keyword filter.
b6c1afc1-73de-4eca-95d1-e8634838a560,"“Great shopping experience with a wide variety of products, good quality, attractive offers and rewarding benefits. The app is easy to use and makes shopping convenient. Overall, I’m very satisfied with Myntra!” ❤️",5,2026-09-06 14:12:35,Other / Not Return-Related,Size & Fit Discrepancy,Other / Not Return-Related,Positive praise caught by keyword filter.,0.98,Positive praise caught by keyword filter.
f13db616-4323-45ef-a052-5011c8325789,prices are reasonable with good quality with widest range of all commodities available .very handy and quality is very considerative with a lot of offers🥰,4,2026-09-06 14:11:32,Other / Not Return-Related,"Defective, Damaged & Counterfeit Items",Other / Not Return-Related,Positive praise caught by keyword filter.,0.98,Positive praise caught by keyword filter.
ca734fd1-26dc-4e11-a1b9-637134ddec7d,super quality products,5,2026-09-06 13:45:04,Other / Not Return-Related,"Defective, Damaged & Counterfeit Items",Other / Not Return-Related,Positive praise caught by keyword filter.,0.98,Positive praise caught by keyword filter.
c6fb15cb-6a39-4716-a43a-8ac8a8c11817,good quality,5,2026-09-06 13:29:57,Other / Not Return-Related,"Defective, Damaged & Counterfeit Items",Other / Not Return-Related,Positive praise caught by keyword filter.,0.98,Positive praise caught by keyword filter.
e9cd9e8a-fa30-4d17-aaf4-7b81a83e6bd9,"⭐ 1/5 Very disappointing. The product I received had a noticeable colour difference from the product shown in the listing photos, so I requested a return. But Myntra rejected my return request because of that same colour difference. On top of that, the quality was poor for ₹1000+. If the delivered product doesn’t match the listing, why should the customer be denied a return? Completely unacceptable.",1,2026-09-06 13:17:00,"Defective, Damaged & Counterfeit Items","Defective, Damaged & Counterfeit Items",Incorrect / Wrong Item Delivered,General dissatisfaction with product quality.,0.85,General dissatisfaction with product quality.
71da0b7d-9283-4bd3-ad36-5785e60dce8f,"I really like this app. I have been using this app for a long time it is easy to use , the products are good and I like the return policy So yaa..my overall experience is very good",5,2026-09-06 13:11:38,Other / Not Return-Related,Other / Not Return-Related,Other / Not Return-Related,Positive praise caught by keyword filter.,0.98,Positive praise caught by keyword filter.
7fb6f103-6ff9-4722-a156-2c64e404add7,super se uper very friendly app and January Quality products 👌 ✨️,5,2026-09-06 13:09:37,Other / Not Return-Related,"Defective, Damaged & Counterfeit Items",Other / Not Return-Related,Positive praise caught by keyword filter.,0.98,Positive praise caught by keyword filter.
b45bd53b-2aaf-498e-bf1e-56082b22384a,"Top-notch shopping experience! Myntra has an amazing collection of fashion, footwear, accessories, and more. The app is smooth, user-friendly, and easy to navigate. Product variety is great, prices are often reasonable, and the overall ordering experience is seamless. Delivery is usually quick, and returns/exchanges are also convenient. Definitely one of the best fashion shopping apps out there. Highly recommended! ❤️",5,2026-09-06 12:55:49,Other / Not Return-Related,Return & Exchange Logistics & QC Friction,Other / Not Return-Related,Positive praise caught by keyword filter.,0.98,Positive praise caught by keyword filter.
fc930dc6-09aa-495c-834b-fbd9448bb62c,great quality,5,2026-09-06 12:54:21,Other / Not Return-Related,"Defective, Damaged & Counterfeit Items",Other / Not Return-Related,Positive praise caught by keyword filter.,0.98,Positive praise caught by keyword filter.
9db11edd-98c6-4d02-9615-04bb92225ceb,"I always shop from Mantra I have complete trust in their beauty products. the quality is amazing, and I'm always happy with my purchases .",5,2026-09-06 12:52:17,Other / Not Return-Related,"Defective, Damaged & Counterfeit Items",Other / Not Return-Related,Positive praise caught by keyword filter.,0.98,Positive praise caught by keyword filter.
1d31daa9-66f7-4269-b2ad-ce549042c303,when you buy things on this they will assist you well and say 10 days of hassle free exchange or return but when you file a return they won't pick your order and make it delay,1,2026-09-06 12:51:57,Return & Exchange Logistics & QC Friction,Return & Exchange Logistics & QC Friction,Return & Exchange Logistics & QC Friction,"Operational reverse logistics failure: pickup no-show, unserviceable pincode, or rejection (Precedence 4 / Rule 4).",0.92,"Operational reverse logistics failure: pickup no-show, unserviceable pincode, or rejection (Precedence 4 / Rule 4)."
e7992df3-32e0-443a-a49d-4b49dcc16668,"It's cool, awesome response , quick :) Lovely I always get amazing dresses from Myntra. The platform process is very quick and easy to order. Always deliver quality products. just wow. All product quality is awesome.",5,2026-09-06 12:51:41,Other / Not Return-Related,"Defective, Damaged & Counterfeit Items",Other / Not Return-Related,Positive praise caught by keyword filter.,0.98,Positive praise caught by keyword filter.
b8b71574-1498-4b64-b5b6-66b037dfddfd,Customer service is very bad return products not pickup after 10 day very bad service,1,2026-09-06 12:51:12,Return & Exchange Logistics & QC Friction,Return & Exchange Logistics & QC Friction,Return & Exchange Logistics & QC Friction,"Operational reverse logistics failure: pickup no-show, unserviceable pincode, or rejection (Precedence 4 / Rule 4).",0.92,"Operational reverse logistics failure: pickup no-show, unserviceable pincode, or rejection (Precedence 4 / Rule 4)."
e2f118e2-ba9f-4d9b-85c6-083fdbb9619b,Product quality is best price is high as compared to other platform but new product and many product are available here not any where I like it most,5,2026-09-06 12:45:22,Other / Not Return-Related,"Defective, Damaged & Counterfeit Items",Other / Not Return-Related,Positive praise caught by keyword filter.,0.98,Positive praise caught by keyword filter.
514c6571-665f-4fa7-a5b3-450ba6f0b581,"Very poor experience with Myntra. My Skechers order placed on 20 Aug for ₹4,171, promised for 25–27 Aug, is still undelivered. Tracking stopped updating around 24/25 Aug. Customer support keeps extending the deadline instead of resolving it, and my previous complaint was closed without resolution. Now Size 8 is out of stock and they are asking me to cancel and reorder. I want my original order at the original price. Extremely disappointing support.",1,2026-09-06 12:37:09,Other / Not Return-Related,Size & Fit Discrepancy,Other / Not Return-Related,Forward delivery delay and stock cancellation; not a return.,0.95,Forward delivery delay and stock cancellation; not a return.
22edbe3c-c303-4a51-9197-e4b04c39bab8,verified quality products in discounted price,5,2026-09-06 12:33:27,Other / Not Return-Related,"Defective, Damaged & Counterfeit Items",Other / Not Return-Related,Positive praise caught by keyword filter.,0.98,Positive praise caught by keyword filter.
d5ac46dc-062a-4a62-8786-1537f8e7f1f1,Just amezing app . Thank you Myntra for all the good and best quality products,5,2026-09-06 12:08:30,Other / Not Return-Related,"Defective, Damaged & Counterfeit Items",Other / Not Return-Related,Positive praise caught by keyword filter.,0.98,Positive praise caught by keyword filter.
79a4f65b-7d10-4cc6-b0d8-48904394ffaf,excellent service and Wonderful quality,5,2026-09-06 11:56:46,Other / Not Return-Related,"Defective, Damaged & Counterfeit Items",Other / Not Return-Related,Positive praise caught by keyword filter.,0.98,Positive praise caught by keyword filter.
615fec5c-c9d1-4bda-b6a8-1d28475af440,quality products,5,2026-09-06 11:34:18,Other / Not Return-Related,"Defective, Damaged & Counterfeit Items",Other / Not Return-Related,Positive praise caught by keyword filter.,0.98,Positive praise caught by keyword filter.
c3c7c63a-e98f-4497-957a-66fc6108fffd,best quality items for myntra,5,2026-09-06 11:28:40,Other / Not Return-Related,"Defective, Damaged & Counterfeit Items",Other / Not Return-Related,Positive praise caught by keyword filter.,0.98,Positive praise caught by keyword filter.
032570f4-99d1-4554-9516-8625e288264b,amazing online shopping app ❤️ also bhut kam chance hai fraud hone k aur best quality of products receive hoti ha toh i must recommend you this app,5,2026-09-06 11:21:08,Other / Not Return-Related,"Defective, Damaged & Counterfeit Items",Other / Not Return-Related,Positive review with passing observation.,0.95,Positive review with passing observation.
e862996b-71f9-4da5-be8f-522ec9970e9b,"High price but good quality product I received it, if Myntra reduce the costume price and give good quality products, they customer will be more happy to afford it.",5,2026-09-06 10:46:24,Other / Not Return-Related,"Defective, Damaged & Counterfeit Items",Other / Not Return-Related,Positive praise caught by keyword filter.,0.98,Positive praise caught by keyword filter.
c1ec55ee-77bc-453f-99bc-12cb51c74188,I am using this app from a long time and the quality of its products is excellent. The packaging is also very good.,5,2026-09-06 10:43:13,Other / Not Return-Related,"Defective, Damaged & Counterfeit Items",Other / Not Return-Related,Positive praise caught by keyword filter.,0.98,Positive praise caught by keyword filter.
1deeab24-9e53-42fd-8237-e4096335583d,"Amazing shopping app! The interface is simple, products are easy to find, and the ordering process is quick and hassle-free. The products are good quality, prices are reasonable, and delivery is fast. Overall, a great online shopping experience. Highly recommended! 🛍️✨",5,2026-09-06 10:35:29,Other / Not Return-Related,"Defective, Damaged & Counterfeit Items",Other / Not Return-Related,Positive praise caught by keyword filter.,0.98,Positive praise caught by keyword filter.
00346d54-2404-4a2a-a158-35b73907855d,BEST Quality,5,2026-09-06 10:34:14,Other / Not Return-Related,"Defective, Damaged & Counterfeit Items",Other / Not Return-Related,Positive praise caught by keyword filter.,0.98,Positive praise caught by keyword filter.
dcba53ab-26e8-44c8-89f9-029f32a092a5,quality products,5,2026-09-06 10:03:37,Other / Not Return-Related,"Defective, Damaged & Counterfeit Items",Other / Not Return-Related,Positive praise caught by keyword filter.,0.98,Positive praise caught by keyword filter.
ad36dd3b-72cb-453a-b8ea-990091f568c7,this is a very reliable online shopping app. until now every product I have ordered has been as shown and same quality. this app is highly recommend for online shopping,5,2026-09-06 09:55:51,Other / Not Return-Related,"Defective, Damaged & Counterfeit Items",Other / Not Return-Related,Positive praise caught by keyword filter.,0.98,Positive praise caught by keyword filter.
e3aad6d2-22d0-4c57-bd6c-bd19bd321da7,good quality 👍,5,2026-09-06 09:44:25,Other / Not Return-Related,"Defective, Damaged & Counterfeit Items",Other / Not Return-Related,Positive praise caught by keyword filter.,0.98,Positive praise caught by keyword filter.
73f7f96f-d2d1-46cd-a8cb-049494a19d32,"9 years on Myntra, and the experience only gets better and worthwhile with time! No other Indian online shopping platform can replace the service, style product quality, and customer satisfaction of purchase that Myntra offers! Absolutely in love with it!",5,2026-09-06 09:40:29,Other / Not Return-Related,"Defective, Damaged & Counterfeit Items",Other / Not Return-Related,Positive praise caught by keyword filter.,0.98,Positive praise caught by keyword filter.
6bdab13a-a36a-4f8c-bcf7-47a243f252b3,"give me option to attach screenshot here so that people can know how you people are playing with public money . you have sent me wrong order later on complaint return is approved on 18th of May 2026. Since then I have complained about 15 to 20 times for the items to be picked and return my money .But you people are least bothered. if we as a customer can be late in seconds to create a return ,next day you will straightway deny for refund or pick up. now in my case you are late to pick up by mont",1,2026-09-06 09:39:09,Incorrect / Wrong Item Delivered,Incorrect / Wrong Item Delivered,Incorrect / Wrong Item Delivered,"Fulfillment error: wrong product, style, color, or brand delivered (Precedence 1 / Rule 3).",0.96,"Fulfillment error: wrong product, style, color, or brand delivered (Precedence 1 / Rule 3)."
f1bc1eb6-e1c3-4c4d-bd53-1de20773d5ca,Super quality perfect fit,5,2026-09-06 09:28:35,Other / Not Return-Related,Size & Fit Discrepancy,Other / Not Return-Related,Positive praise caught by keyword filter.,0.98,Positive praise caught by keyword filter.
e09f1232-acd0-4602-9351-62e274aa0510,this is the best experience I always get the right material on myntra The fabric quality is always good,5,2026-09-06 08:47:49,Other / Not Return-Related,"Defective, Damaged & Counterfeit Items",Other / Not Return-Related,Positive praise caught by keyword filter.,0.98,Positive praise caught by keyword filter.
112b5024-7d53-489f-a475-5f0b0493397e,Very poor service with late delivery and delay the delivery anytime and late delivery and some products quality are not like the shown in the image,1,2026-09-06 08:30:23,"Defective, Damaged & Counterfeit Items","Defective, Damaged & Counterfeit Items",Other / Not Return-Related,General dissatisfaction with product quality.,0.85,General dissatisfaction with product quality.
e3f7e59e-7a6d-47a5-87d7-db35f4ef51f1,awesome experience ...we get different styles and good quality materials in reasonable price,5,2026-09-06 08:21:57,Other / Not Return-Related,"Defective, Damaged & Counterfeit Items",Other / Not Return-Related,Positive praise caught by keyword filter.,0.98,Positive praise caught by keyword filter.
dc004256-77d1-41d8-a0fe-f72957fbe354,an amazing app with perfect prices.. quality product's,5,2026-09-06 07:50:58,Other / Not Return-Related,"Defective, Damaged & Counterfeit Items",Other / Not Return-Related,Positive praise caught by keyword filter.,0.98,Positive praise caught by keyword filter.
4aa418e0-d990-4023-8641-bdc6525ce5d3,Great shopping experience! Good quality products and fast delivery ⭐⭐⭐⭐⭐,5,2026-09-06 07:45:02,Other / Not Return-Related,"Defective, Damaged & Counterfeit Items",Other / Not Return-Related,Positive praise caught by keyword filter.,0.98,Positive praise caught by keyword filter.
636fd16d-0bfa-4f37-a092-5adb90812934,"Doing fraud openly. Not even worth 1 star. I ordered a product and received a damaged one. So, I connected with an agent and he promised that since it's the seller's mistake and not mine, I would get a full refund along with 'platform fees'. Yet, they still deducted the so-called ""Platform Fee."" Worst experience with Myntra.",1,2026-09-06 07:02:11,"Defective, Damaged & Counterfeit Items","Defective, Damaged & Counterfeit Items","Defective, Damaged & Counterfeit Items","Product arrived damaged, defective, counterfeit, or with severe quality defect (Precedence 2 / Rule 2).",0.94,"Product arrived damaged, defective, counterfeit, or with severe quality defect (Precedence 2 / Rule 2)."
898a83a1-87ab-42b1-bffc-4da7173d4315,"pricing of a few items, delivery experience and style and exchange flexibility",5,2026-09-06 06:09:08,Other / Not Return-Related,Return & Exchange Logistics & QC Friction,Other / Not Return-Related,Positive praise caught by keyword filter.,0.98,Positive praise caught by keyword filter.
0c1901a8-837d-43d8-805c-985357419e23,its good app for quality clothes,5,2026-09-06 01:29:18,Other / Not Return-Related,"Defective, Damaged & Counterfeit Items",Other / Not Return-Related,Positive praise caught by keyword filter.,0.98,Positive praise caught by keyword filter.
aafd5868-3ff1-4218-84f4-6a02a64f4633,very bad refund system faltu,1,2026-09-06 00:57:03,Refund Processing & Settlement Disputes,Refund Processing & Settlement Disputes,Refund Processing & Settlement Disputes,"Financial settlement dispute: delayed, uncredited, or deducted refund post-return/cancellation (Precedence 5 / Rule 5).",0.95,"Financial settlement dispute: delayed, uncredited, or deducted refund post-return/cancellation (Precedence 5 / Rule 5)."
1f0cd751-febb-41bb-b7fe-868ea7027690,Amazing experience so far on buying amazing goods and easy hassle free returns,5,2026-09-06 00:33:08,Other / Not Return-Related,Other / Not Return-Related,Other / Not Return-Related,Positive praise caught by keyword filter.,0.98,Positive praise caught by keyword filter.
dd1373da-16e5-4980-a9fb-e3c066d54604,premium quality of product,5,2026-09-06 00:24:00,Other / Not Return-Related,"Defective, Damaged & Counterfeit Items",Other / Not Return-Related,Positive praise caught by keyword filter.,0.98,Positive praise caught by keyword filter.
44b5ea04-42d1-4183-90d2-8376939c93bf,best shopping app for outfit at affordable price also some time with best offers,5,2026-09-06 00:05:54,Other / Not Return-Related,Size & Fit Discrepancy,Other / Not Return-Related,Positive praise caught by keyword filter.,0.98,Positive praise caught by keyword filter.
591ac80a-da36-4593-81b4-9abdfdf8e6a3,"Great shopping experience with Myntra! The collection is excellent, prices are reasonable, and the product quality was exactly as expected. Delivery was quick, packaging was neat, and the overall process was smooth and hassle-free. Definitely one of my favourite apps for fashion shopping. Highly recommended!",5,2026-09-05 23:50:21,Other / Not Return-Related,"Defective, Damaged & Counterfeit Items",Other / Not Return-Related,Positive praise caught by keyword filter.,0.98,Positive praise caught by keyword filter.
c302825f-a09c-4607-9fa2-3d84c708c814,it's quality is very good... . go for it without any doubt,4,2026-09-05 23:02:07,Other / Not Return-Related,"Defective, Damaged & Counterfeit Items",Other / Not Return-Related,Positive praise caught by keyword filter.,0.98,Positive praise caught by keyword filter.
51b71a38-d7fb-400c-a0df-d2a05ca9425c,good quality🌷🌷,5,2026-09-05 22:58:59,Other / Not Return-Related,"Defective, Damaged & Counterfeit Items",Other / Not Return-Related,Positive praise caught by keyword filter.,0.98,Positive praise caught by keyword filter.
099301ae-a55b-4f14-8014-1ec35e3e7cc3,the product quality and price both are reasonable,5,2026-09-05 22:26:04,Other / Not Return-Related,"Defective, Damaged & Counterfeit Items",Other / Not Return-Related,Positive praise caught by keyword filter.,0.98,Positive praise caught by keyword filter.
e47631a5-4a32-462b-bd55-4b555ec4decd,It is a very nice product go for myntra shopping as it serves quality product...,5,2026-09-05 22:15:29,Other / Not Return-Related,"Defective, Damaged & Counterfeit Items",Other / Not Return-Related,Positive praise caught by keyword filter.,0.98,Positive praise caught by keyword filter.
fc246a87-a372-4c2f-8ba0-4a8121e460a6,Best online shopping 🛍️ App... Quality products thanks myntra app,5,2026-09-05 21:35:41,Other / Not Return-Related,"Defective, Damaged & Counterfeit Items",Other / Not Return-Related,Positive praise caught by keyword filter.,0.98,Positive praise caught by keyword filter.
e06b3d61-6448-4bc2-b85d-d27778389a64,"worst shopping app they can't even deliver the exchange product correctly, I had put an exchange request for shoes because of size issue and they did send an exchange product but later the delivery boy came and took it back again and gave back the previous small size one because apparently the number on the tag was not matching like I had another tag to change it into fyi it is my first myntra order, then he told me that I'll receive the correct shoes the next day, I still haven't received it",1,2026-09-05 21:32:40,Incorrect / Wrong Item Delivered,Size & Fit Discrepancy,Incorrect / Wrong Item Delivered,Mismatched tag attached by seller/warehouse blocked return pickup (Precedence 1 / Rule 3).,0.92,Mismatched tag attached by seller/warehouse blocked return pickup (Precedence 1 / Rule 3).
f3eff124-d8c4-4683-bd53-b7386f0e7f0e,the entire myntra is a fraud they are just confirming the order and canceling the order without any intimation and give 10% discount to hell with your discounts I have ordered one order and received any different colour I have exchanged thrice still it RCVD another colour.. don't use myntra for shopping,1,2026-09-05 20:53:31,Incorrect / Wrong Item Delivered,Return & Exchange Logistics & QC Friction,Incorrect / Wrong Item Delivered,"Fulfillment error: wrong product, style, color, or brand delivered (Precedence 1 / Rule 3).",0.96,"Fulfillment error: wrong product, style, color, or brand delivered (Precedence 1 / Rule 3)."
3e49260e-f0bc-4ced-83b9-d6383fcfd10b,it's very good app genuine products and quality is too good according to price,5,2026-09-05 20:51:44,Other / Not Return-Related,"Defective, Damaged & Counterfeit Items",Other / Not Return-Related,Positive praise caught by keyword filter.,0.98,Positive praise caught by keyword filter.
7994dcf7-65bd-4762-aaca-f8e52479a8a5,products are genuine and quality products.,5,2026-09-05 20:16:38,Other / Not Return-Related,"Defective, Damaged & Counterfeit Items",Other / Not Return-Related,Positive praise caught by keyword filter.,0.98,Positive praise caught by keyword filter.
12abc90c-cb78-4bfd-8627-551a3166020c,good quality cloths,5,2026-09-05 20:06:20,Other / Not Return-Related,"Defective, Damaged & Counterfeit Items",Other / Not Return-Related,Positive praise caught by keyword filter.,0.98,Positive praise caught by keyword filter.
ee7d7760-5d67-4b71-a346-b4b4bb66dfe2,very nice app ...quality products..,5,2026-09-05 19:53:53,Other / Not Return-Related,"Defective, Damaged & Counterfeit Items",Other / Not Return-Related,Positive praise caught by keyword filter.,0.98,Positive praise caught by keyword filter.
fa31a74f-16b5-4e92-a47e-f3529fb8cb90,My money has not been returned it has been cancelled on 15 August,1,2026-09-05 19:53:09,Return & Exchange Logistics & QC Friction,Refund Processing & Settlement Disputes,Refund Processing & Settlement Disputes,General friction with return/exchange process.,0.85,General friction with return/exchange process.
d5d4abf7-32e9-4cd8-a200-665d8eb04265,Myntra is very useful to purchase best quality branded products at affordable prices with more offers and discounts.,5,2026-09-05 19:28:50,Other / Not Return-Related,"Defective, Damaged & Counterfeit Items",Other / Not Return-Related,Positive praise caught by keyword filter.,0.98,Positive praise caught by keyword filter.
8b86c378-2f8c-4499-a649-1f46cda96284,super very much benefited with their special offers discounts,5,2026-09-05 19:20:15,Other / Not Return-Related,Size & Fit Discrepancy,Other / Not Return-Related,Positive praise caught by keyword filter.,0.98,Positive praise caught by keyword filter.
931c44ef-4a1e-403c-99f6-e28f4689a4af,all good but add size more than xxxl also,4,2026-09-05 19:11:39,Other / Not Return-Related,Size & Fit Discrepancy,Other / Not Return-Related,Positive praise caught by keyword filter.,0.98,Positive praise caught by keyword filter.
f41049f2-e849-48b5-bbe3-449361a9c2b8,very good product and quality is the best,5,2026-09-05 19:02:06,Other / Not Return-Related,"Defective, Damaged & Counterfeit Items",Other / Not Return-Related,Positive praise caught by keyword filter.,0.98,Positive praise caught by keyword filter.
0f72a002-4d1c-4996-ad0d-c6c6dae7ceb9,"I had a great shopping experience with Myntra. The app is easy to use, the products are good quality, and the delivery was quick. Overall, I’m very satisfied with Myntra and would definitely recommend it.",5,2026-09-05 18:58:47,Other / Not Return-Related,"Defective, Damaged & Counterfeit Items",Other / Not Return-Related,Positive praise caught by keyword filter.,0.98,Positive praise caught by keyword filter.
0e6f35b8-1e09-4a23-8e19-29fd0886d56a,"The product is really good. The quality is nice, the fitting is perfect, and it looks exactly like the pictures. I’m very satisfied with my purchase. 😊",5,2026-09-05 18:38:44,Other / Not Return-Related,Size & Fit Discrepancy,Other / Not Return-Related,Positive praise caught by keyword filter.,0.98,Positive praise caught by keyword filter.
6b03e1bc-1a1f-4031-b3e1-71deb000ee6a,products are of very good quality,4,2026-09-05 18:35:07,Other / Not Return-Related,"Defective, Damaged & Counterfeit Items",Other / Not Return-Related,Positive praise caught by keyword filter.,0.98,Positive praise caught by keyword filter.
759b4761-748d-41e5-ac54-51cef6a7ad63,"I really appreciate the quality of products Myntra provides to its customers. I honestly feel that very few, if any, e-commerce platforms can offer this kind of product quality and shopping experience. Myntra has consistently delivered quality products, and that is why I trust Myntra for my purchases. The product quality, variety, and overall experience make me feel confident shopping here. I truly believe in Myntra and the quality they provide to their customers. Highly recommended! ⭐⭐⭐⭐⭐",5,2026-09-05 18:12:06,Other / Not Return-Related,"Defective, Damaged & Counterfeit Items",Other / Not Return-Related,Positive praise caught by keyword filter.,0.98,Positive praise caught by keyword filter.
4c8beed2-308c-4ec0-8b2b-ee1aa89f1f4b,Worst app...Worst service....this myntra is cheater first they do not give me cash on delivery they took money for my order and now they are not delivering it on the given date by them I had order it for first time new user experience is Worst first and last order.....I had wait for 6 days for my order and now they are not delivering it and if I cancel it then they will say wait for 5 to 6 business day for refund.....Worst Worst Worst Worst........ I will suggest all of you use flipkart Amazon,1,2026-09-05 17:35:36,Other / Not Return-Related,Refund Processing & Settlement Disputes,Other / Not Return-Related,Forward delivery delay complaint.,0.95,Forward delivery delay complaint.
336bdf68-363e-4991-b942-31d2d2229651,quality superrrrrr,4,2026-09-05 17:34:58,Other / Not Return-Related,"Defective, Damaged & Counterfeit Items",Other / Not Return-Related,Positive praise caught by keyword filter.,0.98,Positive praise caught by keyword filter.
645d87ff-f580-4998-b904-15f58a3b2226,this app product quality us best,5,2026-09-05 17:33:20,Other / Not Return-Related,"Defective, Damaged & Counterfeit Items",Other / Not Return-Related,Positive praise caught by keyword filter.,0.98,Positive praise caught by keyword filter.
f1700bb1-9af8-4f96-bff5-3f06ad0322f9,"I had a really good shopping experience with Myntra. The product quality was excellent and exactly as shown in the pictures. The material was good, the fitting was comfortable, and the packaging was also neat. The delivery was on time and the overall experience was smooth and hassle-free. I’m really satisfied with my purchase and would definitely recommend Myntra to others. ❤️",5,2026-09-05 17:15:24,Other / Not Return-Related,Size & Fit Discrepancy,Other / Not Return-Related,Positive praise caught by keyword filter.,0.98,Positive praise caught by keyword filter.
45c21e35-2e2a-456c-ae78-d5faf73df989,product quality is actually good 👍,5,2026-09-05 16:52:44,Other / Not Return-Related,"Defective, Damaged & Counterfeit Items",Other / Not Return-Related,Positive praise caught by keyword filter.,0.98,Positive praise caught by keyword filter.
807d86d3-9398-45bf-ab7a-62513a5d9996,you haven't processed my refund of 759 rs from 18 july the pickup was done ... your customer care is also faltu not replying at all . what is this behaviour ... your company has a name n fame what you will do keeping my money 💰 please,5,2026-09-05 16:39:02,Refund Processing & Settlement Disputes,Return & Exchange Logistics & QC Friction,Refund Processing & Settlement Disputes,Sarcastic 5-star review reporting uncredited refund of ₹759 since July post-pickup.,0.95,Sarcastic 5-star review reporting uncredited refund of ₹759 since July post-pickup.
c9ae728b-e88c-4192-a1b3-7efda6729ff1,the App is smooth and reliable in online shopping.you can buy best quality clothes from here,5,2026-09-05 16:29:33,Other / Not Return-Related,"Defective, Damaged & Counterfeit Items",Other / Not Return-Related,Positive praise caught by keyword filter.,0.98,Positive praise caught by keyword filter.
e755208e-0ac7-4548-9bbe-dd0fa44b0993,pls do not use this app not trustable and your order will not exchange in this app. if damage product your receaved and you will request to exchange your exchange processes shown as exchange on hold an your exchange shall be cancel in few time. your money and time waisted in this app. pls do not download this,1,2026-09-05 15:58:33,"Defective, Damaged & Counterfeit Items",Return & Exchange Logistics & QC Friction,"Defective, Damaged & Counterfeit Items","Product arrived damaged, defective, counterfeit, or with severe quality defect (Precedence 2 / Rule 2).",0.94,"Product arrived damaged, defective, counterfeit, or with severe quality defect (Precedence 2 / Rule 2)."
4c58c393-bbef-4bbf-8576-dee05e9c509b,verry esy for buying my outfit,5,2026-09-05 15:34:30,Other / Not Return-Related,Size & Fit Discrepancy,Other / Not Return-Related,Positive praise caught by keyword filter.,0.98,Positive praise caught by keyword filter.
4612f59b-6b7d-4a5e-b625-ba9bebeb3942,Very bad app they don't send the exact product and then reduce the refund,1,2026-09-05 15:33:14,Refund Processing & Settlement Disputes,Refund Processing & Settlement Disputes,Incorrect / Wrong Item Delivered,"Financial settlement dispute: delayed, uncredited, or deducted refund post-return/cancellation (Precedence 5 / Rule 5).",0.95,"Financial settlement dispute: delayed, uncredited, or deducted refund post-return/cancellation (Precedence 5 / Rule 5)."
03040940-bb8f-41eb-8ac0-7aee3ef372b9,nice product and quality,5,2026-09-05 15:00:34,Other / Not Return-Related,"Defective, Damaged & Counterfeit Items",Other / Not Return-Related,Positive praise caught by keyword filter.,0.98,Positive praise caught by keyword filter.
b897ce08-11d0-4b99-bbe4-c3f71d0726c3,good and quality products. rates are also low as compared to other apps,4,2026-09-05 14:46:36,Other / Not Return-Related,"Defective, Damaged & Counterfeit Items",Other / Not Return-Related,Positive praise caught by keyword filter.,0.98,Positive praise caught by keyword filter.
d5ba95e9-9349-40ef-8152-f4faf39eb32d,myntra superb products quality,5,2026-09-05 14:31:46,Other / Not Return-Related,"Defective, Damaged & Counterfeit Items",Other / Not Return-Related,Positive praise caught by keyword filter.,0.98,Positive praise caught by keyword filter.
0f8777a3-b98c-4126-b8a0-1ab562f757dd,"Myntra is a great shopping app with a wide variety of fashion products. The app is easy to use, product quality is generally good, and the delivery experience has been smooth. I also like the offers and discounts available. Overall, a good app for online shopping.",5,2026-09-05 14:23:55,Other / Not Return-Related,"Defective, Damaged & Counterfeit Items",Other / Not Return-Related,Positive praise caught by keyword filter.,0.98,Positive praise caught by keyword filter.
05a4f1a1-9d04-4958-ba72-ba8b09454c51,product quality service everything was awesome,5,2026-09-05 14:09:36,Other / Not Return-Related,"Defective, Damaged & Counterfeit Items",Other / Not Return-Related,Positive praise caught by keyword filter.,0.98,Positive praise caught by keyword filter.
96c0f69a-6b2a-476a-a730-2a9d1c9fce35,Had an extremely disappointing experience . it is continuously saying that my refund is completed but there is no such amount in my account.i already updated my account statement.it's been 2 days already and i didn't get my refund. customer service is too much lengthy and awful.always put the call on hold. I will never recommend this app to anyone,1,2026-09-05 13:52:08,Refund Processing & Settlement Disputes,Refund Processing & Settlement Disputes,Refund Processing & Settlement Disputes,"Financial settlement dispute: delayed, uncredited, or deducted refund post-return/cancellation (Precedence 5 / Rule 5).",0.95,"Financial settlement dispute: delayed, uncredited, or deducted refund post-return/cancellation (Precedence 5 / Rule 5)."
3b550b3b-8fea-4907-b320-8208821de959,superb quality and excellent product,5,2026-09-05 13:45:46,Other / Not Return-Related,"Defective, Damaged & Counterfeit Items",Other / Not Return-Related,Positive praise caught by keyword filter.,0.98,Positive praise caught by keyword filter.
1d90695e-d01d-4f52-891f-8ecc88161883,"Their service is very poor. If we place an order for 30 minutes in 4 hours, they cancel it at the doorstep and do not give complete refund and the customer care is completely useless.",1,2026-09-05 13:19:42,Refund Processing & Settlement Disputes,Refund Processing & Settlement Disputes,Refund Processing & Settlement Disputes,"Financial settlement dispute: delayed, uncredited, or deducted refund post-return/cancellation (Precedence 5 / Rule 5).",0.95,"Financial settlement dispute: delayed, uncredited, or deducted refund post-return/cancellation (Precedence 5 / Rule 5)."
e3c6c71c-3b63-4be3-b9a5-722e5da498da,good quality of products,5,2026-09-05 13:10:55,Other / Not Return-Related,"Defective, Damaged & Counterfeit Items",Other / Not Return-Related,Positive praise caught by keyword filter.,0.98,Positive praise caught by keyword filter.
3438b6e0-59af-450b-b62e-9ce22aa27cb0,best quality of products,5,2026-09-05 13:10:43,Other / Not Return-Related,"Defective, Damaged & Counterfeit Items",Other / Not Return-Related,Positive praise caught by keyword filter.,0.98,Positive praise caught by keyword filter.
fb4912b8-0426-44df-a028-b610e790131c,using myntra since few months and itvhas wonderful offers and coupons i love myntra and quality of products they provide is also superb.,5,2026-09-05 12:58:25,Other / Not Return-Related,"Defective, Damaged & Counterfeit Items",Other / Not Return-Related,Positive praise caught by keyword filter.,0.98,Positive praise caught by keyword filter.
3323d3b9-5a66-493c-84e6-c9bf8189392d,super app quality product iam very happy to purchase,5,2026-09-05 12:57:45,Other / Not Return-Related,"Defective, Damaged & Counterfeit Items",Other / Not Return-Related,Positive praise caught by keyword filter.,0.98,Positive praise caught by keyword filter.
e9f4f322-2bc7-48bb-a364-120ba792477e,"Extremely disappointing experience with Myntra. My prepaid cargo pant was supposed to arrive by 30 Aug, but the app falsely shows it as delivered on 28 Aug, while I received nothing. Customer support refused to investigate, citing an expired 5-day window. My money is with Myntra, but I have neither the product nor a refund. Absolutely pathetic service. 1 star only because 0 stars isn’t an option!",1,2026-09-05 12:43:31,Other / Not Return-Related,Refund Processing & Settlement Disputes,Refund Processing & Settlement Disputes,False delivery status for undelivered package.,0.95,False delivery status for undelivered package.
c7e9a054-7e70-42eb-80ee-44f4d7c2b9df,"This platform of very helpful ,and buy the product just given item was a quality product .",5,2026-09-05 12:28:53,Other / Not Return-Related,"Defective, Damaged & Counterfeit Items",Other / Not Return-Related,Positive praise caught by keyword filter.,0.98,Positive praise caught by keyword filter.
17e7e7d5-4ea1-4534-9774-820c729253a3,"good, nice, product quality is up to mark 🤟",5,2026-09-05 12:20:29,Other / Not Return-Related,"Defective, Damaged & Counterfeit Items",Other / Not Return-Related,Positive praise caught by keyword filter.,0.98,Positive praise caught by keyword filter.
4f8868b1-1ed9-404e-88f5-e64d2af384e1,best app to buy products with good quality and fast delivery without any delays,5,2026-09-05 12:13:10,Other / Not Return-Related,"Defective, Damaged & Counterfeit Items",Other / Not Return-Related,Unclassified non-return review.,0.95,Unclassified non-return review.
fb5a40bc-7639-4558-b0c7-ed2c2eac05a1,"love this app becoz,kabhi bhi koi product purchase kro , product quality bhot achi hoti h, packaging osm rhti h, delivery timing se phle aa jata h product,bhot trust h is app pr ,thnx myntra shopping easy banane k liye 😊",5,2026-09-05 12:04:58,Other / Not Return-Related,"Defective, Damaged & Counterfeit Items",Other / Not Return-Related,Positive praise caught by keyword filter.,0.98,Positive praise caught by keyword filter.
4df5f6c3-185b-44b9-8bdd-9acef349e04e,the clothes were just amazing at reasonable price and the delivery is even on time and another good thing is return pickup is also even fast,5,2026-09-05 11:57:52,Other / Not Return-Related,Return & Exchange Logistics & QC Friction,Other / Not Return-Related,Positive praise caught by keyword filter.,0.98,Positive praise caught by keyword filter.
e9e59b76-aeaf-4482-932d-156c88f454df,I have been using myntra for a long time but earlier it was good. Now a day's face many issues like my brother ordered a kurta of xl size it was tight for me so we replaced it with XXL but the newly received one was smaller than xl. I purchased a kurta set when I purchased with option for 7 days return and replace but after receiving it was of medium size but it was not fit. for that kurta there was no small size so I wanted to return. return option was not available later.,2,2026-09-05 11:20:12,Size & Fit Discrepancy,Size & Fit Discrepancy,Size & Fit Discrepancy,Customer received correct label but item failed to fit or size chart was inaccurate (Precedence 3 / Rule 1).,0.93,Customer received correct label but item failed to fit or size chart was inaccurate (Precedence 3 / Rule 1).
4b6afaa6-3760-4d8c-afb2-5b521b611ab7,"i ordered a pair of shoes, there was a slight problem with the size. I Exchange Asked for but exchange did not happen",1,2026-09-05 11:18:25,Size & Fit Discrepancy,Size & Fit Discrepancy,Size & Fit Discrepancy,Customer received correct label but item failed to fit or size chart was inaccurate (Precedence 3 / Rule 1).,0.93,Customer received correct label but item failed to fit or size chart was inaccurate (Precedence 3 / Rule 1).
d81a7888-5cb9-4ae6-b156-1111dc63a259,sizes are confusing and not same for every product.,5,2026-09-05 11:17:36,Size & Fit Discrepancy,Size & Fit Discrepancy,Size & Fit Discrepancy,5-star review explicitly complaining of confusing and inconsistent sizing across products.,0.9,5-star review explicitly complaining of confusing and inconsistent sizing across products.
61d3106e-f108-44e1-bfb9-4a1bcae9fdec,nice app it give original product with best quality and price 🤩,5,2026-09-05 11:12:07,Other / Not Return-Related,"Defective, Damaged & Counterfeit Items",Other / Not Return-Related,Positive praise caught by keyword filter.,0.98,Positive praise caught by keyword filter.
cc0d6744-b240-4da5-981b-a89fd9f4c01d,worst app... i returned a item and did nt got refund. and they won't even respond to our call. please refund my amount,1,2026-09-05 10:49:19,Refund Processing & Settlement Disputes,Refund Processing & Settlement Disputes,Refund Processing & Settlement Disputes,"Financial settlement dispute: delayed, uncredited, or deducted refund post-return/cancellation (Precedence 5 / Rule 5).",0.95,"Financial settlement dispute: delayed, uncredited, or deducted refund post-return/cancellation (Precedence 5 / Rule 5)."
91123ea0-8d04-4d5f-b048-82d889aa4c25,Best quality than other apps,5,2026-09-05 10:30:54,Other / Not Return-Related,"Defective, Damaged & Counterfeit Items",Other / Not Return-Related,Positive praise caught by keyword filter.,0.98,Positive praise caught by keyword filter.
f787f91c-f896-49b9-b6f5-3d5410f4a5a1,"I'm using myntra for a long time but recently I'm experienced very bad service from myntra after giving wrong product they didn't exchange or return it , pick up failed one after another because of wrong product but, it's only Myntra who deliver the wrong product now they are denied to accept it. So when I reached out their help center it always said their service giver were busy on another call I tried for a week but can't connect with the service giver. Totally a dishonest shopping aap.",1,2026-09-05 10:26:17,Incorrect / Wrong Item Delivered,Incorrect / Wrong Item Delivered,Incorrect / Wrong Item Delivered,"Fulfillment error: wrong product, style, color, or brand delivered (Precedence 1 / Rule 3).",0.96,"Fulfillment error: wrong product, style, color, or brand delivered (Precedence 1 / Rule 3)."
f16f1d78-6867-47fa-bc35-6018919cbb75,nice quality,5,2026-09-05 10:18:15,Other / Not Return-Related,"Defective, Damaged & Counterfeit Items",Other / Not Return-Related,Positive praise caught by keyword filter.,0.98,Positive praise caught by keyword filter.
86b542ba-b274-4f71-a4e8-d0ffd2472838,"Don't Buy anything From Here, Their Customer Support Is Worst, They Don't Return/Exchange Your Product, They Put it on hold And No One Will Respond when you connect with customer support, Very Bad Experience With Myntra",1,2026-09-05 10:02:45,Return & Exchange Logistics & QC Friction,Return & Exchange Logistics & QC Friction,Return & Exchange Logistics & QC Friction,General friction with return/exchange process.,0.85,General friction with return/exchange process.
a70c35c1-9bbb-4145-80ba-d30ffad24a19,An Excellent E-commerce platform which provides you a huge variety of products at a reasonable rates and hastle free return / exchange policy.,5,2026-09-05 09:58:38,Other / Not Return-Related,Return & Exchange Logistics & QC Friction,Other / Not Return-Related,Positive praise caught by keyword filter.,0.98,Positive praise caught by keyword filter.
3e7ee17d-a36c-451c-b36e-bfb827bb1776,The customer service is trash. They marked my refund as successfully Transferred. I raised an issue against this. They marked it resolved without even taking time to resolve it!!!,1,2026-09-05 09:56:31,Refund Processing & Settlement Disputes,Refund Processing & Settlement Disputes,Refund Processing & Settlement Disputes,"Financial settlement dispute: delayed, uncredited, or deducted refund post-return/cancellation (Precedence 5 / Rule 5).",0.95,"Financial settlement dispute: delayed, uncredited, or deducted refund post-return/cancellation (Precedence 5 / Rule 5)."
dc18750c-b61a-4f94-ad09-cd0f15c8d093,"very bad experience the.Myntra claims to have an 'easy return policy,' but they just keep delaying the time. They are sending completely wrong items instead of what was ordered!""",1,2026-09-05 09:56:02,Return & Exchange Logistics & QC Friction,Incorrect / Wrong Item Delivered,Incorrect / Wrong Item Delivered,General friction with return/exchange process.,0.85,General friction with return/exchange process.
1ee4f99f-6eb5-4ff2-ae59-324675eee8a5,Worst app ever. They say they'll refund your amount in myncash and never refund it back to your account. and if we call customer care they'll say cash has expired. 3 times the same thing happened with me. I lost 74rs today. totally the worst experience.,1,2026-09-05 09:27:35,Refund Processing & Settlement Disputes,Refund Processing & Settlement Disputes,Refund Processing & Settlement Disputes,"Financial settlement dispute: delayed, uncredited, or deducted refund post-return/cancellation (Precedence 5 / Rule 5).",0.95,"Financial settlement dispute: delayed, uncredited, or deducted refund post-return/cancellation (Precedence 5 / Rule 5)."
a14438a8-d78b-4b20-8679-4b7e7d2311cb,good service and QUALITY PRODUCT😍,5,2026-09-05 09:17:26,Other / Not Return-Related,"Defective, Damaged & Counterfeit Items",Other / Not Return-Related,Positive praise caught by keyword filter.,0.98,Positive praise caught by keyword filter.
8ff71902-93b7-44f5-91b2-abfe49cad54a,Fraudulent activity by sending wrong items to earn the Platform fee. In lats 15 days 3 wrong items were delivered to me.. 1. Ordered a light blue jeans got a dark colored one so returned it 2. One product was delivered without any sticker or tag and was very cheap 3. A 32 size jeans is delivered fir an order of 36 size.. just wow 4. once the order comes then the size/color exchange option is disabled saying this is not available at your pincode/location Thank you very much Team Myntra ..,1,2026-09-05 08:17:44,Refund Processing & Settlement Disputes,Size & Fit Discrepancy,Incorrect / Wrong Item Delivered,"Financial settlement dispute: delayed, uncredited, or deducted refund post-return/cancellation (Precedence 5 / Rule 5).",0.95,"Financial settlement dispute: delayed, uncredited, or deducted refund post-return/cancellation (Precedence 5 / Rule 5)."
9b56deeb-2c5a-4653-948c-fa805cf0eb8b,"★ 1/5 — Worst customer service experience. I cancelled my order and am still waiting for my ₹1,808 refund. Customer support told me it would be credited by 4 September, but I still have not received it. Support now claims the amount was already credited, but they have not provided me with a valid refund transaction/reference ID or clearly explained where the money was credited. I have contacted customer support multiple times, but I am not getting a clear resolution. Very disappointing experie",1,2026-09-05 01:17:54,Refund Processing & Settlement Disputes,Refund Processing & Settlement Disputes,Refund Processing & Settlement Disputes,"Financial settlement dispute: delayed, uncredited, or deducted refund post-return/cancellation (Precedence 5 / Rule 5).",0.95,"Financial settlement dispute: delayed, uncredited, or deducted refund post-return/cancellation (Precedence 5 / Rule 5)."
9846ef4e-55c4-40f0-b9fd-1634b1dcebab,First time I ordered something from myntra and my experience was bad. Myntra is bad at coordination. I wanted to return the item and they said a delivery man will come to pick up at 1st sem but took 5 days instead! I was in constant worry this item will be returned or not. Myntra is very bad at coordination and I'm uninstalling this stupid app.,2,2026-09-05 00:23:35,Return & Exchange Logistics & QC Friction,Return & Exchange Logistics & QC Friction,Return & Exchange Logistics & QC Friction,"Operational reverse logistics failure: pickup no-show, unserviceable pincode, or rejection (Precedence 4 / Rule 4).",0.92,"Operational reverse logistics failure: pickup no-show, unserviceable pincode, or rejection (Precedence 4 / Rule 4)."
